:020000040000FA
:1000000090250020611E00007B7E0000351E000050
:10001000351E0000351E0000351E0000351E000094
:100020000000000000000000000000003118000087
:10003000351E000000000000D9170000D52A00007E
:10004000B1180000B1180000B1180000B11800008C
:10005000B1180000B1180000B1180000B11800007C
:10006000B1180000B1180000B1180000B11800006C
:10007000B1180000B1180000B1180000B11800005C
:10008000B1180000B1180000B1180000B11800004C
:10009000B1180000B1180000B1180000B11800003C
:1000A000B1180000B1180000B1180000B11800002C
:1000B000B1180000B1180000B1180000B11800001C
:1000C000B1180000B1180000B1180000B11800000C
:1000D000B1180000B1180000B1180000B1180000FC
:1000E000B1180000B1180000B1180000B1180000EC
:1000F000B1180000B1180000B1180000B1180000DC
:10010000B1180000B1180000B1180000B1180000CB
:10011000B1180000B1180000B1180000B1180000BB
:10012000B1180000B1180000B1180000B1180000AB
:10013000B1180000B1180000B1180000B11800009B
:10014000B1180000000000000000000000000000E6
:10015000000000000000000000000000000000009F
:10016000000000000000000000000000000000008F
:10017000000000000000000000000000000000007F
:10018000000000000000000000000000000000006F
:10019000000000000000000000000000000000005F
:1001A000000000000000000000000000000000004F
:1001B000000000000000000000000000000000003F
:1001C000000000000000000000000000000000002F
:1001D000000000000000000000000000000000001F
:1001E000000000000000000000000000000000000F
:1001F00000000000000000000000000000000000FF
:10020000DEE61E284CBBCE8F025B00003C000000E7
:1002100000000100010000000000000000000000DC
:10022000FFFF02910000000000000000000000003D
:1002300000000000000000000000000053B94AB9AF
:10024000002908BF00281CBF4FF0FF314FF0FF30DE
:1002500000F070B9ADF1080C6DE904CE00F006F8BD
:10026000DDF804E0DDE9022304B070472DE9F04732
:10027000089E0D4604468A46002B7FD18A421746C7
:1002800041D9B2FA82F24AB1C2F1200105FA02F371
:100290009740944020FA01F141EA030A4FEA1748D7
:1002A0004FEA144C1FFA87F9BAFBF8FE08FB1EA3AD
:1002B0000EFB09F14CEA0343994206D9FB1802D21E
:1002C000994200F224810EF1FF3E591AA3B2B1FB0C
:1002D000F8F008FB101100FB09F943EA0144A145BD
:1002E00005D93C1902D2A14500F20E810138A4EBD8
:1002F000090440EA0E4000211EB1D4400023C6E9A3
:100300000043BDE8F08702B9FFDEB2FA82F2002AAC
:100310004FD1CB1B4FEA174E1FFA87F80121250C4E
:10032000B3FBFEFC0EFB1C302B4608FB0CF945EA28
:100330000045A9450AD97D192CBF01230023A945F1
:1003400002D9002B00F0D9800CF1FF3CA5EB090588
:10035000A3B2B5FBFEF00EFB105508FB00F843EA14
:100360000544A04505D93C1902D2A04500F2C98038
:100370000138A4EB080440EA0C40BDE78B4208D9E1
:10038000002E00F0B1800021C6E900050846BDE856
:10039000F087B3FA83F1002946D1AB42C0F0A780C1
:1003A000824240F2A4800846002EAAD0C6E9004A44
:1003B000A7E7C2F12000974001FA02F34FEA174E77
:1003C000C14024FA00F51FFA87F894401D43B1FBA1
:1003D000FEF02B0C0EFB101100FB08FC43EA01435E
:1003E0009C4509D9FB182CBF012100219C4502D94D
:1003F000002900F095800138A3EB0C03ADB2B3FBEC
:10040000FEF10EFB113301FB08FC45EA0345AC4548
:1004100005D97D1902D2AC4500F289800139A5EBDE
:100420000C0341EA00417AE7C1F120048B4002FA53
:1004300001F705FA01FCE24020FA04F8E54000FA71
:1004400001FE134348EA0C024FEA13484FEA124CEC
:100450001FFA83F9B5FBF8FA08FB1A550AFB09F0F5
:100460004CEA054C60450AD913EB0C0C2CBF012556
:100470000025604501D9002D55D00AF1FF3AACEBBB
:10048000000C92B2BCFBF8F008FB10CC00FB09F9A1
:1004900042EA0C4CE14505D913EB0C0C01D2E145C5
:1004A0003BD8013840EA0A40ACEB090CA0FB0789B5
:1004B000CC4545464A4602D306D1C64504D201384A
:1004C000B8EB070569EB03022EB3BEEB05036CEB3B
:1004D000020C23FA01F20CFA04F42CFA01F30021C5
:1004E0001443C6E900430CE73146304609E7841A55
:1004F00065EB030301209A4656E7ACF1020C3D443C
:1005000024E702383C4434E702383C44EFE6AEF1DD
:10051000020E3B44D9E63146F3E602389C44C1E77B
:1005200002383B4468E7AAF1020A9C44A7E7023973
:100530003D4474E7704700BF2DE9E04F2746A046D1
:10054000A146A246A346A446A2B02DEC000A84F31D
:10055000008825462646A4473DEC000A22B0BDE8A7
:10056000E08F00000B6801330B60014B1B681847DC
:1005700000000020014B1860704700BF0000002001
:1005800007B50B46002102460191034801A900F07E
:1005900005F803B05DF804FB650500002DE9F04F98
:1005A0008B4692461C46002591B002909AF80000B6
:1005B00008B928465EE325280AF1010707D0594605
:1005C000029B98470028C0F25583013510E218229B
:1005D00000210AA807F0ACFC9AF80130252B78D04E
:1005E00000229446164696461046394617F8013BB7
:1005F0002B2B00F09D8000F29480202B00F09B803C
:10060000232B00F09A8028B19DF8300040F00400C0
:100610008DF83000BEF1000F05D09DF8300040F09D
:1006200008008DF830002EB19DF8300040F0100029
:100630008DF83000BCF1000F05D09DF8300040F07F
:1006400020008DF830002AB19DF8302042F04002A1
:100650008DF830209DF8302002F04400442803D16A
:100660006FF386128DF830209DF830202A2B42F04F
:1006700080028DF830207BD19DF831204B1C42F058
:1006800001028DF831201A782E2A0CBF0121002199
:100690009DF8312061F341028DF8312074D15A78F0
:1006A0002A2A6AD000210A260133184610F8012BA5
:1006B000A2F13007092F40F28E809DF830200E9174
:1006C000C2F3400040EAD17161F341028DF830205D
:1006D0005AE00AF102078DF833309DF83130D9071E
:1006E00040F1498154F8049BB9F1000F07DA9DF8F5
:1006F0003020C9F1000942F004028DF830205A0779
:1007000040F1428154F8048BB8F1000F80F241812E
:100710009DF831306FF341038DF831304FF0FF38E1
:1007200037E12D2B0CD0302B7FF46DAF01225CE72D
:100730004FF0010E59E7012657E74FF0010C54E73F
:10074000012052E733460CFB0202303A1E4616F8EF
:10075000010BA0F13007092FF4D9994293D09DF8ED
:1007600030100D92D20F62F341018DF830108AE7FC
:100770000B4600224FF00A0CE8E79DF831200233C7
:1007800042F004028DF831201F4617F8012B6C2A25
:1007900041D025D8682A2BD06A2A46D04C2A4CD082
:1007A0001F4617F8012B9DF83130782A8DF8332039
:1007B00000F2D980572A4DD8412A03D0453A022A5F
:1007C00000F2D18004229DF8323062F302038DF8EA
:1007D000323001239EE006FB01210346303964E7F5
:1007E000742A26D07A2ADBD106229DF831300DE01A
:1007F0005A78682A9DF8312006D1012161F3C6029A
:100800008DF831209F1CCCE71346022262F3C60309
:100810008DF83130C5E75A786C2A9DF8312001D126
:100820000421EBE713460322F0E705229DF831305F
:10083000ECE707229DF83130E8E7BDF8303023F4CB
:10084000F04323F0020343F4804343F00203ADF886
:100850003030A6E7A2F15801202900F2848001A0DF
:1008600050F821F02909000067090000670900001D
:1008700067090000670900006709000067090000B8
:100880006709000067090000C5070000670900004C
:1008900029090000E9080000C5070000C50700009D
:1008A000C507000067090000E908000067090000AB
:1008B00067090000670900006709000031090000AE
:1008C000290900004D0900006709000067090000C0
:1008D0004D090000670900002909000067090000B0
:1008E000670900002909000001209DF8321003F07B
:1008F000780360F30201402B8DF8321002BF9DF89F
:10090000301041F001018DF83010632A31D1003BE5
:1009100018BF01239DF83020C2F340010B4363F35D
:1009200041028DF83020D8E602209DF83210DEE733
:1009300003219DF8322003F07803A3F1400061F316
:10094000020243428DF832204341E3E703219DF840
:10095000322013F0780F61F3020214BF0123002349
:100960008DF83220D6E79DF8303043F001038DF842
:1009700030300023CEE79DF93020002AACBF4FF085
:10098000FF39DDF83490BAE69B077FF5C7AEDDF896
:1009900038800023CDE90D339DF832309DF83120A9
:1009A00003F00703012BC2F3C30236D1D31E042B7D
:1009B00020D8DFE803F00307071F1F0054F8040BDB
:1009C000C11704E0073424F00704F4E80201CDE97C
:1009D0000A019DF8303013F0030654D03B465246CE
:1009E0005946029807F0D3F90028C0F24381054424
:1009F000BA46DBE554F8040B012A4FEAE071CDE971
:100A00000A0105D19DF828300A9300230B93E0E7F3
:100A1000022ADED1BDF92800D2E7022B23D1D31E52
:100A2000042B13D8DFE803F0030A0A121200002196
:100A30002068231D0A900B911C46CAE7073424F056
:100A40000703F3E80201CDE90A01F5E754F8043B96
:100A5000012A0A934FF000030B93D3D0022AB8D196
:100A6000BDF82830D0E7042B07D1073424F0070461
:100A7000F4E80201CDE90A01ABE7032B04BF54F807
:100A8000043B0A93A5E79DF833007828B0D8622884
:100A900022D825283FF493AD5828A9D1DDE90A01D1
:100AA0000DF1260300930CAA04AB07F025F982464A
:100AB000B8F1000F0DF126000CDB9DF83020A0EB03
:100AC0000A036FF3861298458DF8302002D9A8EBFF
:100AD00003030D9380463DE06338152888D801A1B3
:100AE00051F820F0650B0000C90B0000F10900006F
:100AF000F1090000F1090000F1090000C90B000034
:100B0000F1090000F1090000F1090000F1090000FD
:100B1000270C0000F50B0000F90B0000F1090000A4
:100B2000F10900003D0B0000F1090000F50B000089
:100B3000F1090000F1090000F50B0000B8F1000F09
:100B4000DDF828A00ADB4146504607F0B6F900263A
:100B50000AEB0008BAF1000F0CD149E7504607F044
:100B6000A5F9F4E700260A9B0DF111088DF8103065
:100B70000DF1100AA8EB0A0306B101339DF83220EB
:100B8000D0066BD5023352060D9948BF0E9A0B441E
:100B900048BF9B18B9F1000F79DD9DF83020A9EB13
:100BA0000309C2F380030393530770D4500664D53E
:100BB00046B159463046029B984700285ADB039BB2
:100BC00001351E46302359E01E0711D413F01006DC
:100BD00018BF2026DDE90A23002A73F10001BFF6C1
:100BE0005DAF524263EB43032D26CDE90A2355E75F
:100BF0002B26EFE7002651E70A9848B30DF12603AC
:100C00000093002104AB0CAA07F076F8BDF832304F
:100C1000824603F0EF0343F4F04343F01003002651
:100C2000ADF8323044E70A9B072A3FF6E1AEDFE831
:100C300002F00D04060D08080D0D1D70D8E61D808C
:100C4000D6E62846E917C3E90001D1E61D60CFE6E4
:100C5000DFF8C4800646A8F1050A8BE7110748BFF4
:100C6000013390E7184603935946029B98470028A2
:100C7000039B04DA11B0BDE8F08F20234D444A46AF
:100C8000002AA5EB090109F1FF39EBDC0D4636B16D
:100C900059463046029B98470028EBDB01359DF80A
:100CA0003230D90601D41A0706D559463020029BA6
:100CB00098470028DEDB01359DF83230DB0607D58A
:100CC00059469DF83300029B98470028D2DB013536
:100CD0000D9E2E44731B002B16DC4346524659468C
:100CE000029807F054F80028C4DB0544A944A9EB96
:100CF0000503002B7FF77CAE59462020029B9847C6
:100D00000028B7DB0135F2E759463020029B9847AF
:100D10000028AFDB0135DDE7FD890000044608B59A
:100D20004FF02002EFF3118382F31288BFF36F8F2D
:100D300001F0C2FF204601F0C3F8034806F0B2FFFD
:100D400000F090FCFCE700BFFE8900004FF020029D
:100D5000EFF3118382F31288BFF36F8F0121044AEE
:100D6000C2F8401583F31188BFF36F8F00207047DE
:100D70000090035020B1034B800143F0010318475A
:100D8000704700BF5086000084B004AB03E9070041
:100D90009DF80430062B07D10122044BC3F800252F
:100DA000BFF34F8F20BFFDE704B0704700400050F5
:100DB0002DE9F84305464FF02003EFF3118683F346
:100DC0001288BFF36F8F1E4802F008FD40B91D491D
:100DD0001D48812206F066FF81211A4806F0EDFFCA
:100DE000174802F017FD194B1C68002C38BF00246F
:100DF0009CB14FF00C09164FDFF85880D4E901324E
:100E0000002D08BF13462BB198F8142009FB02F2FD
:100E1000B85C98472468002CF0D1094802F0ECFC3B
:100E200040B908490848AC2206F03CFFAC2105480F
:100E300006F0C3FF86F31188BFF36F8FBDE8F88318
:100E4000200200202B8A0000518A0000240200208A
:100E500030020020AC090020012200F01F039A405C
:100E6000084B400903EB8000D0E8EF3F43EA020162
:100E7000C0E8EC1FBCF1000FF6D11A4214BF0120EC
:100E8000002070473C020020012230B51A4B85B08B
:100E90001D7D05F01F039A40D043184B690903EBF1
:100EA0008103D3E8EF1F01EA0004C3E8EC4FBCF173
:100EB000000FF6D1114217D00C22114C01AB02FBEE
:100EC000054207CA83E807000E4A7AB193E8070093
:100ED00006F07BFF0020FFF76BFF0C2300226B4323
:100EE000E118E250C1E9012205B030BD82F311885A
:100EF000BFF36F8FEEE700BFAC0900202C0200208B
:100F000030020020CB7D00002DE9F041334B074635
:100F10001C7D88B02046FFF79FFFDFF8D88060B9BE
:100F20000C256E4605FB04853A462146304606F000
:100F300064FF96E8070085E807000C23634318F870
:100F4000030008EB0302650904F01F06A8B37B1C2D
:100F50000FD04FF4004C0021D2F808E020480023C5
:100F6000ECFB0E011F4AFFF769F90121381A03F063
:100F700085FF02F033FF0120FFF71AFF01221A4B11
:100F8000B24003EB8503D3E8EF1F1143C3E8E01F32
:100F90000028F8D10C2303FB048405AB94E8070078
:100FA00083E80700114A1AB193E80700FFF7ECFE47
:100FB000FFF76AFF03F048FB01200123B340DB4346
:100FC0000B4A02EB8505D5E8EF2F1A40C5E8E12F63
:100FD0000029F8D108B0BDE8F08100BFAC090020BD
:100FE0003F420F0040420F002C020020890D0000FC
:100FF0003C0200203002002000280DDB01224309C2
:1010000000F01F0002FA00F0044A203342F82300E7
:10101000BFF34F8FBFF36F8F704700BF00E100E059
:10102000F7B500281C4614BF4FF400534FF400439B
:101030008A420BD294222749274806F033FE942196
:10104000244803B0BDE8F04006F0B7BE40D00D46DE
:10105000224E002839D005F5E0770135AA4246F83E
:101060002740F6D802FB03F0013A4B4300901C489E
:1010700006F018FE1B4B14F0100F1B491B4808BF4D
:10108000194606F00FFE14F0040F14BF72212D2133
:10109000174806F007FE14F0020F14BF77212D2128
:1010A000134806F0FFFD14F0010F0CBF2D2178212D
:1010B0000F4806F0F7FD6C210D4806F0F3FD0D48D2
:1010C00003B0BDE8F04006F0EDBD05F5C077C4E71C
:1010D00003B0F0BD818A0000518A0000003000504A
:1010E000A28A0000758A00006C8A0000538C000000
:1010F000BC8A0000EC96000030B54FF4803485B017
:101100004FF480312548264D06F0CCFD2168254856
:1011100006F0C8FD2968244806F0C4FD102200210D
:10112000684606F005FF236868460093029400F0C5
:1011300021FF012000F050FF002000F039FF0020C7
:1011400000F05EFF0121002000F078FF00F06CFF4E
:1011500016482C6806F0A6FD0820FFF74DFF144A3C
:1011600024F00104D2F82038002B07DA03F003033F
:10117000023B012B9CBF0F4BC2F8203801210820F5
:1011800006F04CFEBFF34F8FBFF36F8F640864000F
:101190002046214622462346FFF7CEF9BF8A0000AB
:1011A00004000100D68A0000EB8A0000098B0000D1
:1011B00000300050000100802DE9F843604806F03F
:1011C00071FD002140F2171308460222FFF728FFA5
:1011D0005C4D40F20713202202210020FFF720FF80
:1011E000594806F05FFDC5F30E04584BC4F50044A2
:1011F0009C4208D256495748822206F053FD82216C
:10120000534806F0DAFDB4FA84F4534EC4F11B04DB
:10121000D6F80025E4B2D205C5F3C4350AD54F4946
:101220004C484FF4BD7206F03DFD4FF4BD714B4884
:1012300006F0C3FDD6F80435DB050AD54749454815
:1012400040F27B1206F02EFD40F27B11434806F07F
:10125000B4FD414B4248C3F80055C3F80445D3F8E8
:101260000015D3F80425520106F01CFD364806F09F
:1012700019FD00F08BF8014610B13A4806F012FD56
:101280000024394806F00EFD40F217130422002115
:101290000120FFF7C5FE304D40F207132022042144
:1012A0000120FFF7BDFE284806F0FCFCC5F880448D
:1012B0002E4806F0F7FC2E4EC5F8C0442D4F2E4D9B
:1012C000DFF8C48095F805902146B9F1000F14BFEE
:1012D00033463B4640462A6806F0E4FCB9F1000F6D
:1012E0000CD12648013406F0DDFC202C05F1080560
:1012F000E8D11548BDE8F84306F0D4BC95F8049051
:1013000095F90400FFF778FE4FEA890303F1A04343
:1013100003F54053B9F1310FD3F8002806D0002A65
:1013200007DA02F00302023A012A02D8144AC3F88B
:1013300000280121484606F071FD1248D2E700BF9F
:101340003F8B0000E0FF0000EC9600002000000052
:10135000818A0000518A000000300050638B000039
:10136000958B0000DB8B00000B8C00002D8C0000A7
:10137000348B0000798A000058860000568C0000EB
:10138000000100805D8C0000498C000000220248B2
:10139000114603F007BF00BF4002002070B50C46A5
:1013A0001546064650B96FF01500BDE8704071460D
:1013B00072467346F4468EF3008C7447002AF2D0CE
:1013C00006F06FFD0128EED00B4B9C420AD92A197A
:1013D0002D339A4209D82A462146304606F09DFD13
:1013E0000020E2E7054B9C4203D9054B2A199A429B
:1013F000F1D94FF0FF30D8E7FF01FF002F01FF00C8
:101400003801FF0070B506460D46144606F049FD4A
:1014100001280DD0204606F044FD012808D02346BF
:101420002A463146084803F0F1FE2368AB4201D05A
:101430006FF01500BDE87040714672467346F44681
:101440008EF3008C744700BF400200202DE9F04F5E
:1014500081460D4685B081B306F023FD01282CD1CD
:10146000284606F01EFD012827D04FF00008DFF8BF
:101470005CB0DFF85CA001AF5BF8046B9AE8070092
:101480004E4487E807000C223946304606F01EFD20
:10149000044600B9A6B908F10108B8F1050FEBD16F
:1014A0006FF00D04204605B0BDE8F04F714672465E
:1014B0007346F4468EF3008C74476FF01504F1E721
:1014C0003C223146284606F028FDEBE7588700000D
:1014D00020860000014803F05DBE00BF6C8700005D
:1014E00008B5B0B14368042B0DD100220368D3E8DE
:1014F000EF1F012903D1C3E8E02F0028F7D10748E7
:1015000008BF104608BD3BB1006802F08BFA00200E
:10151000F8E76FF4E040F5E70148F3E7E98FFFFFF4
:10152000EA8FFFFF10B5044618B90D4B0D485B68F4
:101530009847616808290DD031F004030AD011F0F2
:10154000020108D02146084802F022F80023236057
:101550000023636010BD1422206806F0E9FCF7E761
:1015600048000020928D0000FC03002010B50446C6
:1015700018B9164B16485B6898476368042B23D04C
:10158000082B21D0CBB92368BBB94FF0FF324FF005
:10159000FF3321460F4801F0A1FF08B923681BB9AA
:1015A0000A4B0D485B68984714220021206806F01A
:1015B000BFFC636843F002036360206806F082FEAC
:1015C000636843F00103636010BD00BF4800002062
:1015D000928D0000FC030020B88D000008B5E8B132
:1015E0004368042B0CD101220368D3E8EF1F0029C4
:1015F00003D1C3E8E02F0028F7D10BD1002008BDAC
:1016000053B100684FF0FF324FF0FF3302F032F970
:101610000028F3D00348F2E70348F0E76FF4E04016
:10162000EDE700BFE98FFFFFEA8FFFFF08B506492E
:1016300040231422054806F01AFEBDE8084004497C
:10164000044803F05BBE00BF1C040020FC03002024
:101650008487000074870000014910220A607047E7
:1016600010ED00E072B6404080F31188BFF36F8F39
:10167000BFF34F8F30BF62B6BFF36F8F704700BFAD
:1016800037B505460C46C9B18B6810480093D1E9BF
:101690000023452106F0A4FB636945210093D4E9AA
:1016A00003230B4806F09CFB4521E269094806F03C
:1016B00097FB4521A269084806F092FB214628467F
:1016C00003B0BDE8304001F0AFBD00BFE58D0000C4
:1016D000198E00004D8E0000618E000043B2002B79
:1016E00008DB012200F01F0002FA00F0024A5B0949
:1016F00042F82300704700BF00E100E0054B4209BB
:1017000053F82220012300F01F0003FA00F01040DC
:10171000704700BF00E100E038B54C1C072C0546BF
:1017200008D90D490D48592206F0BCFA59210A483A
:1017300006F043FB6BB2002BACBF03F16043084BD8
:101740004FEA4414E4B2ABBF03F5614305F00F0563
:1017500083F800435C5538BD948E0000518A000028
:1017600014ED00E030BFFFF7FDBF00BF0B4A08B526
:101770000B4B22F07F029A60BFF34F8FBFF36F8F46
:10178000D3F8882022F47002C3F8882001F0ECFD21
:1017900003F0DEF900F058FB01F0F0FD000000005E
:1017A00000ED00E0094A0A4993680968586799679B
:1017B00008494B6843F080534B60002383F3118842
:1017C000BFF36F8F9368986F704700BFAC0900201C
:1017D0005888000000ED00E013498A684FF030009F
:1017E0001044EFF3098C80E8F01F202080F312886A
:1017F000BFF36F8F0D4F4FF00066CA698A603E607D
:10180000506F0023536780F3118802F1300090E895
:10181000F01F8CF3098802F1000004B506F034FBD8
:10182000BDE8044070470000AC09002004ED00E072
:101830001EF0040F0CBFEFF30880EFF309808169FD
:1018400011F8021C0229FFD001B506F0DFFA01BD34
:1018500042F8203C009B0B4942F81C3C019B21F0C4
:10186000010142F8183C029B42F8081C42F8143C63
:101870004FF0807342F8043C0023203A026543672E
:10188000704700BFE57C0000084B9860436E83F30F
:101890000B88104681F30988002163B681F3118813
:1018A000BFF36F8F0022002306F01CFAAC09002062
:1018B00001B572B60B4A906900281EBF00219161E4
:1018C00006F0F9FC62B6EFF30580A0F110004FEAD4
:1018D000C0000549014409C99847BDE801400349D2
:1018E00008470000AC090020C8830000F118000080
:1018F000044B9968D869884203D003494FF080525D
:101900000A607047AC09002004ED00E070B52B4C74
:1019100006460D462A48452106F062FAA26AD0061C
:1019200003D54521274806F05BFAA36A190703D5BA
:101930004521254806F054FA204CA36A9A0710D591
:101940004521224806F04CFA626BA36A1B0608D5B3
:1019500045211F4806F044FA1EB1A36A23F0800314
:10196000A362164CA26AD60703D54521194806F092
:1019700037FAA36A980603D54521174806F030FACE
:101980000E4B9A6AD10602D49A6A92070DD59B6AC9
:10199000DB060AD51149124840F24F1206F082F9CF
:1019A00040F24F110D4806F008FA0020034A936AEE
:1019B00043F0FF039362287070BD00BF00ED00E0AC
:1019C000CA8E0000E58E00001D8F0000358F0000DC
:1019D000528F00006D8F0000918F0000C58F0000B6
:1019E000518A000070B5234C06460D462248452119
:1019F00006F0F6F9A26AD10403D545211F4806F086
:101A0000EFF9A36A1A0503D545211D4806F0E8F948
:101A1000184CA36A9B0510D51A48452106F0E0F939
:101A2000A26BA36A180408D54521174806F0D8F917
:101A30001EB1A36A23F40043A3620E4CA36A5905A6
:101A400003D54521114806F0CBF9A36ADA050BD579
:101A500045210F4806F0C4F90020064A936A43F472
:101A60007F439362287070BDA36A9B04F4D545211F
:101A70000848EFE700ED00E0FF8F00001A9000003B
:101A80001D8F0000309000004E9000006890000014
:101A900088900000918F000038B5214C45212148E5
:101AA00006F09EF9A26A950103D545211E4806F06D
:101AB00097F9A36ADC0103D545211C4806F090F98B
:101AC000174DAC6A14F4801404D04521184806F070
:101AD00087F90224AB6A180303D54521154806F09F
:101AE0007FF90F4DAA6A510303D54521124806F02C
:101AF00077F9AB6A9A0303D54521104806F070F9CF
:101B0000074DAB6ADB0303D545210D4806F068F9A4
:101B1000AB6A20466FEA03436FEA1343AB6238BDFA
:101B200000ED00E0A5900000C2900000DA900000F7
:101B3000F9900000289100004B9100007591000081
:101B40009491000010B51E4C1E48452106F048F93E
:101B5000A2696369580603D545211B4806F040F980
:101B60006369D90708D54521184806F039F9636932
:101B700043F0FF03636110BD63699A0702D54521F5
:101B80001348F2E763695B0702D545211148ECE78A
:101B90006369180702D545210F48E6E76369D9064E
:101BA00002D545210D48E0E763699A0602D5452133
:101BB0000B48DAE763691B06D9D545210948D4E704
:101BC000D0ED00E0C4910000E2910000F791000028
:101BD00012920000359200005592000077920000AA
:101BE00091920000B09200002DE9F0417A4B0D4631
:101BF0005C6800268AB0C4F3080786F31188BFF337
:101C00006F8F02F07F43B3F17F4F1ED112F00103BB
:101C10003AD012F0400302F0080840F0D680520794
:101C200054BF05461E462A686C4B58BF0126134414
:101C3000012B98BF2A6C4521694806F0D1F8B8F10C
:101C4000000F1ED0EFF389855DB940F2F23265498D
:101C5000654806F027F840F2F231624806F0ADF828
:101C600000250023FA1E98468DF807301346092BED
:101C700000F29980DFE803F00A888C6A90979797C2
:101C80009794EFF38885DFE71E46DEE74521574846
:101C900006F0A6F8504B8DF80780DC6A14F00204B9
:101CA00004D04521524806F09BF877E0DA6A002A12
:101CB0001DDA45214F4806F093F89DF807309BB98F
:101CC0002022294602A806F028F9099B002E77D089
:101CD000C3F3080222B96FEA53236FEA432309933F
:101CE000204602A9FFF7CCFC0AB0BDE8F081DB6A10
:101CF0005B0040D54521404806F072F8AB6933F8E7
:101D0000022C4DF602739A420CD003F1604303F6A5
:101D100026631B786BB101200DF10701FFF7F6FD7B
:101D20000446CAE745212A68344806F059F82C6869
:101D3000C3E7334B1B782BB101200DF10701FFF7EF
:101D400051FEEDE72F4B1B889BB213B1FFF7A4FEAA
:101D5000E6E72D4B5B6913B1FFF7F4FEADE72149D0
:101D600040F2C322204805F09DFF40F2C3211D48E8
:101D700006F023F8A1E71B4940F2C7221A4805F0F4
:101D800091FF40F2C721F2E700200DF10701C5E7FE
:101D900000200DF10701D2E7FFF7D4FE00248CE705
:101DA00045211A487FE71A4914F4F87F194A1A485E
:101DB00008BF0A46A7F11003452106F011F8EDE728
:101DC00023F4FF7323F0010389E7B8F1000F7FF4D8
:101DD0003BAF0546012637E700ED00E0A6ED050123
:101DE000F6920000C58F0000518A00001A9300008F
:101DF000369300005C9300006F9300009393000003
:101E000029ED00E02AED00E0D0ED00E0B493000001
:101E1000C8920000DD920000DD930000044B5A6977
:101E200042F010025A615A6942F480625A61704766
:101E300000ED00E0EFF30880EFF3098101B5724691
:101E4000FFF7D2FE01BD00BF002320210348C218C6
:101E50000133412B82F80013F9D1704700E100E013
:101E6000002080F31488BFF36F8F002080F30A886E
:101E700080F30B8806F056FA00200E490860BFF385
:101E80004F8F0D4880F3088800F03CF8202080F345
:101E900011880A484FF40061401880F30988EFF375
:101EA00014800221084380F31488BFF36F8FFFF77B
:101EB0005DFC000094ED00E090250020D02600207D
:101EC000BFF34F8F0549064BCA6802F4E062134323
:101ED000CB60BFF34F8F00BFFDE700BF00ED00E018
:101EE0000400FA0500231846054A1168C1F30721CA
:101EF0008B4200D17047936010610133F8E700BF57
:101F000090ED00E010B572B6002484F31388FFF75B
:101F1000E9FF0E4A234611464FF0FF3403F120003B
:101F20000133102B42F82040F8D100234FF0FF304E
:101F300003F160020133102B41F82200F8D162B6A0
:101F4000BFF34F8FBFF36F8F10BD00BF00E100E004
:101F5000064B9B68834207D1EFF3058323B1044A04
:101F6000536843F08053536002F05EBDAC0900201B
:101F700000ED00E082680D4B9A60036883F3888867
:101F8000436883F38988027B02F00101EFF39483B5
:101F900023F00303920748BF43F0020309B143F063
:101FA000010383F39488BFF36F8F704700ED02E065
:101FB000084AD36848B123F400531B041B0C43F0B8
:101FC000BF6343F40033D36070479BB243F40053C4
:101FD000F5E700BF00ED00E0084AD36840B19BB2CE
:101FE00043F4804343F0BF6343F40033D36070474E
:101FF00023F480431B041B0CF4E700BF00ED00E05A
:10200000084AD36840B19BB243F0080343F0BF6372
:1020100043F40033D360704723F008031B041B0C08
:10202000F4E700BF00ED00E0034AD2F88C3043F43F
:102030004063C2F88C30704700ED00E0084B1A682E
:1020400018B142F001021A60704722F001021A60D2
:102050001A6811B142F00202F5E722F00202F2E73B
:10206000D0ED00E01FB5094C094A2346012109487B
:1020700000F01AF900230393074B0121E41A01A889
:102080000193029400F02CF904B010BD00800020F0
:1020900000000020988700001801002010B50B6890
:1020A0000C7A23F01F0204F01F031A43CB68640963
:1020B00023F01F03044943EA440343F0010388600B
:1020C000CA600B6110BD00BF90ED00E030B54B68F9
:1020D0000C6885B00A898D7A0094013B24F01F04B6
:1020E000234402F01F0242EA451223F01F030F2887
:1020F00004468DF80820039309D902464521064875
:1021000005F06EFE6FF01504204605B030BD69463F
:10211000FFF7C4FFF8E700BFF99300002DE9F04F87
:102120008946144606464FF00008524D85B0C84512
:1021300023DA7768002F42D01F2F17D9FB0615D15D
:10214000D6F800A01AF01F0F10D1504605F0A0FEDF
:10215000834607EB0A00013805F09AFE834510D04C
:102160006FF0150B5A464521434802E0424645218F
:10217000424805F035FE6FF01504204605B0BDE875
:10218000F08F1BF1160FEDD0631E5B45EADBC5F83F
:1021900008B0E968C5F808B02F6921F01F01D6E939
:1021A00000321A44994247F01F0702F1FF3A1CD14E
:1021B000574508D131465FFA8BF0FFF787FF08F1EA
:1021C00001080C36B3E73146C5F808B0EB6822F0D9
:1021D0001F0203F01F031A43EA60E0B2FFF776FF25
:1021E00010F1160FC7D0441CE9E7013B5745E0B298
:1021F00023F01F03C5F808B006D12A69314602F062
:102200001F0213432B61E9E7296901F01F010B430A
:102210002B613146FFF75AFF10F1160FABD0C5F80E
:1022200008B0EA689DF80830013F62F304038DF8B6
:1022300008302B699DF808205B0863F347128DF87E
:102240000820D6E900321344009323F01F033B44D7
:10225000441CA3EB0A0AE0B22AF01F030F280393E1
:1022600003D902464521064883E76946FFF716FF72
:10227000B9E700BF90ED00E04C940000249400000A
:10228000F99300000522034B5A60BFF34F8FBFF351
:102290006F8F704790ED00E0BFF35F8F0022014B1E
:1022A0005A60704790ED00E010B50A4C2278FFF7B5
:1022B00035FF207016300CD10749084840F2111242
:1022C00005F0F0FCBDE8104040F21111024805F0A5
:1022D00074BD10BDCC13002074940000518A00001E
:1022E0002DE9F74F2D4D8A4606464FF00008AB46C4
:1022F0002B4FD04502DB03B0BDE8F08FD6F8049039
:10230000B9F1000F44D031680846019105F0C0FDD5
:102310000199044609EB0100013805F0B9FD84423A
:102320004FF014021F4B13D06FF0150302FB08F897
:102330004BF8083040F221121B491C4805F0B2FC52
:1023400040F22111184803B0BDE8F04F05F035BD4B
:1023500014F1160F2C60EDD01978A142EADD02FBD2
:1023600008B0BC60BC60FC6800F10801007B64F34D
:102370000400087138690C79400860F347140C7147
:10238000F96821F01F016960396921F01F01296195
:1023900008F1010814350C36ABE700BF1C0900201A
:1023A00090ED00E0CC13002074940000518A0000EE
:1023B00070B51B4D2E68102E0DD94FF4A47219491B
:1023C000194805F06FFC17484FF4A47105F0F5FCAF
:1023D0004FF0FF3070BDFFF75FFF0020134C144A31
:1023E0002263864215D1134B1E70FFF74BFF236803
:1023F000C3F30723102B0AD00A490B484FF4D672B7
:1024000005F050FC4FF4D671064805F0D6FC0020CC
:10241000E0E7696801EB0011FFF740FE0130E0E7FB
:10242000A487000074940000518A000090ED00E041
:10243000AAFF4400CC130020014B1860704700BF76
:10244000240000202DE9F0410E4C0746051BC5F382
:1024500047130C255D4305F148000E4620444021FA
:1024600005F072FD011E08DB074B2C44C4E9103651
:10247000064B5B59BDE8F041184738463346BDE886
:10248000F041184730090020AB7F0000E4870000CE
:1024900038B5CCB2012C054608D90849084879223C
:1024A00005F000FC7921054805F087FC0C212B691B
:1024B00004FB0134A06C00F0070038BDBA940000A2
:1024C000518A0000F8B5CCB2012C054616460769C2
:1024D0000AD91849184840F24D1205F0E3FB40F2C2
:1024E0004D11144805F069FC4FF02003EFF3118201
:1024F00083F31288BFF36F8F0C2303FB0471896C85
:1025000011F0C00101D08E4211D10121002003FB46
:102510000473996482F31188BFF36F8F30B90C2371
:10252000696803FB0414636898470020F8BD4FF006
:10253000FF30EFE7BA940000518A000070B50D46F5
:1025400006490446411A491140220548FFF7BAFFDF
:102550002B4601462046BDE8704018473009002050
:102560008083000070B50022012104460520FFF79A
:10257000D3F80520FFF7B2F80F4800F00DFD0F4B20
:10258000984215D100F028FD26690D49304605F026
:1025900096FB00280BDB0125B5642469084904F18A
:1025A000200005F08CFB002801DB0020656570BD74
:1025B0006FF00400FBE700BFF92500000000AD0B41
:1025C000FC87000001460C2300224B43084870B5ED
:1025D000C4184833D4E910561844226405F0D2FCDC
:1025E0002DB132462B46BDE870400248184770BDF9
:1025F0003009002080830000012808B506D0032898
:1026000008D0A0B90F4B9B6C5B0719D1BDE80840FF
:10261000FFF7D8BF0C4940F25E220C4805F042FBA0
:1026200040F25E21BDE80840074805F0C6BB0649F8
:1026300040F26222054805F035FB40F26221F1E7E5
:1026400008BD00BF30090020BA940000518A000084
:1026500008B54FF02003EFF3118183F31288BFF325
:102660006F8F124A136843F0020013F001031060E9
:102670000CD04FF05022D2F80C34D2F80C2413F0C6
:10268000010303D00A4805F07DFC012381F3118882
:10269000BFF36F8F23B1BDE808400020FFF792BF62
:1026A0000120BDE8084000F0B5BC00BF880900204B
:1026B00078090020074BD3E8EF2F22F00201C3E88E
:1026C000E01F0028F7D1D30702D4012000F0F2BCAC
:1026D000704700BF880900201FB500220123CDE903
:1026E00002236B46084ACDF800D0CDF804D005F09F
:1026F0006EFC002805DB4FF480420023684601F0A1
:1027000063FA05B05DF804FBC97F000008B508480E
:10271000084B186005F0A1FD38B10748FFF78CFEA3
:102720000548FDF727FF002008BD6FF01200FBE70A
:10273000B08300008C0900203D2700000A2838B52E
:102740000446074D04D1286883680D215B689847CB
:1027500028688368E1B25B689847204638BD00BFAF
:102760008C090020F0B54B79012B26D0032B21D109
:1027700010268B79032B1DD1CC790CB1012C19D1EA
:102780000A7912B1022A15D10E220B684568B3F5F9
:10279000164F2D6865D02DD8B3F5165F64D016D8C6
:1027A000B3F5966F62D00AD8B3F5967F61D0B3F5D2
:1027B000167F61D06FF0850052E00026D9E7B3F5AF
:1027C000166F5CD0B3F5965FF4D1374B3CE0B3F5B0
:1027D000E14F57D007D8B3F5615F55D0B3F5964FA9
:1027E000E8D1324B30E047F61227BB42E2D14FF43A
:1027F000000329E0B3F5613F48D013D8B3F5963F05
:1028000047D009D84DF6C027BB4244D0B3F5614F3D
:10281000D0D14FF46B0317E0B3F5E13FCAD14FF0CD
:10282000EB7311E0B3F5612F38D008D8204FBB42CD
:1028300037D0B3F5E12FBDD14FF0E86304E01D4F71
:10284000BB42B7D14FF08053C5F8243503693443F8
:102850002243043303C9C5F86C2583E80300002034
:10286000F0BD4FF41D03EFE7134BEDE74FF49E234C
:10287000EAE74FF4A033E7E74FF41C33E4E74FF403
:102880001D23E1E70D4BDFE70D4BDDE74FF06C73E8
:10289000DAE70C4BD8E74FF46503D5E74FF07063E8
:1028A000D2E74FF08063CFE700B0130000A04E00E6
:1028B00090D0030040420F000050270000C0750078
:1028C00000F03A0000903A01036810B55A090CBFB5
:1028D0004FF0FF32002203F01F0322FA03F3DB075D
:1028E00004460AD40E490F4840F2292205F0DAF9CD
:1028F00040F229210A4805F060FA236803F01F021C
:102900005B0922600AD00649064840F22E2205F0F3
:10291000C9F940F22E21024805F04FFA024810BDD5
:1029200011950000518A000000258450F8B5054635
:102930000F46066905F0B7FC10B92C4B1B7883B91C
:102940004FF02003EFF3118483F31288BFF36F8FEE
:10295000284605F09FFB28BB84F31188BFF36F8FD7
:10296000EEE76424284605F095FB70B9012005F0D8
:1029700071FC013CF6D10021212002F01FF8F0E7A4
:1029800084F31188BFF36F8FF5E74FF02003EFF367
:10299000118483F31288BFF36F8F284605F07AFB0A
:1029A0000028EDD0012206F8107F69680B68C3F893
:1029B0004465C3F848250022C3F82021D3F820013C
:1029C000C3F85821D3F858214A68D20641BF0822DB
:1029D000C3F800254FF48002C3F8042301229A6053
:1029E00084F31188BFF36F8FF8BD00BFCD130020B3
:1029F000F7B50F46164640B918491948242205F084
:102A000051F92421154805F0D8F947B9134914485C
:102A1000252205F047F92521104805F0CEF94FF49D
:102A2000806500246FF01500A64201D803B0F0BD08
:102A3000331BB3F5806F38BF1D46002001AB2A461B
:102A4000391902F0E3FB019BAB4203D10028EDD121
:102A50002C44E9E76FF01500E8E700BF5B95000044
:102A6000518A00000B4B10B59A681968986811F4E8
:102A7000803F094B094901D1824205D21A680C688E
:102A800022441A60034A12681B680A681344181A21
:102A900010BD00BF10E000E0A00900209809002050
:102AA00020220020074B83F82320074B1860074B98
:102AB0001860074B586098601A6842F007021A6065
:102AC000704700BF00ED00E098090020A009002039
:102AD00010E000E008B5FFF7C5FF094A094913688F
:102AE000086803440B6000211160074A10681360F6
:102AF000181A02F001FABDE80840FEF7F9BE00BF5F
:102B0000A009002094090020900900202DE9F0413F
:102B1000394F59B1431C09D1384A136823F00103D6
:102B200013604FF07F433B60BDE8F081344B3D685C
:102B3000B0F1FF3F08BF1846441E002C54DD9C42F4
:102B4000A8BF1C464FF02003EFF3118683F31288D1
:102B5000BFF36F8F2B4800F041FE40B92A492B4844
:102B6000812205F09FF88121274805F026F92548A4
:102B700000F050FEFFF776FF4FF0000EDFF87C808C
:102B8000DFF890C0224AD8F80810CCF800E0DFF84F
:102B900088C01368DCF800C01844A0EB0C0CF445A6
:102BA0004346106022DA4FF480643C603F689C68C2
:102BB000013F5F600027A14238BF4919091B084443
:102BC0009F6010600F4800F017FE40B90E490F4893
:102BD000AC2205F067F8AC210B4805F0EEF886F35F
:102BE0001188BFF36F8F9FE70024ABE7B4F5806FC8
:102BF000B8BF4FF48064D8E79809002010E000E0E7
:102C0000FEFFFF009C0900202B8A0000518A000073
:102C100094090020A00900209009002038B54FF049
:102C20002003EFF3118583F31288BFF36F8F1548EC
:102C300000F0D4FD40B914491448812205F032F85F
:102C40008121114805F0B9F80E4800F0E3FDFFF7C7
:102C500009FF0F4B1C680F4B1B68E41A044409481A
:102C600000F0CAFD40B908490848AC2205F01AF83E
:102C7000AC21054805F0A1F885F31188BFF36F8FEB
:102C8000204638BD9C0900202B8A0000518A000094
:102C90009409002090090020054B1B68B3F17F4F79
:102CA00001BF044A136843F001031360704700BF7B
:102CB0009809002010E000E0024A136823F00103A5
:102CC0001360704710E000E00348452108B505F0A7
:102CD00087F80020FFF7F4F8969500002DE9F043FF
:102CE0000025214C214E54F8048CDFF8889085B0E3
:102CF000A84503D8002005B0BDE8F083636A96E8D4
:102D000007001F6801AB83E807000C22194638460C
:102D100005F0DCF890B98FB1636A21691B681A6904
:102D200091420BD19A69A169914207D8E169914218
:102D300004D962695B6932EA03030AD0276A67B182
:102D40000B4804F0AFFF404080F311884FF00400BF
:102D500002DFE36801351C44CAE7484604F0A2FFDD
:102D6000636A1F60F5E700BF3C0200002C8600008C
:102D7000B8950000E1950000064A074B1B681068F3
:102D8000BFF34F8F092B03D1431E58425841704760
:102D9000002070473401FF003001FF00574A08B59A
:102DA000136843F002031360554B564A1B681268C0
:102DB000BFF34F8F092B01BF4FF050230022C3F800
:102DC0001421C3F81821FFF7D7FF30B101234E4A71
:102DD0001360A2F63822C2F87835494B1A680433DA
:102DE0001B68BFF34F8F092A05D1012B1EBF01229B
:102DF000464BC3F87825FFF7BFFF10B10E22444BB6
:102E00001A603F4B3F4A1B681268BFF34F8F092B74
:102E100004D100223F4B1A6001225A600022D300E5
:102E200003F57F03D3F80013BFF34F8F013108D0B0
:102E3000D3F800130132D3F80433B2F5807F0B606E
:102E4000EDD1354BDB69BFF34F8FD90745D5334BF8
:102E50001946D3F80024012AFBD1C3F80425D1F880
:102E60000034012BFBD12C4BDA69BFF34F8FD20713
:102E70000AD5DA6922F00102DA61BFF34F8F274ADF
:102E8000D2F80034012BFBD1254B1B68BFF34F8FC9
:102E900001330DD1204A136A23F0FF0343F02003CE
:102EA0001362BFF34F8F1D4AD2F80034012BFBD1C0
:102EB00000221A4BC3F80425D3F80024012AFBD1C1
:102EC000BFF34F8F1749184BCA6802F4E0621343EF
:102ED000CB60BFF34F8F00BFFDE7114B1B68BFF303
:102EE0004F8F0133B3D00F4AD2F88C3043F4406394
:102EF000C2F88C300D4B0E4A1A6008BDD0ED00E0D0
:102F00003001FF003401FF00384A005000400050FB
:102F1000E4AE03500C4700500080FF0000900350C7
:102F20002080FF0000ED00E00400FA053C000020D6
:102F30000090D00308B570B101281BD04FF44F7238
:102F40001349144804F0AEFE11484FF44F7104F0D9
:102F500034FF00200DE031B14FF05023D3F8183486
:102F600003F003030B704FF05023D3F81804C0F3A1
:102F7000004008BD31B14FF05023D3F80C3403F0BA
:102F800001030B704FF05023D3F80C04EFE700BFA0
:102F900014960000518A000010B5044640B9094952
:102FA0000948BD2204F07EFEBD21064804F005FF5D
:102FB000064B1A7922B9012205481C601A7110BD0E
:102FC0000448FCE748960000518A0000A40900204C
:102FD0000000AD0B0C00AD0B08B50B4B1B7943B9D2
:102FE0000A490B48D62204F05DFED621074804F0BA
:102FF000E4FE0520FEF782FB20B9BDE8084005206D
:10300000FEF76CBB08BD00BFA40900204896000075
:10301000518A0000224B13B51B79044653B921494C
:1030200021484FF4897204F03DFE4FF489711D4828
:1030300004F0C3FE6CB1012C28D04FF4A2721949E0
:10304000194804F02FFE4FF4A271164804F0B5FEA3
:1030500018E020460DF10701FFF76CFF4FF05023F9
:1030600090B19DF80720022A0ED1C3F8182500223E
:103070000E4B1A601B6802224FF05023C3F8042342
:1030800001229A6002B010BD0122EEE70022084B37
:103090001A601B684FF05023C3F804431C60F1E72B
:1030A000A409002048960000518A000004510050F5
:1030B000005100502D4B13B51B79044653B92C49D0
:1030C0002C4840F24B1204F0EDFD40F24B11284821
:1030D00004F073FE74B1012C27D02549254840F235
:1030E000671204F0DFFD40F26711214804F065FE2D
:1030F00002B010BD4FF050230222C3F80823012272
:10310000C3F8044142F2107403F582731B681A4B32
:103110001A6000210846FFF70DFF0028E8D00120C3
:1031200005F098F8013CF4D1E2E74FF0502300227B
:10313000C3F80843C3F8002103F580731B680F4BE5
:103140001C608DF8074042F2107401200DF1070158
:10315000FFF7F0FE0028CBD09DF807000128C7D16B
:1031600005F078F8013CF0D1C2E700BFA4090020C7
:1031700048960000518A00000C5000500450005046
:10318000164B07B51A6852B1002018601B6801225F
:103190004FF05023C3F80823114B1B689847114B7D
:1031A0001A688AB100200DF1070118601B68FFF74B
:1031B000C1FE9DF807104FF0502301294FF0020285
:1031C00005D1C3F81825996003B05DF804FBC3F876
:1031D0000823034B01201B689847F5E70051005076
:1031E000A4090020045100500E4B70B553F8204044
:1031F000013053F82060A64200D870BDD4E90035F4
:103200002846984765B1EB6830B10028B8BF404206
:10321000FF28A8BFFF2018705A7842F001025A70A8
:103220000834E8E744880000F7B504460E464FF03E
:103230002003EFF3118783F31288BFF36F8F01F040
:10324000EDFB0022042C98BF1D4B054694BF53F89C
:1032500024301C4B0092452122461B4804F0C0FD3F
:103260003EB1F369C3F308031BB14521174804F0CD
:10327000B7FD35B1284605F01CF8034608B10278C1
:1032800002B9134B2A464521124804F0A9FD3146E4
:103290002046FFF719FD042C08D10F490F488F2253
:1032A00004F000FD8F210C4804F087FD87F311889E
:1032B000BFF36F8F284603B0BDE8F040FEF748BE6D
:1032C0005C880000859600009B960000C896000070
:1032D00093960000EE9600000B970000518A0000C4
:1032E0000023012210B586B0CDE904230F220193FB
:1032F000CDE9023218230B4A0B4C03FB00234FF499
:10330000A0720A4904EBC01402FB0011009320468E
:10331000074B00F08FF9637B23F00403637306B05F
:1033200010BD00BFAC09002018010020902500202E
:1033300025380000012208B5094B02201A70FFF75A
:1033400053FF01F0CBFE0320FFF74EFF00F0C6F95C
:1033500004F09FFC034A137B23F00103137308BDA1
:10336000CD130020980100200248034A0021121AC0
:1033700004F0DEBD180100208C15002080B5354B0F
:10338000A6B003F5006787F3088883F30A88002452
:10339000E023314D314E85F82230EC772C766C7677
:1033A000AC7685F82040EC766B6ADFF8C49043F485
:1033B000E0236B626B6A43F400236B62AC63EB68DF
:1033C0009BB243F0BF6343F40833EB60FEF726FD86
:1033D000FEF742F94FF0FF33AB62EB62FEF7E8FF16
:1033E000FEF740FE40F20113ADF8243006ABB360A7
:1033F000CDE91F4404F030FF2046FFF7F5FE012021
:10340000FFF7F2FE01F0BAF9154B164D05930123B3
:1034100015494FF48052CDE9034328464B46CDE988
:1034200001440094F56100F005F980466A7B284666
:1034300022F004026A7300F099FE2046FFF750FF65
:103440000A4B4A4641462846F36034757760FEF7DA
:103450001BFA00BFD026002000ED00E0AC090020E0
:103460007797000098010020901500201801002097
:10347000353300002DE9F041144D154CA846154E8A
:10348000AC4208D9314614483C2204F00BFC3C21E4
:10349000304604F092FC444502D30020BDE8F081A0
:1034A000D4E9041242EA010313F003030BD1E068EC
:1034B000A361834201D12034E2E7A7690133176099
:1034C000A2610A44F5E76FF01500E7E7C4000020A9
:1034D000C40000207F970000518A00002DE9F743C7
:1034E00004460D469046994600F108064FF0200329
:1034F000EFF3118783F31288BFF36F8F304600F02C
:103500006DF940B91F492048812204F0CBFB81218D
:103510001C4804F052FC304600F07CF9A369C3B1AA
:103520002B601B68A361E3690133E361002430462B
:1035300000F062F940B913491348AC2204F0B2FB21
:10354000AC21104804F039FC87F31188BFF36F8F6A
:1035500013E058EA090203D16FF00B042B60E6E791
:10356000224639463046CDE9008900F067FF04461F
:1035700018B9064B9B685B692B60204603B0BDE819
:10358000F08300BF2B8A0000518A0000AC090020A4
:103590002DE9F04104460D4600F108064FF02003E6
:1035A000EFF3118783F31288BFF36F8F304600F07B
:1035B00015F940B91D491E48812204F073FB812191
:1035C0001A4804F0FAFB304600F024F9D4F81880C9
:1035D000B8F1000F0FD1204601F092F858B12A68D7
:1035E000C0F87880426100F0C1FD39463046BDE840
:1035F000F04100F0BDBB2B68A26930461A602B6811
:10360000A361E369013BE36100F0F6F840B90749C3
:103610000748AC2204F046FBAC21044804F0CDFB83
:1036200087F31188BFF36F8FBDE8F0812B8A00000C
:10363000518A00002DE9F04385B0DDF83C90044646
:10364000B9F10F0F0F46154698462ED11F4B9845DE
:103650002FD104F15803C4E91633109B00262373BD
:10366000042363730E9BE81D02930D9B20F007005B
:1036700001930C9B3D18C4E9197000932A464346F8
:1036800039462046C4E90666A66084F80E90E673C3
:10369000E666FEF7DDF80E4B66659B6803B11B6FAF
:1036A0002846236705B0BDE8F08309F110031E2BFF
:1036B000CFD940F2FF120749074804F0F3FA40F26D
:1036C000FF11044804F079FBC3E700BF2538000070
:1036D000AC090020A4970000518A00002DE9F047B2
:1036E000394F3A4D3E46DFF8EC8086B0BD420AD9EC
:1036F0004146374840F2CF2204F0D4FA40F2CF21BD
:10370000404604F05AFBB54205F130041DD300F0E9
:1037100065FB40F2E7384FF000092C4C2D4DDFF8E7
:10372000B0A0B4420AD92946504640F2EE2204F035
:10373000B9FA40F2EE21284604F03FFBB44221D30F
:1037400006B0BDE8F04700F07FBF54F8043C059395
:1037500054F8103C049354F8143C039354F8183C68
:10376000029354F81C3C019354F8203C009354E914
:103770000A2354E90C01FFF75DFF54F8303C5D6506
:103780002546B3E7636A5A1C0FD04FF40042404607
:10379000494623EAE373C2FB0301494508BF40459C
:1037A000276804D1384600F017FD3034B9E74FF4EC
:1037B0007A720023FCF742FD02460B4607F118001F
:1037C000054901F02FFAF0E7C4000020C4000020F2
:1037D000518A0000A49700005D420000006838B1E3
:1037E000044B00F003001B7DC01A18BF0120704776
:1037F00001207047AC090020054903468A68087D0E
:10380000196802430020914204BF186001207047EC
:10381000AC090020024A117D93680B430360704796
:10382000AC090020104C08B5A26892F90E20002ABD
:1038300008DA0E490E48272204F034FA27210B48F3
:1038400004F0BBFA4FF02002EFF3118382F31288E9
:10385000BFF36F8F01F0DCFAA061FDF755FB002884
:10386000F0D1FDF7FFFEEDE7AC090020C79700009F
:10387000518A00002DE9F341044616461F46EFF336
:10388000058343B162496348652204F00BFA652160
:103890005F4804F092FA4FF02003EFF3118883F3AE
:1038A0001288BFF36F8F5C48FFF798FF40B95B4900
:1038B0005848812204F0F6F98121584804F07DFA35
:1038C0005548FFF7A7FFE368554AD3B1A068916850
:1038D000884233D056EA070332D14F48FFF78CFFB6
:1038E00040B94E494B48AC2204F0DCF9AC214B48BE
:1038F00004F063FA88F31188BFF36F8F6FF00F0045
:1039000019E0916891F90E100133E3609368424821
:103910002161A360FFF770FF40B940493D48AC22E8
:1039200004F0C0F9AC213D4804F047FA88F311884F
:10393000BFF36F8F002002B0BDE8F0812169E3E79B
:1039400091F90E1090F90E306FF07E029942A8BFE7
:1039500019469142B8BF11468B423FDD00F094FDFD
:10396000054622464146CDE900672B4800F066FD3A
:103970000028E0D04FF02003EFF3118683F3128884
:10398000BFF36F8F2448FFF729FF40B9234921482F
:10399000812204F087F98121204804F00EFA1E48A4
:1039A000FFF738FF236821699C420AD04BB193F995
:1039B0000E309942A8BF19466FF07E039942B8BFF6
:1039C0001946A06890F90E30994209D16DB131467F
:1039D000114800F0CDF96FF00A00ACE70025C0E710
:1039E00000F052FD0028F2D1F0E70B48FFF704FF8A
:1039F00040B90A490748AC2204F054F9AC21074801
:103A000004F0DBF986F31188BFF36F8FE3E700BFA3
:103A1000E8970000518A0000D40900202B8A00009A
:103A2000AC09002038B50446EFF3058343B145499E
:103A30004548C72204F036F9C721424804F0BDF9D1
:103A4000A368002B78D0414DAA68934277D1E368F0
:103A500043B93C493C48DF2204F024F9DF213948CE
:103A600004F0ABF9EFF3058343B139493648FD2241
:103A700004F018F9FD21364804F09FF9AB68DB7BB0
:103A8000012B08D132493048FE2204F00BF9FE2107
:103A90002F4804F092F9AA68D37B013BD373E36803
:103AA000012B05D9013BE36000F0CEFD002038BDBD
:103AB0004FF02003EFF3118583F31288BFF36F8F6C
:103AC0002448FFF78BFE40B923491F48812204F0A8
:103AD000E9F88121204804F070F91E48FFF79AFEAA
:103AE000A068216990F90E30994201D000F0CCFC19
:103AF000204600F005FEA06058B190F90E2022612A
:103B00000022826700F032FB2946124800F030F9AB
:103B1000CAE7E0600F48FFF76FFE40B90E490A4858
:103B2000AC2204F0BFF8AC210B4804F046F985F351
:103B30001188BFF36F8FB7E76FF01500B7E74FF04D
:103B4000FF30B4E7E8970000518A0000AC0900207C
:103B50000A980000D40900202B8A000038B50446DA
:103B60004FF02003EFF3118583F31288BFF36F8FBB
:103B70001248FFF733FE40B911491248812204F080
:103B800091F881210E4804F018F90C48FFF742FE25
:103B9000204600F0B5FD48B10022826700F0E6FA49
:103BA0002946BDE83840054800F0E2B8D4E90232C1
:103BB0009A4218BF0133A360F2E700BFD809002082
:103BC0002B8A0000518A0000F7B5044616461F46AE
:103BD000EFF305835BB156EA070308D02B492C4865
:103BE000792204F05FF87921284804F0E6F84FF0D4
:103BF0002003EFF3118583F31288BFF36F8F2548FD
:103C0000FFF7ECFD40B924492148812204F04AF82D
:103C10008121214804F0D1F81E48FFF7FBFDA3687D
:103C2000ABB1013B1B48A360FFF7E6FD40B91A4961
:103C30001748AC2204F036F8AC21174804F0BDF860
:103C400085F31188BFF36F8F002003B0F0BD56EAF3
:103C5000070313D10F48FFF7CFFD40B90E490C48B9
:103C6000AC2204F01FF8AC210B4804F0A6F885F351
:103C70001188BFF36F8F6FF00F00E6E722462946E9
:103C8000CDE90067034800F0D9FBDEE73598000076
:103C9000518A0000D80900202B8A000010B5084C7A
:103CA00023685BB1FEF7BAFF03462068054A034468
:103CB0000021BDE81040136101F0E0B810BD00BF65
:103CC000E8090020AC090020F8B504460D464FF085
:103CD0002003EFF3118683F31288BFF36F8F1E4822
:103CE000FFF77CFD40B91D491D48812203F0DAFF32
:103CF00081211A4804F061F81748FFF78BFD4FF453
:103D00000047002240F2E7300021164BE7FB040198
:103D10001A6100234FF47A72FCF790FA002C124BD0
:103D200016DC1860114B1D60FFF7B8FF0A48FFF75B
:103D300063FD40B909490A48AC2203F0B3FFAC2146
:103D4000064804F03AF886F31188BFF36F8FF8BD88
:103D50000228B8BF0220E4E7E00900202B8A000017
:103D6000518A0000AC090020E8090020E409002085
:103D700010B503460C46C1B9EFF30582AAB9144A3F
:103D8000D1699268914210D0FFF736FD40B91149D0
:103D90001148C32203F086FFC3210E4804F00DF83A
:103DA000BDE810400020FDF7FDBC1846FFF724FDDC
:103DB00040B908490848AC2203F074FFAC2105481B
:103DC00003F0FBFF84F31188BFF36F8F10BD00BFBA
:103DD000AC0900202B8A0000518A000038B54FF052
:103DE0002003EFF3118583F31288BFF36F8F204810
:103DF000FFF7F4FC40B91F491F48812203F052FF2E
:103E000081211C4803F0D9FF1948FFF703FDEFF3A8
:103E1000058343B119491848FD2203F043FFFD21F2
:103E2000164803F0CAFF164CA268D27B012A08D1BB
:103E300012491148FE2203F035FFFE210F4803F01E
:103E4000BCFFA268D37B013BD3730948FFF7D4FCC6
:103E500040B908490848AC2203F024FFAC210548CA
:103E600003F0ABFF85F31188BFF36F8F38BD00BF40
:103E7000E00900202B8A0000518A00000A98000007
:103E8000AC0900200B4B10B599420C460AD10A49E7
:103E90000A4840F2E73203F005FF40F2E7310648F6
:103EA00003F08BFFD4E9003213605A600023C4E9A9
:103EB000003310BD1801002055980000518A000001
:103EC000836810B5044653B90A490B4840F283226F
:103ED00003F0E8FE40F28321064803F06EFF21461E
:103EE000A068FFF7CFFF637B23F002036373002317
:103EF000A36010BD55980000518A000038B50246F5
:103F0000124804F0FCF9124D044600B9EC68AAB955
:103F1000AB6843B90F491048892203F0C3FE8921D9
:103F20000C4803F04AFFAB685A7BD20606D1A2695F
:103F300022B9DA897F2A01D9EB6138BDAB68A34287
:103F400001D0FFF7ABFEEC61F7E700BFCC09002022
:103F5000AC09002055980000518A000070B590F916
:103F60000D200446002A437B06DA03F07F03014656
:103F700043731F48FFF786FF637B63F07F03637320
:103F80001C4B9C4208D11C491C48BA2203F08AFEF3
:103F9000BA21194803F011FF194A114651F8203F80
:103FA000556A8B4208BF0023002B38BF0023CBB1DA
:103FB00094F90E6093F90E0086420FD0801B002802
:103FC0000CDD5968C4E900310C605C609068031B2B
:103FD00058425841BDE87040FFF790BFAB4201D056
:103FE0001B68E4E7C4E900152C605462EEE700BFEB
:103FF000CC0900201801002055980000518A0000CB
:10400000AC09002070B504464FF02003EFF3118592
:1040100083F31288BFF36F8F2548FFF7DFFB40B9AA
:1040200024492548812203F03DFE8121214803F0E7
:10403000C4FE1F48FFF7EEFB204B214A9868116829
:104040008842194613D1FFF729FE1948FFF7D4FB20
:1040500040B918491848AC2203F024FEAC21154899
:1040600003F0ABFE85F31188BFF36F8F70BD0026A0
:104070001660144A1268BAB1C2897F2A14D8427BEA
:10408000D20611D1104A90F90E60126896420BDBED
:104090000E4A904208D01A69A24202DCFFF75EFF86
:1040A000D1E7121B1A61D0E700230B61CDE700BFF7
:1040B000E00900202B8A0000518A0000AC09002092
:1040C000DC090020E8090020E40900201801002094
:1040D00070B590F90D200446002A437B3DDBDA06DB
:1040E0003BD18569002D38D163F07F0343731B4BAF
:1040F000984208D11A491B48BA2203F0D3FDBA21CD
:10410000174803F05AFE18490B4653F8200F9842FF
:1041100018BF0546002D1A462B4638BF00234D6AAE
:10412000B3B194F90E6093F90E0086420CD0801B57
:10413000002809DD5A68C4E9003214605C60002080
:10414000BDE87040FFF7DABEAB4201D01B68E7E77D
:10415000C4E900252C604C62F1E770BD1801002015
:1041600055980000518A0000AC09002038B504467B
:104170004FF02003EFF3118583F31288BFF36F8FA5
:104180001248FFF72BFB40B911491248812203F076
:1041900089FD81210E4803F010FE0C48FFF73AFB21
:1041A0002046FFF795FF0948FFF726FB40B908496D
:1041B0000848AC2203F076FDAC21054803F0FDFD74
:1041C00085F31188BFF36F8F38BD00BFE009002071
:1041D0002B8A0000518A000038B504464FF02003B6
:1041E000EFF3118583F31288BFF36F8F1848FFF741
:1041F000F5FA40B917491848812203F053FD81218F
:10420000144803F0DAFD1248FFF704FB637B5A07FA
:1042100011D40F48FFF7F0FA40B90E490E48AC220E
:1042200003F040FDAC210B4803F0C7FD85F3118876
:10423000BFF36F8F38BD23F0040320466373FFF78D
:1042400047FF2946BDE838400148FFF791BD00BF50
:10425000E00900202B8A0000518A000070B5044656
:104260004FF02003EFF3118683F31288BFF36F8FB3
:104270001B48FFF7B3FA40B91A491B48812203F0E3
:1042800011FD8121174803F098FD1548FFF7C2FA88
:1042900014F80B3C13F0280F10D154F8103CA4F183
:1042A000180513B12846FFF70BFE14F80B3C2846FF
:1042B00023F0140304F80B3CFFF70AFF0848FFF74C
:1042C0009BFA40B907490848AC2203F0EBFCAC214B
:1042D000044803F072FD86F31188BFF36F8F70BD41
:1042E000E00900202B8A0000518A000010B590F9E7
:1042F0000D200446002A437B06DA03F07F030146C3
:1043000043730648FFF7BEFD054B9868031B5842F0
:104310005841BDE81040FFF7F1BD00BFCC090020B7
:10432000AC09002038B504460D46FFF7DFFF637B7C
:1043300043F00203637315B3174BA5609C4208D189
:1043400016491748BA2203F0ADFCBA21134803F00E
:1043500034FD2B689D4208BF0023002B38BF00238B
:104360009BB194F90E1093F90E20914208D0521A85
:10437000002A05DD5A68C4E9003214605C6038BD6B
:104380006A68934201D01B68EAE76B68C4E900538E
:104390001C606C60F3E700BF180100205598000016
:1043A000518A00002DE9F04104460D4616461F468D
:1043B0004FF02003EFF3118883F31288BFF36F8F60
:1043C0001A48FFF70BFA40B919491A48812203F03D
:1043D00069FC8121164803F0F0FC1448FFF71AFA33
:1043E00020462946FFF79EFF1048FFF705FA40B91F
:1043F0000F491048AC2203F055FCAC210C4803F0E7
:10440000DCFC88F31188BFF36F8F7B1C08BFB6F10B
:10441000FF3F08D032463B4604F118000649BDE88C
:10442000F04100F0FFBBBDE8F08100BFE0090020D3
:104430002B8A0000518A00005D42000038B5054615
:104440000D4B0C4698680D4B11461860DDE90423AE
:10445000FFF7A8FF2846FFF7CFF940B908490948F8
:10446000C32203F01FFCC321054803F0A6FC20462D
:10447000BDE83840FDF796B9AC090020DC09002002
:104480002B8A0000518A0000F8B504460E464FF012
:104490002003EFF3118783F31288BFF36F8F374840
:1044A000FFF79CF940B936493648812203F0FAFB00
:1044B0008121334803F081FC3048FFF7ABF9637B7F
:1044C00076B2DA0656D1A569002D53D103F07F03E9
:1044D000637321462C48FFF7D5FC637BA67363F01A
:1044E0007F036373294B9C4208D129492548BA228E
:1044F00003F0D8FBBA21264803F05FFC25490B46A0
:1045000053F8200F984218BF0546002D1A462B4637
:1045100038BF00234D6A43B394F90E6093F90E003F
:1045200086421ED0801B00281BDD5A68C4E9003279
:1045300014605C600120FFF7E1FC01240F48FFF7E5
:104540005BF940B90E490F48AC2203F0ABFBAC213C
:104550000B4803F032FC87F31188BFF36F8F2046BE
:10456000F8BDAB4201D01B68D5E7C4E900252C603B
:104570004C62DFE7A6730024E0E700BFE0090020FB
:104580002B8A0000518A0000CC090020180100206D
:1045900055980000AC09002070B50446183000F0B2
:1045A000FBFB4FF02003EFF3118683F31288BFF378
:1045B0006F8F2048FFF712F940B91F491F48812229
:1045C00003F070FB81211C4803F0F7FB1948FFF74B
:1045D00021F994F90D20637B002A06DA03F07F03AA
:1045E000214617486373FFF74DFC164D637BA8689F
:1045F00043F010036373031B58425841FFF77EFCDE
:104600000C48FFF7F9F840B90B490C48AC2203F00D
:1046100049FBAC21084803F0D0FB86F31188BFF3B7
:104620006F8FAB68A34203D1BDE8704003F05DBE5D
:1046300070BD00BFE00900202B8A0000518A0000F5
:10464000CC090020AC09002038B54FF02003EFF36F
:10465000118583F31288BFF36F8F2448FFF7BEF8EC
:1046600040B923492348812203F01CFB81212048C3
:1046700003F0A3FB204C1D48FFF7CCF8A268D27BC7
:1046800052B91E491B4840F2853203F00BFB40F241
:1046900085311A4803F091FBEFF3058353B11749B5
:1046A000144840F2863203F0FDFA40F28631134896
:1046B00003F083FBA2680020D37B0133D373FFF7A1
:1046C0001DFC0A48FFF798F840B909490948AC228F
:1046D00003F0E8FAAC21064803F06FFB85F311887C
:1046E000BFF36F8FBDE8384003F0FFBDE009002045
:1046F0002B8A0000518A0000AC0900205598000068
:1047000038B504464FF02003EFF3118583F3128888
:10471000BFF36F8F1648FFF761F840B91549164887
:10472000812203F0BFFA8121124803F046FB1048B2
:10473000FFF770F8204603F0E2FD044628B1FFF7CA
:10474000BFFB04F1180000F027FB0948FFF754F8FD
:1047500040B908490848AC2203F0A4FAAC21054846
:1047600003F02BFB85F31188BFF36F8F204638BD14
:10477000E00900202B8A0000518A00000021044B30
:10478000084603F12002C3E90822FFF79DBA00BFE3
:10479000AC090020F8B5EFF3058353B139493A4825
:1047A00040F2DC4203F07EFA40F2DC41354803F08F
:1047B00004FB4FF02003EFF3118683F31288BFF35D
:1047C0006F8F3248FFF70AF840B931492E488122ED
:1047D00003F068FA81212E4803F0EFFA2D4D2B48A3
:1047E000FFF718F8A96805F120004B7B03F07F0361
:1047F0004B73FFF747FBAC68637B63F07F03637326
:10480000254B9C4208D11F491F48BA2203F04AFA9F
:10481000BA211C4803F0D1FA2B6A2048696A834206
:1048200008BF0023002B38BF002333B394F90E7068
:1048300093F90E2097421CD0D21B002A19DD5A682A
:10484000C4E9003214605C600120FFF757FB0F4899
:10485000FEF7D2FF40B90E490B48C32203F022FAFB
:10486000C3210B4803F0A9FA3046BDE8F840FCF735
:1048700099BF8B4201D01B68D7E7C4E900010C60E7
:104880006C62E1E755980000518A0000E0090020C1
:104890002B8A0000AC09002018010020CC09002060
:1048A0002DE9F04104460D46EFF3058353B13C4931
:1048B0003C484FF49F6203F0F5F94FF49F6138488C
:1048C00003F07BFA54EA050304D1FFF763FF0020ED
:1048D000BDE8F0816FF001031E1B4FF0FF3363EB67
:1048E0000507012E77F1000356DA03F012FD0619D1
:1048F0004FF02003EFF3118883F31288BFF36F8F1B
:104900002948FEF76BFF40B928492648812203F069
:10491000C9F98121254803F050FA254F2248FEF7B6
:1049200079FFB868234B1860FFF7E0FCB8682246AF
:104930002B461830204900F075F9BA681A48537BA5
:1049400043F010035373FEF757FF40B9174915485A
:10495000C32203F0A7F9C321144803F02EFA4046FE
:10496000FCF720FFBB685B7BDB060AD50C490D48D2
:1049700040F2195203F096F940F21951084803F039
:104980001CFA03F0C6FC301A66EB0601012871F12F
:104990000003B8BF00209BE76FF00106361BA7E7B6
:1049A00055980000518A0000E00900202B8A000081
:1049B000AC090020DC0900205D42000038B5044647
:1049C0000D46EFF3058353B1114912484FF4A56228
:1049D00003F068F94FF4A5610D4803F0EEF96B1C84
:1049E00008BFB4F1FF3F06D10B4B9868FFF7D4FD29
:1049F0004FF0FF3038BD20462946FFF751FF4FF4F6
:104A00007A7380FB0334D80B40EA4440F2E700BFDE
:104A100055980000518A0000AC090020014B9868AD
:104A2000704700BFAC0900202DE9F04104464FF06B
:104A30002003EFF3118683F31288BFF36F8F3E4894
:104A4000FEF7CCFE40B93D493D48812203F02AF9EA
:104A500081213A4803F0B1F93748FEF7DBFE637B6A
:104A60001A0712D53448FEF7C7FE40B93349344817
:104A7000AC2203F017F9AC21304803F09EF986F31D
:104A80001188BFF36F8FBDE8F08123F0200242F060
:104A90000801D20938D16173A36813B12046FFF72A
:104AA0000FFA04F1180000F077F94FF0000804F154
:104AB0005807A56DBD4200D085BB0120FFF71EFA47
:104AC000204B9B68A342CDD1EFF30583002BC9D1C6
:104AD0001948FEF791FE40B918491948C32203F05E
:104AE000E1F8C321154803F068F93046FCF75AFE97
:104AF00040F24B621449124803F0D4F840F24B6183
:104B0000114803F05AF9ADE703F05F0343F00803DF
:104B100021460E486373FFF7B5F9BDE72846FFF756
:104B2000CFF905F1180000F037F92846C5F878806C
:104B3000FFF7CEFABDE700BFE00900202B8A000096
:104B4000518A0000AC09002055980000CC090020D3
:104B500008B50648064A0749121A03F0DEF9BDE80F
:104B60000840054A0549064803F0D7B9000000206F
:104B700014010020D898000000000000D898000020
:104B800000000020034B1B680BB9FEF747B800205C
:104B9000704700BFEC09002030B5036868B10A4ACD
:104BA0005268904209D043B1D3E90421D0E90445C9
:104BB000121945EB0101C3E90421426813605A60F0
:104BC0000023C0E9003330BD4000002038B5134B4E
:104BD0001C689C4208BF0024FFF7D4FF0546BCB107
:104BE000D4E90401401B61EBE571012871F1000378
:104BF00011DB6FF000420023824273EB010400DA04
:104C00001046074B1B6913B19842A8BF184638BD20
:104C10006FF00040F5E70020F3E700BF4000002000
:104C2000AC0900202DE9F74F1D466B1C08BFB2F1FF
:104C3000FF3F82468B46144600F09C80036843B1D8
:104C40004E494F485D2203F02DF85D214B4803F09B
:104C5000B4F8CAF808B04FF02003EFF3118B83F3D8
:104C60001288BFF36F8F4748FEF7B8FD40B9464939
:104C70004348812203F016F88121434803F09DF850
:104C80004048FEF7C7FD6FF001034FF0FF32B3EB72
:104C9000040862EB0509B8F1000F79F100011CDB93
:104CA0003A48D0E900105B1A62EB00021E1B62EB6F
:104CB0000507012E77F10003BCBF01260027CAE9D2
:104CC0000467334AD2E9003693421DD1CAE900266F
:104CD000C6F800A0C2F804A02CE0FFF753FF631C45
:104CE000009345F100030193DDE90023121843EB23
:104CF000E073CAE90423E4E7E01B65EB0801B34273
:104D0000CAE90401E2D01B68002BDFD0D3E90478A4
:104D1000DAE90445BC4275EB0801EDDA381B68EBB3
:104D20000501C3E904015968CAE90031C1F800A0CE
:104D3000C3F804A0136893420BD09A4509D1FFF73A
:104D400045FF18B1134B1B69834202D00021FDF7C8
:104D5000DDFE0C48FEF750FD40B90B490848AC2277
:104D600002F0A0FFAC21084803F027F88BF311886C
:104D7000BFF36F8F03B0BDE8F08F00BF77980000DE
:104D8000518A0000F00900202B8A00001802002040
:104D900040000020AC09002038B504464FF0200345
:104DA000EFF3118583F31288BFF36F8F1548FEF779
:104DB00015FD40B914491548812202F073FF812185
:104DC000114802F0FAFF0F48FEF724FD2368B3B143
:104DD0002046FFF7E1FE00240A48FEF70DFD40B92A
:104DE00009490A48AC2202F05DFFAC21064802F0F6
:104DF000E4FF85F31188BFF36F8F204638BD6FF055
:104E00001504E9E7F00900202B8A0000518A000010
:104E100038B54FF02003EFF3118583F31288BFF309
:104E20006F8F1348FEF7DAFC40B91249124881220D
:104E300002F038FF81210F4802F0BFFF0C48FEF757
:104E4000E9FCFFF7C3FE04460948FEF7D5FC40B96C
:104E500008490948AC2202F025FFAC21054802F0C0
:104E6000ACFF85F31188BFF36F8F204638BD00BFBC
:104E7000F00900202B8A0000518A000070B504461A
:104E80000D464FF02003EFF3118683F31288BFF332
:104E90006F8F1648FEF7A2FC40B9154915488122CC
:104EA00002F000FF8121124802F087FF0F48FEF751
:104EB000B1FCFFF78BFE012805DDA04203DB29468C
:104EC0002046FDF723FE0948FEF796FC40B9084945
:104ED0000848AC2202F0E6FEAC21054802F06DFF66
:104EE00086F31188BFF36F8F70BD00BFF0090020FB
:104EF0002B8A0000518A00002DE9F04F85B004464E
:104F0000FFF780F84FF02003EFF3118983F3128845
:104F1000BFF36F8F4C48FEF761FC40B94B494C48DA
:104F2000812202F0BFFE8121484802F046FF494F2E
:104F3000494EBB464448DFF824A1FEF76BFC3460C1
:104F4000D6F800C0DAF800806246D7E90034D045D0
:104F5000CDE902344FEAE273CDE9002311D0B8F174
:104F6000000F0ED0D8E90412DDE900348B4274EB57
:104F700002032ADA009BC81A019B62EB0301C8E90D
:104F800004010024009B029A03999A18019B346043
:104F900041EB0303CBE90023FFF718FE2146FDF7A1
:104FA000B5FD2948FEF728FC40B928492848AC221D
:104FB00002F078FEAC21254802F0FFFE89F311884B
:104FC000BFF36F8F05B0BDE8F08F0022DDE9024529
:104FD00000236418ACEB010045EBE1753060C8E9D3
:104FE00004234046C7E90045FFF7D6FD1648FEF703
:104FF00003FC40B915491648AC2202F053FEAC211F
:10500000124802F0DAFE89F31188BFF36F8F404631
:10501000D8F8083098474FF02003EFF3118983F355
:105020001288BFF36F8F0848FEF7D8FB40B90749D5
:105030000748812202F036FE8121044802F0BDFEBD
:105040000148FEF7E7FB7BE7F00900202B8A000010
:10505000518A000018020020EC09002040000020C6
:1050600070B54FF02003EFF3118683F31288BFF37E
:105070006F8F1648FEF7B2FB40B9154915488122DB
:1050800002F010FE8121124802F097FE0F48FEF751
:10509000C1FBFDF7C3FD104BD3E9004524180B48B5
:1050A00045F10005FEF7A8FB40B909490948AC22C3
:1050B00002F0F8FDAC21064802F07FFE86F311886D
:1050C000BFF36F8F2046294670BD00BFF009002056
:1050D0002B8A0000518A000018020020024A03496E
:1050E000034802F0DFBD00BF748A00009B980000F7
:1050F000AA98000010B50C4C236813B10B4B1B6829
:105100002BB900F073FE30B90122084B1A6001235D
:105110000020236010BD0138062801D9044810BDC5
:10512000044B53F8200010BDF4090020F8090020BA
:10513000FE8FFFFF70880000BFF34F8F0549064BBD
:10514000CA6802F4E0621343CB60BFF34F8F00BF25
:10515000FDE700BF00ED00E00400FA054FF0FE336C
:10516000002130B4064A074D074C2B6013602360C2
:10517000064A074CEB606368C2F8001530BC18475C
:105180000414845000148450081484500000845087
:1051900048000020024BD0E90012C3E9001270471A
:1051A000480000202DE9F043154CDFF85C80002812
:1051B00018BF0446206883B040451DD016460D46F2
:1051C00020464FF4DE7104F1040900F0D3F804F531
:1051D0008C77484600F0F2FC384600F01DFB4A464A
:1051E00038462B460749009600F02CFB08B9C4F856
:1051F000008003B0BDE8F083002003B0BDE8F08379
:10520000D01300203D5C0000A5BCC95AF0B50D4C80
:105210000D4E002808BF2046076883B0B7420ED164
:1052200000261D4600F58C7033460096144600F0AB
:1052300057FB002818BF34462C6003B0F0BD03486C
:10524000FBE700BFD0130020A5BCC95AE88FFFFFC1
:1052500010B5044630B16368DB0602D50023236035
:10526000636010BD024B03485B689847F3E700BFDB
:10527000480000208C88000068B143683BB1DB0621
:1052800007D5BFF35F8F00230360184670470348BC
:105290007047034870476FF4E0407047EA8FFFFFA4
:1052A000E98FFFFF10B5044620B1002211232260D0
:1052B000636010BD0148FFF751FFF6E7B4880000B6
:1052C000A0B1436883B1DB060CD50122D0E8EF3FE3
:1052D000C0E8E12F0029F9D1012BF7D0BFF35F8F90
:1052E0000020704703487047034870476FF4E04060
:1052F000704700BFE98FFFFFEA8FFFFF2DE9F04104
:10530000144C0268C368D0E90156C4E90263C4E9D9
:105310000025114B0E684868104DC3E90060D1E9C3
:1053200002760869D5F81411C3E902761861CB0634
:105330000DD5002305F58870C5E94433C5E96D3303
:105340009047236805F5DA70BDE8F0411847BDE8DD
:10535000F08100BF5800002068000020D01300201A
:1053600038B131B1002201440346013081421A7044
:10537000FAD1704738B131B10022014403460130FF
:1053800088421A70FAD170472DE9F04FB2F5C07F0C
:10539000AFB000F22C81DFF86C9290460C464FF4CF
:1053A000D07200218246484602F0C2FD11A801F0E9
:1053B000E9F9002220232146A9F8102098FA98F450
:1053C000424609F11800A9F8124089F8173002F096
:1053D000A4FD8022874B8849884C09EB0800CDE961
:1053E00002410276019311A803F10C3301A9049341
:1053F00001F0DEF90746002840F0D88008F11908CE
:1054000005AE0DF1240B10220021304602F090FD74
:1054100045467B4C9DF8142014F8103C9DF815C0AF
:1054200014F80F1C9DF81600534014F80E2C8CEA4B
:10543000010C50409DF8171014F80D2C9DF818E041
:10544000514014F80C2C8DF814308EEA020214F836
:105450000B3C9DF819E08DF815C08EEA030314F893
:105460000ACC9DF81AE08DF816008EEA0C0C14F8A0
:10547000090C9DF81BE08DF817108EEA000014F857
:10548000081C9DF81CE08DF818208EEA010114F824
:10549000072C9DF81DE08DF819308EEA02029DF868
:1054A0001E3014F806EC8DF81AC083EA0E038DF84E
:1054B0001B008DF81C108DF81D208DF81E309DF8F6
:1054C0001F1014F8053C9DF820C09DF821004B40AA
:1054D00014F8042C14F8031C8CEA020241409DF8D5
:1054E00022C014F8020C9DF823E08CEA000014F8A6
:1054F00001CC8DF81F308EEA0C0C8DF820208DF831
:1055000021108DF8220033463246012111A88DF872
:1055100023C001F067F9102D94BF6D1B103D0028CA
:1055200063D11034002D7FF475AF0BEB0700102210
:10553000314602F0F2FC99F8033010370133202F86
:1055400089F803307FF45FAF8022594611A801F03B
:105550002FF9074668BB54460AF120050DAB1A46E1
:10556000012111A801F03EF9074610BB1022204688
:105570000DA9144402F0D1FCAC42EFD111A801F006
:1055800011F94FF4D0711F48FFF7F4FE584620215F
:10559000FFF7F0FE01A81021FFF7ECFE30461021C6
:1055A000FFF7E8FE38462FB0BDE8F08F05AE0DF1ED
:1055B000240B11A801F0F6F84FF4D0711148FFF751
:1055C000D9FE58462021FFF7D5FE102101A8FFF78C
:1055D000D1FE30461021FFF7CDFE50462021FFF7C7
:1055E000C9FE38462FB0BDE8F08F0746E1E76FF0FF
:1055F0003707F6E70001020308090A0B040506074E
:105600001C0A00200C0A00202DE9F041202204464B
:1056100088B00D4668460021A6186F4602F088FC47
:10562000E27B0132D2B2E273002A4DD1A27B013279
:10563000D2B2A273002A47D1637B0133DBB263731A
:10564000002B41D1237B0133DBB22373002B3BD1F1
:10565000E37A0133DBB2E372002B35D1A37A013355
:10566000DBB2A372002B2FD1637A0133DBB26372FA
:1056700053BB237A0133DBB223722BBBE3790133B3
:10568000DBB2E37103BBA3790133DBB2A371DBB9F6
:1056900063790133DBB26371B3B923790133DBB2D0
:1056A00023718BB9E3780133DBB2E37063B9A3787C
:1056B0000133DBB2A3703BB963780133DBB26370B3
:1056C00013B92378013323703B462246012130462B
:1056D00001F088F8804600282AD1103708AB9F4295
:1056E0009ED100992B686A684B40019930464A4028
:1056F000AE68029900937140EB68039E019273407B
:105700002A69049E0291564005996A6903935140A3
:10571000D5E90623069D05915540079A69465340F1
:105720008022CDE90653049601F042F8804638B154
:1057300068462021FFF71EFE404608B0BDE8F08114
:10574000102220460DEB020102F0E7FBF0E700BF5C
:105750002DE9F84304468069B0F5C07F54D81D4652
:10576000C0F5C073AB424FD3C5F5C073181A904251
:10577000164649D3DFF89C904FF4C0720F46484656
:10578000002102F0D5FB4946D4F89430A269D4F840
:105790009800984700283AD1D4F818804DB12A468D
:1057A000D4F89430D4F8980009EB0801984770BBFE
:1057B000A84407B1C6B9174942460846FFF7E4FDB9
:1057C000054638B14FF4C0711248FFF7D3FD2846A3
:1057D000BDE8F88320460F49FFF716FF054600286D
:1057E000F0D101232361EDE73946324609EB080089
:1057F00002F093FB0749B04442460846FFF7C4FD58
:1058000005460028DED1E5E76FF03705DFE76FF0EA
:105810003305DCE7AC0B002010B5A42200210446C0
:1058200002F086FB4FF0FF314FF6F072044B21611E
:10583000E26104F19C001B68BDE81040184700BFFE
:10584000AC0000202DE9F043054685B00F46164612
:10585000684610220021994602F06AFB1E4B05F1B2
:105860009C0840461B68984720B10446204605B076
:10587000BDE8F08305F12004204600F083FFAA690B
:10588000C5E92576EAB920222E69AA61002E20DB1F
:1058900020466946802200F08BFF044630B933462B
:1058A000494628460C9AFFF753FF04460B4B4046E7
:1058B0001B689847002818BF0446204605B0BDE87D
:1058C000F0832E69002EE3DA172A02D8531C5E08F3
:1058D000DEE70026DCE700BFB0000020B4000020B7
:1058E0002DE9F04FB2F5806F8DB0DDF8588000F2F1
:1058F000E480B8F5807F00F2DD80044615460E4650
:105900002022002104A81F4602F012FB6C4B04F178
:105910009C0948461B6898478346002840F09380BE
:105920002269E3699A4200F392806369002B40F098
:105930008E80B8F1000F40F0A980DFF888A16F4693
:10594000002D00F098806F4604F120080EE0102D25
:10595000AB4628BF4FF0100B304639465A4602F08E
:10596000DCFAB5EB0B055E4400F08580E37B013388
:10597000DBB2E373002B4DD1A37B0133DBB2A37306
:10598000002B47D1637B0133DBB26373002B41D122
:10599000237B0133DBB22373002B3BD1E37A01334A
:1059A000DBB2E372002B35D1A37A0133DBB2A372F1
:1059B000002B2FD1637A0133DBB2637253BB237A9E
:1059C0000133DBB223722BBBE3790133DBB2E3712A
:1059D00003BBA3790133DBB2A371DBB96379013374
:1059E000DBB26371B3B923790133DBB223718BB9B5
:1059F000E3780133DBB2E37063B9A3780133DBB240
:105A0000A3703BB963780133DBB2637013B92378B9
:105A1000013323703B4622460121404600F0E2FE5E
:105A20008346002893D0DAF800304846984703466A
:105A3000202104A8002B18BF9B46FFF79BFC38468B
:105A40001021FFF797FC58460DB0BDE8F08F424695
:105A5000394600232046FFF77BFEDFF868A00028C8
:105A60003FF46DAF4846DAF8003098478346002887
:105A70003FF465AFE7E7204604A9FFF7C5FD83467D
:105A80000028D0D1236901332361CCE7424639464F
:105A900004A8FFF779FC834618B16F46DFF824A00D
:105AA000C1E7204604A9FFF7AFFD834600283FF475
:105AB00044AFF2E76FF0370BC5E76FF0350BC2E785
:105AC000B0000020B40000202DE9F043202B1D463B
:105AD0000646894690468BB026D8DBB202AF3168C5
:105AE0008DF804908DF8053006F1040921B9484677
:105AF00000F0BCFE044640B9012302224846336050
:105B000001A900F0C7FE044638B138462021FFF74E
:105B100031FC20460BB0BDE8F0832A46414648469A
:105B200000F0B8FE0446F0E702AF19461046002325
:105B30003A4600F0B1FF04460028E6D12023B846DB
:105B40001D46CCE7F0B5D0F8F430A7B0002BD8BF95
:105B500002AE2CDD05460023D0F8084102AE0193C9
:105B6000A4F101073146D5F8F8409022D0F8FC00A6
:105B700001ABB7FA87F7A0477F09044610B9019B2C
:105B80003BB9A7B130469021FFF7F4FB204627B080
:105B9000F0BD014632462846FFF796FF50B9D5F8CA
:105BA0000031019A1344C5F80031002FEAD16FF09B
:105BB0003C04E7E70446204627B0F0BD70B5002559
:105BC000044629461422C0F8F450F83002F0B0F927
:105BD000164B04F586761B6830469847204640F8F9
:105BE000045B00F029FE124B30461B689847D8B979
:105BF000D4F8F430AB4211DC0121202503EB830201
:105C000004EB8202C2F8FC000A480B44C2F80451BB
:105C1000C2F8F800C2F80811C4F8F430064B304658
:105C2000BDE870401B68184770BD00BFAC00002085
:105C3000B000002081660000B40000202DE9F0478C
:105C4000202A88B078D83E4B00F5867904461B6838
:105C50004846174688469847054640BB40F201161D
:105C6000D4F8F430002B63D02046FFF76BFF0546D5
:105C700000285FD1D4F8F430002B07DDD4E94002CE
:105C8000904203D3D4F80821012A14D0013EE9D16F
:105C90006FF03B056E4630462021FFF76BFB294B2A
:105CA00048461B689847002818BF6FF01D05284616
:105CB00008B0BDE8F0871F28E8D96E4629462022A3
:105CC000304604F1040A02F033F93146504600F040
:105CD0000BFE05460028DED1504600F0C1FD5046BF
:105CE00000F0AAFD2946504600F0C0FD05460028F8
:105CF000D1D150462022314600F0CCFD0546002887
:105D0000C9D1034632462021304600F0C5FE054683
:105D10000028C0D1D4F8F4303A46002BC8BF002385
:105D200040463146C8BFC4F8003102F0F6F8B2E789
:105D30006FF03F056E46AEE76FF03B05B7E700BF7B
:105D4000B0000020B400002030B5C3B0DC22002138
:105D50000BA802F0EDF82822002101A802F0E8F8D3
:105D600001A800F0C1FE044610B1204643B030BD8A
:105D7000184D4FF0FF31286800F03AF90446C0B9D9
:105D8000002000F065F900BB134A01A90BA800F040
:105D900069FC0446012000F05BF990B9286800F026
:105DA0002FF90028E1D00D48FFF7D8F9204643B07D
:105DB00030BD0B48FFF7D2F9012C08BF0524EDD008
:105DC000DEE70848FFF7CAF9E8E70748FFF7C6F932
:105DD000DAE700BFA8000020940D00203089000001
:105DE000D888000010890000F088000010B582B04B
:105DF00000F054F828B100F0A3F80324204602B0C4
:105E000010BD00F06FF8D0B900F022F9D8B91E4BE0
:105E10001B681B0EF02B0AD11C4A1D4B12689A42BC
:105E200029D000F03DF8072400F08AF8E6E70624C0
:105E300000F036F800F084F8204602B010BD0424CB
:105E4000204602B010BD00F02BF800F079F8FFF703
:105E50007BFF044658B902460146FFF7A3F930B963
:105E600068220C4901ABFFF7D1F90028C6D0052400
:105E7000204602B010BD012000F0EAF80028E2D16F
:105E8000054B1860E3E700BF28198450241A84509A
:105E90000000E0202C0D00200C1A845000207047D8
:105EA00000207047430503D54FF0FF32024B1A60C4
:105EB000024B1860704700BF08118450081A8450C4
:105EC000014B1860704700BF041A845008B100F0FD
:105ED0006DB84FF47500704708B100F04FB84FF43B
:105EE0007500704710B5114800F06EF800B110BD94
:105EF0000F4800F069F80028F9D10E4C204600F058
:105F000063F80028F3D10C4B0C481C6000F05CF8DF
:105F100001460028EBD100F02DF8044608B12046D8
:105F200010BD00F077F82046FAE700BFA40000207B
:105F300098000020A0000020A80000209C00002065
:105F400008B5084800F04AF8074800F047F8074845
:105F500000F044F8064800F041F8BDE8084000F0C1
:105F60000BB800BFA400002098000020A000002073
:105F70009C00002000207047704700BF0246074881
:105F800003681342FCD021B1054B06481B680B6027
:105F90000360054B00201A60704700BF001A845050
:105FA0000411845008118450081A84500246044990
:105FB0000B681A42FCD0034B00201A60704700BFE8
:105FC000001A8450081A845008B5034B02681B68F5
:105FD00010689847002008BD5800002008B5034B02
:105FE00002685B6810689847002008BD58000020D0
:105FF000024B02689B681068184700BF58000020D9
:1060000008B5034B0268DB6810689847002008BD9C
:106010005800002070B5094C094D2069AB689847BD
:1060200018B1084B08485B6898470021074AEB689D
:1060300011602069BDE87040184700BF680000206B
:10604000580000204800002048890000B40F0020BC
:1060500070B51A4D1A4E0446B26828699047F0B9D7
:106060005CB1184C2368ABB1012B1AD0013B236003
:106070002869F3689847002070BD124C216839B92F
:106080000120114B114AC3F800051368002BFCD105
:1060900001312160F36828699847002070BD0C48E1
:1060A00070BD0A4A1368002BFCD1074A6FF07E408E
:1060B000C2F80035FFF704FF2368D7E76800002027
:1060C00058000020B40F00200000845010198450A4
:1060D000E98FFFFF014B1B68184700BF58000020E5
:1060E000014B9B68184700BF58000020014BDB683C
:1060F000184700BF580000202DE9F84300287CD045
:106100000C46002979D01D46002B76D0064622B1D8
:10611000012200232A60C0F8D8302B68002B68D0F9
:106120002946204600F0DCFD0746002862D12146C2
:10613000286800F0B7FD074600285BD12B68082BC4
:106140006AD0042B6BD0A3F10208B8FA88F84FEAA2
:10615000581801239C46334A3349136010460B609C
:10616000943AC0F800C0636A136011688B42F8D19A
:106170004FF000092D4B4FF0FF30C3F80090FFF7B0
:1061800091FE6FF01B022A4B48461A60FFF798FEFB
:10619000284A294BC2F80080186840F48060FFF755
:1061A0008FFE0A22254B1A60089A2369012A616A28
:1061B00027D0234AA2FB03231B09012203FB01F37F
:1061C00003EB43031F49DB039B090B60174B384666
:1061D0001A60D6F8D8302A6823F07F4343EA026376
:1061E000C6F8D8302A6843EA0223C6F8D830BDE89A
:1061F000F883154F3846BDE8F883144F3846BDE89C
:10620000F8834FF47F03D3F80C2C013202D0D3F87B
:106210000C3CCEE71623D0E74FF0030899E74FF088
:10622000020896E7C4118450401184502C11845008
:10623000001184500C118450041A84503811845079
:10624000ABAAAAAAD8118450310CF100350CF10088
:10625000F0B40024C9002646274601F1FF3C06E0C1
:106260009F4215D00126654518D82C461F46630964
:1062700050F8233004F01F01CB401F2904F1010521
:1062800018BF03F00103002CEAD101263546ECE7E4
:1062900001369642E7D10348F0BC70470020F0BCBD
:1062A000704700BF360CF10000285FD02DE9F041A7
:1062B0004C1EB4F5047F26D22BB322B3CC00012BA5
:1062C00004F1FF3E2FD000218C460F460D4603F10E
:1062D000FF384C0950F8244001F01F06F4401F2EEF
:1062E00018BF04F0010421B90125AC462946274610
:1062F000EFE7AB4213D0A74201D10CF1010C4545A9
:1063000004D1624502D21A48BDE8F0813C46013111
:106310008E4505F10105EAD20020BDE8F081002597
:106320004FF0010CF3E70026B446374631464B09DF
:1063300050F8233001F01F05EB401F2D18BF03F06C
:10634000010339B15FB99C4501D0634608E063465B
:10635000013605E0012631469C460127E7E73E4627
:10636000B242D0D30131A142F6D1D5E700487047FF
:10637000370CF1002DE9F04F8DB0189E07460C4602
:10638000179D002E4DD1D1F810B000211D60169B35
:106390001960002A00F023819D4A9E4B1168626AB1
:1063A0001B689A4248D10A2946D197F8DB300493FA
:1063B0000423B8460293984BA3FB0B234FEA930A9E
:1063C0000AEB4A0305F108020392ABEB430A169B62
:1063D000C3F800B0BBF1000F00F0C7805D464FF07E
:1063E0000009039E00F08CFC00230593B8F1000F18
:1063F00000F0E980002C00F0E680049B002B00F008
:10640000E080204604A900F06BFCB8B1834B9842B1
:1064100040F0AB80029000F073FC02980DB0BDE834
:10642000F08F4FF47F01D1F80C0C01300CBF4FF40A
:10643000047BD1F80CBCA8E77948EBE72146049827
:1064400000F030FC0028E1D1049F082F00F0BD804F
:10645000042F00F0BC80A7F10207B7FA87F77F0985
:10646000012319466F48036040F8843C6D4B69482E
:106470001960636A036000688342F7D100236A4AA7
:106480004FF0FF301360FFF70DFD00236FF01B018D
:106490001846664B1960FFF713FD6549654B0F60A1
:1064A00018685D4F40F48060FFF70AFD0A21012261
:1064B000574B614819602169636AA7FB01C109094B
:1064C00003FB01F303EB4303DB039B090360564B20
:1064D00005A81A600499D8F8D8200B0243EA016392
:1064E00022F07F421343C8F8D83000F0CBFB059B65
:1064F00003F01A03034338D1504BA7FB05271A6852
:106500001433069253F8102CB9EB970F079253F8F7
:106510000C2C089253F8082C099253F8042C0A9278
:106520001B680B9302D1BAF1000F41D118223046FB
:106530000DEB020100F016FB183D183609F10109B8
:10654000002D7FF44FAFBBF5047F5DD8039D594606
:1065500028466269FFF77CFE00284BD00023169A7C
:1065600013602E4B98423FF455AF049D082D34D054
:10657000002204AB214640466D0000920495FFF7CF
:10658000BBFD2F4B984224D000287FF443AFD8F8AE
:10659000D820130A03F47F03134323F07F43C8F882
:1065A000D830029B013B02937FF411AF002031E70A
:1065B0003046524606A900F0D5FAA5EB0A05564426
:1065C000BCE71F4822E71F4820E7032748E70227C8
:1065D00046E7236A002B3FF41DAF1B481AE7012250
:1065E00021463846009604ABFFF786FD00283FF4AD
:1065F000DFAE0FE74FF4806359462846A269FFF7E4
:1066000053FE0028AAD1D1E7169B1D60ADE700BF5D
:106610003811845030118450ABAAAAAA020CF100A0
:10662000300CF100C41184502C118450001184509E
:106630000C118450041A8450D811845014118450C1
:10664000310CF100350CF100320CF100002330B4B4
:10665000DDE903450493029BCDE9024530BCFFF719
:1066600089BE00BF10B5012486B005ABCDE9012479
:106670000093002204ABFFF77DFE06B010BD00BF03
:106680002DE9F04188B00592002968D01C46002B06
:1066900065D01546002A62D0DFF8E4800E46D8F8AF
:1066A00000004FF0FF31FFF7A3FC00284CD1002081
:1066B000FFF7CEFC002843D12A4800F015FAE8B1D4
:1066C00001204FF0FF37FFF7C3FC002834D14FF40F
:1066D00008712548FEF744FEDC212448FEF740FE01
:1066E00020482821FEF73CFED8F80000FFF788FC80
:1066F00000282DD1384608B0BDE8F0811A4907AB13
:10670000024603900291009316491848019405AB84
:10671000FFF79CFF0028D3D12368AB42D0D3079961
:1067200007462A463046083100F01CFA0120256051
:10673000FFF78EFC0028CAD00D48FEF70FFDC6E714
:106740000C48FEF70BFDB7E70B48FEF707FDAEE779
:106750000A48FEF703FD384608B0BDE8F0814FF067
:10676000FF37C7E7B412002094100020B80F0020B4
:1067700010890000F0880000D888000068890000B7
:10678000A800002010B5044630B100220123C4E95E
:106790001522C4E9173310BD0148FEF7DFFCF4E70A
:1067A0008089000018B17422002100F0DDB9704723
:1067B00088B199B110B50024802A846380F83C40E8
:1067C00006D104631022103000F0CCF9204610BD31
:1067D0006FF01F0010BD6FF0210070476FF01F00B9
:1067E000704700BF28B322B31BB3012921D870B56D
:1067F0000446816B86B017D0012917D110250021DE
:106800000DEB0506616310462946009502AA019624
:1068100000F084FA50B92B463246204602A900F017
:1068200037FD18B906B070BD0029E7D06FF0210020
:10683000F8E76FF02100704710B5044628B12046F4
:10684000BDE81040F02100F091B90448FEF786FC45
:106850002046BDE81040F02100F088B9948900007E
:1068600010B1F021FEF77CBD704700BF08B561B1E3
:10687000012907D1022100F05BF8002818BF6FF052
:10688000360008BD6FF0360008BD012100F050F859
:10689000F3E700BF70B58E18B6F5801F0B4614469F
:1068A0000546A0B001D8802A0CD9B3F5801F17D9AE
:1068B00022461946284600F07DF8044684B9204651
:1068C00020B070BD684600F04DF922466946284662
:1068D00000F070F880210446684600F047F9EDE7C3
:1068E0006FF03604EBE700BF70B5E8B10E46D9B1E2
:1068F000044600F031F80546B0B92368012B0BD0EF
:10690000022B01D0284670BD30461C2204F108013C
:1069100000F028F9284670BD3046202204F1080115
:1069200000F020F9284670BD6FF03605EAE700BF99
:1069300078B138B50D46F021044600F017F9402330
:1069400020462560E36500F021FA003818BF0120D9
:1069500038BD0120704700BF70B5056EA4B0044675
:1069600004AEE5B901220023626030462946CDE934
:10697000003302AA00F0D2F910B1012024B070BD9A
:106980002A46204602A900F02BFA0028F5D120461D
:1069900000F050FB0028F0D1206624B070BD802D9F
:1069A0002A46304628BF802204F1640100F0DAF85C
:1069B000256ED7E7002855D0F0B51546A5B0B2B181
:1069C0000E4651B30446D0E917301A1AB2FBF3F75A
:1069D00003FB1727AF4228BF2F46002F44D1834225
:1069E00008D0B5FBF3F703FB07F7CFB96DBB28461B
:1069F00025B0F0BD802B28BF802304F164011A4626
:106A000004A800F0AFF80023CDE9003304A8E16D3D
:106A100002AA00F083F9002833D0012025B0F0BD90
:106A2000002339463046CDE9003302AA00F076F95A
:106A30000028F2D13A46204602A900F0D1F90028F8
:106A4000EBD1ED1B3E44002DD1D0206E2A461930EB
:106A5000314604EB800000F085F8226E00202A44C5
:106A60002266C5E70120704704F1640318443A46E2
:106A700000F078F8D4E9173038443E44ED1B206626
:106A8000ADE72046E26D02A900F0AAF90028C4D1C2
:106A9000E36D2066A5E700BFF8B51C460546114822
:106AA0000E461746FFF7C8FE21460E48FFF7DEFEEA
:106AB000044620B10B48FFF7D3FE2046F8BD32460E
:106AC00029460848FFF7E6FE04460028F2D1394679
:106AD0000448FFF709FF04460248FFF7C1FE2046BD
:106AE000F8BD00BFDC1200201C2330B583B001A923
:106AF0000446019300F03EF8054638B9019B1C2B73
:106B000007D0164D20461C2100F030F8284603B06F
:106B100030BD0121D4E90032003B18BF0123E161FF
:106B20000AB143F00203A26832B9E26842B9C4E98B
:106B300008328BB90A4DE5E7E26843F004033AB145
:106B40000022284643F00803C4E9083203B030BDF0
:106B50001546C4E90832D9E71546D7E7370CF000E7
:106B60000E0CF00001F0C2B901F0E2B90A460021B2
:106B700001F0DEB9002866D0002964D00B681C2B18
:106B800061D14FF47F033B4AD3F8101C91425CD093
:106B9000D3F8102C013258D0D3F8102C4FF47F03C7
:106BA0000260D3F8141C344A914260D0D3F8142CFC
:106BB00001325CD0D3F8142C4FF47F034260D3F839
:106BC000182C12F5947F4FD0D3F8182C01324BD0EB
:106BD000D3F8182C4FF47F038260D3F81C1C274A8B
:106BE00091423ED0D3F81C2C01323AD0D3F81C2C61
:106BF0004FF47F03C260D3F8002C70322FD0D3F84B
:106C0000002C01322BD0D3F8002C4FF47F0302610B
:106C1000D3F8042CAF3220D0D3F8042C01321CD08E
:106C2000D3F8042C4FF47F034261D3F8081C144AB4
:106C300091420DD0D3F8082C013209D0D3F8083C8A
:106C40008361002070470120704740F6FC02A5E7F1
:106C500040F237338361002070475122E2E79022EF
:106C6000D3E742F60412C3E740F6D862B2E742F235
:106C7000D002A1E7FCF8FFFFD020FFFF0429FFFFAF
:106C800037F3FFFF014608B54FF48060FFF724F9A2
:106C900000230249024A0B60136008BDC8118450EA
:106CA0002C1184500138072805D8DFE800F00A0EBF
:106CB00004120404040609487047CB6800204B62A4
:106CC00070470B6800204B6270474B6800204B6296
:106CD00070478B6800204B62704700BF310CF10099
:106CE0000B6802E0082B0B6006D8026A13424FEAD9
:106CF0004303F7D00020704700487047310CF10083
:106D000000230449044A0B604FF480601360FFF7CE
:106D1000C9B800BF2C118450C41184502DE9F04132
:106D2000002682B0B0F1005F8DF80760099E27D37E
:106D30000C460444B4F1804F054621D817469846C6
:106D400001220DF1070300F09FFF0446C0B99DF832
:106D500007303D603B71AEB1B8F1000F09D002467B
:106D6000089940460DF1070300F08EFF40B99DF8E9
:106D700007302046C6F80080337102B0BDE8F081CC
:106D80004FF47504204602B0BDE8F081E8B110B5BB
:106D90000468012C04D0022C10D044B10C4810BD62
:106DA00020220C490830FFF7DDFE002010BD142220
:106DB00009490830FFF7D6FE204610BD20220749BA
:106DC0000830FFF7CFFE002010BD4FF4730070476E
:106DD0000100F300D8890000A4890000B8890000F0
:106DE0002DE9F041002900F0EF800446002800F072
:106DF000EF80036817460E46002B00F0B980013B78
:106E0000012B00F2CD804FF0FF3173484FF00208A4
:106E1000FFF7EEF8002840F0B5800020FFF718F9E2
:106E20000546002840F0B8806C4A1368002BFCD15E
:106E30006B480368002BFCD14FF0FF30FFF732F8AE
:106E4000684B186820F04000FFF73AF8012307204C
:106E5000654A66491360086042F8543CA16C644B73
:106E6000483A1960E16C116043F80C8C236863B1F7
:106E7000013B012B18D8616A5E4BA2F5BC72196008
:106E8000216A1160E26943F8082CA1695A4B5B4AF8
:106E9000196061691160216943F8081CE16842F8D2
:106EA000081CA26843F8102C554A1368002BFCD12B
:106EB000002F59D063684020012B04BF514A136052
:106EC0003168514A514B11601F60FEF7FFFF0546C4
:106ED0004B4A1368002BFCD1414A1368002BFCD1AC
:106EE00023685BB1013B012B16D8424B484A196815
:106EF000083B6162126822621B68E3613E4B3F4AB5
:106F00001968083AA1619168103B61619968216133
:106F10001268E2601B68A3600121002334483D4AE7
:106F20000068A0641068E06442F80C1C35483A49D7
:106F3000036002F5A0720B601368002BFCD12A4A93
:106F40001360002D3AD1274B186840F04000FEF73F
:106F5000B7FF0120FFF77CF860BB1F48FFF750F830
:106F600010BB2846BDE8F08104222B4B1A60AFE726
:106F70004FF0FF3118484FF00108FFF739F80028AB
:106F80003FF44BAF2548FEF7E9F80020FFF760F823
:106F9000054600283FF448AF2148FEF7DFF843E7F5
:106FA000204D2846BDE8F0811F48FEF7D7F8284657
:106FB000BDE8F0811D48FEF7D1F8CEE7102104F1BD
:106FC0000800FFF7D3FDBEE7194D2846BDE8F08164
:106FD0004FF47305C5E700BFA40000201C198450BE
:106FE000201C8450041A84501818845000198450AE
:106FF000CC1784505C168450501684504C16845024
:107000001019845084168450281C84502C1C8450E1
:1070100058168450D0178450C8178450D888000060
:10702000F08800000100F3003089000010890000A2
:107030000300F30000283AD02DE9F041D0E90623FF
:1070400092FA82F893FA83FE026A436AD0E9044115
:1070500012BA24BA1BBA04610262846A826B436268
:10706000C36BD0E9026509BA36BA2DBAC76A866021
:10707000C560066B456B416194FA84FC19BA14BA79
:10708000436C026C3FBA36BA2DBA12BA1BBAC0E9C9
:107090000C65C0E90E41C0F81880C0F81CE0C0F8CB
:1070A00028C0C762C0E910230020BDE8F0814FF47A
:1070B00073007047002860D038B5044690F83C0053
:1070C000022816D003283CD000282FD02C482D4D64
:1070D0002A682D4B12682D491A602B682C4A5C686F
:1070E0002C4B0C602968896811602A68D2681A6084
:1070F00038BD216B206C00F0DDFB224D0028E7D16C
:107100002A68214B1068214918602868204A406885
:1071100008602968896811602A68D268DA60216B82
:10712000206C00F03BFC002825D0D1E72169164AED
:10713000164B116061691960A1699160E2699A60FA
:1071400038BD216B206C00F0F9FB0E4D0028BFD13B
:107150002A680D4B10680D49186028680C4A406871
:1071600008602968896811602A68D268DA6000F0CE
:1071700009FC0028ACD1002038BD4FF471007047E5
:107180000900F1009400002000148450041484507D
:10719000081484500C14845010B50446314A136806
:1071A000002BFCD1304A1368002BFCD12F4A136806
:1071B000002BFCD12E4A1368002BFCD12D4A1368FA
:1071C000002BFCD12C4A1368002BFCD14FF0FF3070
:1071D000FEF768FE636B23F00403032BE36D36D0E8
:1071E000012B264B18680CBF20F0800020F02000F7
:1071F000FEF766FE0121224B1A4A19601368002B24
:10720000FCD1194A1368002BFCD11E49154A0B60AA
:107210001368002BFCD1144A1368002BFCD1626B5D
:1072200022F00401032918BFA36B4FEA820218BFA2
:1072300003F00103144902F01C0213430B60636B5B
:10724000072B02D10122114B1A60002010BD012B27
:107250000A4B18680CBF20F0400020F01000FEF729
:107260002FFEC7E71019845070148450201D8450DD
:10727000201C8450381D8450381C8450041A8450BB
:1072800000198450BC148450C01484507C14845061
:107290002DE9F04F87B0002900F0A5801646002A9E
:1072A00000F0A1800446002800F041811F46C36D14
:1072B0000D46002B50D1B7F5805F52D294F83C3088
:1072C000042B00F00B814FF000084FF0FF31A9486C
:1072D000FEF78EFE002840F0E0800020FEF7B8FEAA
:1072E000002840F0E3800121A34BA44A19601368F1
:1072F000002BFCD1636B032B39DC002B3ADADFF86F
:10730000C8929E4A1368002BFCD1B8F1000F40F0E0
:10731000DC80636B23F00403032BE36D58D0012B57
:10732000974B18680CBF40F0800040F02000FEF73B
:10733000C7FD0022904B01201A60FEF789FE00284D
:1073400040F0BF808B48FEF75BFE002840F0B28023
:10735000484607B0BDE8F08F012BAFD1B7F5803FAD
:10736000ACD3DFF86892484607B0BDE8F08F063B23
:10737000012BC4D8A36B012B00F2D680E36D012B47
:1073800037D8236E012B00F234812046FFF704FF2B
:1073900081460028B5D12046FFF78CFE81460028A3
:1073A000AFD1636B072BAAD801A252F823F000BF1C
:1073B0000F740000F97300006B750000F973000092
:1073C000FF720000FF7200006B750000F97300008F
:1073D000012B6B4B18680CBF40F0400040F01000D0
:1073E000FEF76EFDA5E7DFF8E891484607B0BDE877
:1073F000F08FDFF8E09184E72168624A624B116008
:1074000061681960A1689160E2689A60636B23F01B
:107410000403032B2A6809D0216E3368012907BFB2
:107420005A485B495B485C4903600F60E36D012B80
:107430000BBF5A4B5A4B5B495B490A601F60636B39
:1074400023F00403032B75D0236E012B0CBF802087
:107450002020FEF73BFD814600287FF452AF474BCA
:107460001A68002AFCD1636B9146013B062B11D8A8
:10747000DFE803F004BC041010BC0400414A424B96
:107480001168083221601968083361601268A260CF
:107490001B68E3600123A36533E74448FDF75EFE04
:1074A0000020FEF7D5FD00283FF41DAF4048FDF752
:1074B00055FE18E73F48FDF751FE484607B0BDE8C6
:1074C000F08F3D48FDF74AFE3CE70423202184F875
:1074D0003C3004F11000FFF749FB1AE7216B206CE8
:1074E00000F0D2F9E8B9DFF8F080DFF8F0B0D8F8B2
:1074F0000030DFF8ECA01B68DFF8E890CBF8003034
:10750000D8F800302D4A5B68CAF80030D8F800304F
:107510009B68C9F80030D8F80030DB681360216B35
:1075200071B14FF00108D0E6DFF8BC90E9E64FF406
:1075300071090DE7E36D012B0CBF4020102088E797
:10754000D4E913320093102304F11000CDE9012097
:1075500003930590D4E91123206C00F093FA0028DE
:107560004AD1002384F83C30DBE72168144A154BEC
:1075700045E700BFA4000020101884501019845063
:10758000041A84504014845044148450281D84509C
:107590002C1D8450301D8450341D84502C1C84506C
:1075A000341C8450281C8450301C8450D88800001F
:1075B000F088000030890000108900000C1484500D
:1075C00060148450641484500100F1000500F1003F
:1075D0000B00F1000300F10094000020001484501F
:1075E00004148450081484500200F1000F4A104B18
:1075F00046E7DFF8449084E6D8F8003005981B6829
:107600000C4ACBF80030D8F8003010215B68CAF87B
:107610000030D8F800309B68C9F80030D8F8003046
:10762000DB681360FFF7A2FA9BE700BF6014845089
:10763000641484500C1484500400F1002DE9F041CE
:1076400001B3FAB1044600287AD01D46436B0E46BA
:10765000072B1BD05DB9032B10D1836D73B9C0E923
:107660001955C0E91B55102500F164030B602B462A
:1076700031462046BDE8F041FFF70ABE2F463846A6
:10768000BDE8F081684F3846BDE8F081C36D002B3E
:1076900059D1B5F5805F5BD215B9A36D002B57D1D9
:1076A0004FF0FF316148FEF7A3FC002840F09A80BC
:1076B0000020FEF7CDFC002840F0908001215C4BBB
:1076C0005C4A19601368002BFCD1636B032B20DD2F
:1076D000063B012B1FD8A36B012B3BD8E36D012B7D
:1076E00000F28880236E012B00F286802046FFF78F
:1076F00053FD074680B92046FFF7DCFC074658B922
:10770000636B072B07D8DFE803F031275527060600
:107710005527002BDFDA484F464A1368002BFCD16F
:10772000434A01201360FEF793FC00285ED13F48D6
:10773000FEF766FC0028A2D04048FDF70FFD9EE74B
:107740004FF471079BE7012BA6D1B5F5803FA3D37A
:107750003B4F94E73B4FDFE721683B4A3B4B1160CF
:1077600061681960A1689160E2689A6001233849F4
:10777000384A0B601560002D40D1A26D0AB9364A17
:1077800013602C4B1F68002FFCD1636B013B062B51
:10779000C2D801A252F823F0BD770000D7770000CD
:1077A000BD7700001977000019770000D777000037
:1077B000BD7700002168294A294BD0E7224A234B94
:1077C0001168083221601968083361601268A2608C
:1077D0001B68E360A0E7214A214BF1E72148FDF750
:1077E000BDFC6BE72048FDF7B9FC61E71F48FDF7DA
:1077F000B5FC9CE71E4F8FE71E4F8DE7E26D3368A7
:10780000012A0AD010201C491C4A0B601560FEF7A3
:107810005DFB07460028B4D07EE71949194A0B6082
:1078200040201560F3E700BF0B00F100A40000202A
:1078300010188450101984500100F10030890000A4
:107840000500F1000200F1004014845044148450FB
:107850007C148450BC1484502415845060148450CB
:1078600064148450F0880000D8880000108900005B
:107870000300F1000400F100301C8450341C8450DB
:10788000281C84502C1C84507F280CD849B1032913
:1078900001D00648704706497F280CBF08460020E3
:1078A0007047084670470248704700BF0300F70062
:1078B0000100F700F0B41C4AC500441C05F57F0325
:1078C00003F50443C2F800451C6882B0BFF34F8F34
:1078D00000230094C2F80035009E144CA64218D034
:1078E000A9B1134E871C2E44C2F800753568BFF34A
:1078F0004F8F0195C2F80035019AA24209D07F2826
:1079000007D803290BD17F2803D0184602E07F282F
:1079100003D9084802B0F0BC70470846FAE70648A9
:1079200002B0F0BC704700BF00900350501A845062
:107930000884FF000100F7000300F700B9B90D4A01
:10794000C30003F57F030130C2F8000503F50443CB
:1079500082B01B68BFF34F8F0193C2F80015019AE4
:10796000054B06489A4208BF002002B07047044801
:10797000704700BF00900350501A84500100F70078
:107980000300F700002001220249034B08601A603F
:10799000704700BF381A84507814845009B13248B7
:1079A000704730B40124314B314A84B0C2F80045ED
:1079B000C3F80811D3F80851C2000295029DC3F81C
:1079C0000011D3F8005120440295029DC3F8041120
:1079D000D3F8041102F57F020291029902F50442E4
:1079E000C3F800051268BFF34F8F03920399214A31
:1079F000914232D11A461C6005E09DF80630DBB991
:107A00009DF80730C3B9D2F80031003B18BF0123FD
:107A10008DF80530D2F80831003B18BF01238DF8EE
:107A20000630D2F80431003B18BF01238DF807302F
:107A30009DF80530002BE0D09DF806308BB99DF8FD
:107A4000073003F0FF0233B91046084BC3F8002596
:107A500004B030BC70470848FAE7084804B030BCAE
:107A600070470748F4E700BF0C00F1000090035096
:107A700000008450001484500200F7000600F70054
:107A80000100F7002DE9F0470024CEB00546DDE9FE
:107A900058968A4617462146742210A8984600F048
:107AA00047FA214680222EA82D9400F041FA842323
:107AB000B6F57F6FCDE90C44CDE90E44069373D83B
:107AC00006AB2DAC01934146DDE9562338460296BC
:107AD000009400F07DF800286DD1002201230121DF
:107AE0000727CDE92623364AEB00209503F57F03CF
:107AF0000D44CDE91CA71E90289103F50443C2F85C
:107B000000551B68BFF34F8F0793C2F80005079A13
:107B10002C4B9A4242D103220DF117031A701B78A5
:107B2000102110A88DF87C30FFF720F810220DF1FD
:107B300028080092204606990CAB08AACDF80480CC
:107B4000FFF7ECF8074600BB012410E0102E354685
:107B500028BF102510A92A46FFF704F8102110A805
:107B6000FFF704F80134761B2F44E4B221D0069BC2
:107B7000424608A910A88DF8B440FFF75FFD034600
:107B800009EB0700002BE1D01F4610A8742200214A
:107B9000FEF7EAFF38464EB0BDE8F08702220DF14D
:107BA00017038DF81720BAE7074F38464EB0BDE8E7
:107BB000F0873746E9E7054F38464EB0BDE8F08715
:107BC00000900350501A84500F00F1000E00F10095
:107BD0002DE9F041002682B00A9D0196B5F57F6F30
:107BE0003BD8EE00B6F5807F1F4634BF0323042345
:107BF0004D1E3F2D0C4600932FD870B3904617B101
:107C00005AB3402F29D8089A3AB3099A116821B378
:107C1000E2191344994220D3089B22460146581C7E
:107C2000FEF7A0FF0022089B23445A70023407BBD2
:107C3000FF2E009615D9089B3502ADB21819022205
:107C400045EA162501A90195FEF78CFF02340020B4
:107C5000099B1C6002B0BDE8F0810A4802B0BDE893
:107C6000F081089B012218196946FEF77BFF013459
:107C7000EDE7089B414618193A46FEF773FF3C446E
:107C8000D6E700BF0600008000201870704700BFD4
:107C9000704708B5F9F790FABDE80840F9F72CBA33
:107CA000002070470FB407B504A951F8040B0191E7
:107CB000F8F766FC03B05DF804EB04B0704738B524
:107CC0000C46054658B151B10B6843B14B6833B10E
:107CD0002022002100F02CF900202C6138BD6FF02B
:107CE0001500FBE7044608B5084611461A46A047AA
:107CF000FCF794FEFAF72CF92DE9F74F9946D37863
:107D000014466F2BA3F1410206460F4601922DD077
:107D100028D8582B14BF0A251025AA464FF0000B6F
:107D2000DDF8308052465B4630463946F8F786FA31
:107D3000092AD3B21FD830335F45DBB208BF56459E
:107D400008F8013D01D3C84512D823789B0605D514
:107D5000082D16D1A37843F00803A370404603B062
:107D6000BDE8F08F03F0F703702BD3E70825D4E7C5
:107D700006460F46D6E7019A192A94BF3733573380
:107D8000DAE7102DEAD1A37843F01003E5E72DE9F7
:107D9000F0410746884615461E461446B442A4EBF9
:107DA000050002D33EB923782BB1414614F8010BEC
:107DB000B8470028F2DABDE8F081404080F311882E
:107DC0004FF0040002DF7047704784B004AB03E952
:107DD0000700002383F31188BFF36F8F04B070474F
:107DE0000FB407B504A951F8040B0191F8F7C8FBCB
:107DF00003B05DF804EB04B070470022C0E9002234
:107E000082607047002008B5F8F788FF01460068D7
:107E1000F9F736BC00210120F9F732BC024643B223
:107E20000846C1B9002B27DB01205B099B0003F149
:107E3000604303F56143D3F8801202F01F029040C3
:107E400021EA0001C3F88012D3F88002D04000F08C
:107E50000100C0B27047002B0DDB01215B099B00C4
:107E600003F1604303F56143D3F8800202F01F027F
:107E700091400143E6E70020704708B5F9F772FC2E
:107E8000BDE80840F9F734BD436E83F30B887047B3
:107E900040E800F313F4803FD8B208BF6FF015003C
:107EA000704740E800F0C0F3805070470346002060
:107EB0001A5C02B970470130FAE7034600201A5CE9
:107EC0000AB1884200D170470130F8E710B55AB1C5
:107ED0000139841810F8012B11F8013FA04201D09C
:107EE0009A42F7D0D01A10BD1046FCE7431A9342CD
:107EF00010B500EB020308D3024601399A420BD0B9
:107F000011F8014F02F8014BF8E70A4412F8014D4D
:107F10008A4203F8014DF9D110BD10B5431E0A4441
:107F2000914200D110BD11F8014B03F8014FF7E762
:107F30000346C9B20244934200D1704703F8011BC3
:107F4000F9E74FF0FF30704710B54FF02003EFF323
:107F5000118283F31288BFF36F8F036803F0070465
:107F6000012C06D10160002082F31188BFF36F8FCE
:107F700010BD03F0C0038B4214BF4FF0FF306FF011
:107F80007700F1E74FF02003EFF3118283F31288BB
:107F9000BFF36F8F036803F0C00343F00203036075
:107FA00082F31188BFF36F8F70470069CBB200EB8B
:107FB0004310002110470020FBF72CB80020FBF7EE
:107FC00079B88022FAF77EBA1046FBF7C7BD2DE9D3
:107FD000F0410C24C9B24C430569064604F148003F
:107FE0008021284490461F46FFF7AEFF002806DB9D
:107FF0002544C5E9108773681B5998470020BDE8E0
:10800000F08143681B68D3F80423D10518D5D3F851
:108010002021AAB14FF02001EFF3118281F31288E1
:10802000BFF36F8FD3F8201131B10021C3F82011B5
:10803000D3F820110121D96082F31188BFF36F8F2B
:1080400042685268D20615D54FF02001EFF3118235
:1080500081F31288BFF36F8FD3F8581111B100214B
:10806000C3F800154FF48001C3F8081382F3118898
:10807000BFF36F8F70470B460269D2E9010183E8B5
:1080800003000020704743681B68D3F88004C3F8DE
:108090008004704742681368D3F8580140B95268A9
:1080A000920706D4D3F82001003818BF012070478A
:1080B00001207047436802691B68D3F8100148B17A
:1080C0000020527C0A70C3F81001D3F8102101225D
:1080D0001A6070474FF0FF3070472DE9F7430646AE
:1080E000012100220820F9F717FB0820F9F7F6FA1A
:1080F0000023D6F804803769D8F80040C4F800356A
:108100003E607568EB68591C11D001A80193FAF71D
:10811000DBFB0123019A93408360EB6801A8019384
:10812000FAF7D2FB0322019B803340F823202B690E
:108130005A1C10D02A7F01A8002A14BF4FF003094F
:108140004FF000090193FAF7BFFB019B4FEA890248
:10815000803340F823206B69581C11D001A801938B
:10816000FAF7B2FB0123019A934083606B6901A87F
:108170000193FAF7A9FB0322019B803340F82320E7
:10818000AB69591C10D06A7F01A8002A14BF4FF0B8
:1081900003094FF000090193FAF796FB019B4FEAA0
:1081A0008902803340F823202B68D5E90312C3F8F5
:1081B0000C15C3F81425D5E90512C3F80815316963
:1081C0003046C3F810250431FAF7CCFA40BB082337
:1081D000C4F8003598F808305BB9C4F81001D4F839
:1081E000103107F11103C4F834350123C4F83835D0
:1081F0002360D8F8043010379A075CBF4FF48072C0
:10820000C4F80423DB0644BF4FF48003C4F80433EE
:108210000023C4F84475C4F848350123A360E36023
:1082200003B0BDE8F083002208B511461046FCF704
:10823000B9FF002818BF6FF0150008BDFCF75ABF42
:1082400008B5F9F747F9F9F7F1F9BDE80840FCF787
:1082500051BF004700F061B8704738B1C368188853
:10826000C0F30800A0F5807358425841704730B5FC
:108270000024C461846041EA020414F00304C0E9EC
:10828000033241610CD18461A34203D1C0E90000F3
:10829000002030BD856901340D6081611144F3E730
:1082A0006FF01500F5E7EFF30580003818BF0120E7
:1082B00070470020704708B5F8F7E6FDBDE80840B4
:1082C000FAF7EABC03460020C3E90033C3E9020021
:1082D0007047034620B9EFF305820AB9F9F762BA8D
:1082E00083F31188BFF36F8F70474FF02003EFF3D4
:1082F000118083F31288BFF36F8FFFF7EABF034645
:108300000068834203D0002838BF00207047002057
:10831000704708B5FCF7A4FE08BD08B1F8F72ABD00
:1083200070470000FAF73ABD447FFF7F010000006C
:108330004D0D000000000000652500008083000056
:1083400075340000000000003D82000000000000C5
:108350002782000098830000DB800000B0830000CB
:108360000D27000000000000A12A0000000000000E
:108370004182000000000000DD2C00000000000031
:108380006D8C0000E4870000CC870000B80000205E
:1083900030090020148600008B95000000000000CA
:1083A0003C880000C0000020000000000E86000095
:1083B000449500001C88000008880000BC000020D4
:1083C000280000200886000000000000157E000044
:1083D00000000000157E000000000000157E000077
:1083E00000000000157E000000000000157E000067
:1083F000813100005382000000000000157E000063
:1084000000000000157E0000B08300000380000023
:1084100000000000157E000000000000157E000036
:1084200000000000157E000000000000157E000026
:1084300000000000157E000000000000157E000016
:1084400000000000157E000000000000157E000006
:1084500000000000157E000000000000157E0000F6
:1084600000000000157E000000000000157E0000E6
:1084700000000000157E000000000000157E0000D6
:1084800000000000157E000000000000157E0000C6
:1084900000000000157E000000000000157E0000B6
:1084A00000000000157E000000000000157E0000A6
:1084B00000000000157E000000000000157E000096
:1084C00000000000157E000000000000157E000086
:1084D00000000000157E000000000000157E000076
:1084E00000000000157E000000000000157E000066
:1084F00000000000157E000000000000157E000056
:1085000000000000157E000000000000157E000045
:1085100000000000157E000000000000157E000035
:1085200000000000157E000000000000157E000025
:1085300000000000157E000000000000157E000015
:1085400000000000157E000000000000157E000005
:1085500000000000157E000000000000157E0000F5
:1085600000000000157E000000000000157E0000E5
:1085700000000000157E000000000000157E0000D5
:1085800000000000157E000000000000157E0000C5
:1085900000000000157E000000000000157E0000B5
:1085A00000000000157E000000000000157E0000A5
:1085B00000000000157E000000000000157E000095
:1085C00000000000157E000000000000157E000085
:1085D0000395000003000000AC95000003000000BC
:1085E000F5930000030000007C97000003000000EA
:1085F000698A000003000000278A000003000000D1
:108600004B9500000100000000800080FF7F00808B
:108610000080FF7F00800080FF7FFFFFFFFFFFFFE4
:10862000DEE61E284CBBCE8F025B0000DEE61E2875
:10863000EAAC45B8025B0000DEE61E284CBBCE8FDC
:10864000025B0000000000000000000000000000CD
:108650000338FDD870470000628C00004201000022
:10866000698C000005010000738C000014010000FB
:108670007C8C000015010000858C00003901000091
:108680008E8C000009010000998C00000A00000097
:10869000A48C00000A010000AE8C00000B01000059
:1086A000B88C00000F010000C38C00001001000016
:1086B000CE8C000011010000D98C00000E010000DA
:1086C000E38C000021010000EC8C0000220100007E
:1086D000F58C000023010000FE8C00002401000046
:1086E000078D0000180100000F8D00002A01000016
:1086F000178D00003A0100001F8D00002C010000C2
:10870000278D00001B010000308D00001C010000BF
:10871000398D00001D010000428D00001E01000087
:108720004B8D00001F010000548D0000200100004F
:108730005D8D000017010000678D0000040100003E
:10874000768D0000260100007E8D000028010000CB
:10875000868D0000310100000000000000020000D2
:1087600000040000000800000010000000000000ED
:10877000057E00006D15000025150000DD150000C8
:10878000E11400001C000020040000201400002060
:10879000000000000C00002000000020000000008D
:1087A0000600010002000000AC870000000000008D
:1087B000AB94000006000000E0FF0F000000002066
:1087C000B394000021000000E07F0020D9260000C3
:1087D000C37F0000CF7F0000000000009124000054
:1087E0000000000051260000B5260000F7940000AC
:1087F000B77F0000BD7F0000FD940000452400000D
:108800003D25000000000000B58000002D2900007B
:1088100087800000652700007780000000800050FE
:1088200000000000000000001F0000001E0000000B
:10883000FFFFFFFFFFFFFFFF01010000F129000024
:108840000000000030830000688300007083000097
:108850008083000080830000F5FFFFFF2D9700005C
:108860003B9700004F9700005E9700006A9700005A
:10887000FF8FFFFFFF8FFFFFFE8FFFFFFE8FFFFFCA
:10888000FD8FFFFFFC8FFFFFFC8FFFFF6D75746591
:10889000785F667265652063616C6C6564207769DA
:1088A0007468204E554C4C20706172616D65746522
:1088B0007200000043616E277420696E69746961FB
:1088C0006C697A65206D757465782C2077617320EA
:1088D0004E554C4C0D0A00004661696C20746F20A7
:1088E00061637175697265206D757465780A000041
:1088F0004661696C20746F20696E6372656173658F
:1089000020504D20636F756E7465720A0000000080
:108910004661696C20746F2064656372656173657C
:1089200020504D20636F756E7465720A0000000060
:108930004661696C20746F2072656C656173652097
:108940006D757465780A0000436F756C64206E6FF6
:1089500074206C6F636B20706F7765722073617623
:1089600065206D75746578004661696C20746F20B0
:10897000756E6C6F636B206D757465780A0000000E
:108980006374782063616E6E6F74206265204E554B
:108990004C4C00000A637478206973204E554C4C8F
:1089A0000A0000000123456789ABCDEFFEDCBA98D1
:1089B00076543210F0E1D2C3D89E05C107D57C367B
:1089C00017DD703039590EF7310BC0FF111558689B
:1089D000A78FF964A44FFABE67E6096A85AE67BB44
:1089E00072F36E3C3AF54FA57F520E518C68059B91
:1089F000ABD9831F19CDE05B286E696C29004661F5
:108A0000696C656420746F207265626F6F743A20C0
:108A10007370696E6E696E6720656E646C657373E2
:108A20006C792E2E2E0A00736F6300574553545FE6
:108A3000544F504449522F7A65706879722F696E8D
:108A4000636C7564652F7370696E6C6F636B2E68F1
:108A500000415353455254494F4E204641494C2002
:108A6000402025733A25640A00706D0053656375D4
:108A700072650909004E6F6E2D5365637572650945
:108A800000574553545F544F504449522F6E7266FD
:108A90002F7375627379732F73706D2F73706D2ED2
:108AA000630025303275202530327520307825302E
:108AB000357820307825303578200900256300533B
:108AC000504D3A204E5320696D61676520617420D6
:108AD000307825780A0053504D3A204E53204D539C
:108AE0005020617420307825780A0053504D3A2088
:108AF0004E5320726573657420766563746F7220BF
:108B0000617420307825780A0053504D3A207072F5
:108B1000657061726520746F206A756D7020746F66
:108B2000204E6F6E2D53656375726520696D6167A8
:108B3000652E0A004E6F6E2D536563757265004693
:108B40006C61736820726567696F6E730909446FA1
:108B50006D61696E09095065726D697373696F6E35
:108B6000730A00574553545F544F504449522F6D78
:108B70006F64756C65732F68616C2F6E6F726469BA
:108B8000632F6E7266782F68616C2F6E72665F73EA
:108B900070752E68004E6F6E2D736563757265205B
:108BA00063616C6C61626C6520726567696F6E20D1
:108BB0003020706C6163656420696E20666C61733F
:108BC0006820726567696F6E202564207769746814
:108BD0002073697A652025642E0A00436F756C64E2
:108BE000206E6F7420696E697469616C697A6520A2
:108BF000736563757265207365727669636573204A
:108C000028657272202564292E0A005352414D2096
:108C1000726567696F6E0909446F6D61696E090954
:108C20005065726D697373696F6E730A0050657277
:108C30006970686572616C0909446F6D61696E09DC
:108C4000095374617475730A002530327520252D1F
:108C500032317325730009534B49500A00094F4BB9
:108C60000A004E52465F5030004E52465F434C4F12
:108C7000434B004E52465F52544330004E52465FC3
:108C800052544331004E52465F4E564D43004E52B1
:108C9000465F554152544531004E52465F55415250
:108CA000544532004E52465F5457494D32004E52A1
:108CB000465F5350494D33004E52465F54494D452F
:108CC0005230004E52465F54494D455231004E528B
:108CD000465F54494D455232004E52465F53414122
:108CE0004443004E52465F50574D30004E52465F4F
:108CF00050574D31004E52465F50574D32004E5244
:108D0000465F50574D33004E52465F574454004E15
:108D100052465F495043004E52465F564D43004E07
:108D200052465F465055004E52465F45475530000B
:108D30004E52465F45475531004E52465F454755B6
:108D400032004E52465F45475533004E52465F450E
:108D5000475534004E52465F45475535004E524602
:108D60005F4450504943004E52465F524547554C70
:108D700041544F5253004E52465F50444D004E52A4
:108D8000465F493253004E52465F4750494F544563
:108D900031006D757465785F696E69742063616C0C
:108DA0006C65642077697468204E554C4C20706166
:108DB00072616D6574657200436F756C64206E6FCF
:108DC0007420616C6C6F63617465206D7574657877
:108DD000206265666F726520696E697469616C698D
:108DE0007A696E670025633A2072302F61313A202C
:108DF00020307825303878202072312F61323A20A7
:108E000020307825303878202072322F61333A2094
:108E1000203078253038780A0025633A2072332FC5
:108E200061343A2020307825303878207231322F62
:108E300069703A2020307825303878207231342F0C
:108E40006C723A20203078253038780A0025633A51
:108E50002020787073723A20203078253038780AD4
:108E60000025633A204661756C74696E6720696EEF
:108E7000737472756374696F6E2061646472657374
:108E80007320287231352F7063293A2030782530CD
:108E900038780A00574553545F544F504449522F75
:108EA0007A65706879722F617263682F61726D2FB5
:108EB000636F72652F616172636833322F697271FB
:108EC0005F6D616E6167652E630025633A202A2A13
:108ED0002A2A2A204D5055204641554C54202A2AF2
:108EE0002A2A2A0A0025633A202020537461636BE2
:108EF000696E67206572726F722028636F6E746589
:108F000078742061726561206D696768742062659C
:108F1000206E6F742076616C6964290A0025633ABB
:108F2000202020556E737461636B696E67206572D3
:108F3000726F720A0025633A202020446174612018
:108F40004163636573732056696F6C6174696F6EFA
:108F50000A0025633A2020204D4D464152204164AD
:108F600064726573733A20307825780A0025633A75
:108F7000202020496E737472756374696F6E20418E
:108F800063636573732056696F6C6174696F6E0AF1
:108F90000025633A202020466C6F6174696E672D4E
:108FA000706F696E74206C617A7920737461746576
:108FB00020707265736572766174696F6E20657278
:108FC000726F720A00574553545F544F50444952D0
:108FD0002F7A65706879722F617263682F61726D84
:108FE0002F636F72652F616172636833322F636F15
:108FF000727465785F6D2F6661756C742E630025E1
:10900000633A202A2A2A2A2A2042555320464155CB
:109010004C54202A2A2A2A2A0A0025633A20202092
:10902000537461636B696E67206572726F720A00B8
:1090300025633A202020507265636973652064615E
:10904000746120627573206572726F720A00256305
:109050003A20202042464152204164647265737375
:109060003A20307825780A0025633A202020496D7F
:1090700070726563697365206461746120627573E1
:10908000206572726F720A0025633A202020496EB3
:10909000737472756374696F6E2062757320657284
:1090A000726F720A0025633A202A2A2A2A2A20553A
:1090B00053414745204641554C54202A2A2A2A2A02
:1090C0000A0025633A2020204469766973696F6E2F
:1090D000206279207A65726F0A0025633A20202089
:1090E000556E616C69676E6564206D656D6F727930
:1090F000206163636573730A0025633A202020535F
:109100007461636B206F766572666C6F772028637D
:109110006F6E746578742061726561206E6F742063
:1091200076616C6964290A0025633A2020204E6F1D
:1091300020636F70726F636573736F7220696E73F3
:109140007472756374696F6E730A0025633A202028
:1091500020496C6C6567616C206C6F6164206F6680
:10916000204558435F52455455524E20696E746FE6
:109170002050430A0025633A202020496C6C656723
:10918000616C20757365206F66207468652045509A
:1091900053520A0025633A202020417474656D7093
:1091A0007420746F206578656375746520756E64CE
:1091B0006566696E656420696E737472756374693F
:1091C0006F6E0A0025633A202A2A2A2A2A2053454C
:1091D00043555245204641554C54202A2A2A2A2AD2
:1091E0000A0025633A202020416464726573733A53
:1091F00020307825780A0025633A202020496E76B1
:10920000616C696420656E74727920706F696E7428
:109210000A0025633A202020496E76616C6964203B
:10922000696E74656772697479207369676E6174B9
:109230007572650A0025633A202020496E76616CBC
:10924000696420657863657074696F6E20726574F7
:1092500075726E0A0025633A202020417474726989
:10926000627574696F6E20756E69742076696F6CB3
:109270006174696F6E0A0025633A202020496E767A
:10928000616C6964207472616E736974696F6E0ACF
:109290000025633A2020204C617A79207374617430
:1092A0006520707265736572766174696F6E0A000D
:1092B00025633A2020204C617A79207374617465AB
:1092C000206572726F720A0052657365727665640A
:1092D00020457863657074696F6E2028005370753F
:1092E00072696F757320696E74657272757074201F
:1092F00028495251200025633A2020205320696ECE
:10930000737472756374696F6E20616464726573DF
:10931000733A2020307825780A0025633A202A2ADB
:109320002A2A2A2048415244204641554C54202A9A
:109330002A2A2A2A0A0025633A202020427573200F
:109340006661756C74206F6E20766563746F722031
:109350007461626C6520726561640A0025633A205D
:1093600020204465627567206576656E740A002565
:10937000633A2020204661756C7420657363616CCC
:109380006174696F6E20287365652062656C6F7704
:10939000290A0025633A20415243485F4558434516
:1093A0005054207769746820726561736F6E202550
:1093B000780A0A0025633A202A2A2A2A2A204465A4
:1093C000627567206D6F6E69746F72206578636572
:1093D0007074696F6E202A2A2A2A2A0A0025633AA5
:1093E000202A2A2A2A2A20257320256429202A2A8D
:1093F0002A2A2A0A006D70750025633A20466169A1
:109400006C656420746F20616C6C6F63617465209F
:109410006E6577204D505520726567696F6E202507
:10942000750A0A0025633A20506172746974696F85
:109430006E2025753A2073616E69747920636865C2
:10944000636B206661696C65642E0A0025633A20AF
:10945000496E76616C696420756E6465726C7969B9
:109460006E6720726567696F6E20696E646578202B
:1094700025750A00574553545F544F504449522FA5
:109480007A65706879722F617263682F61726D2FCF
:10949000636F72652F616172636833322F6D70750F
:1094A0002F61726D5F6D70752E6300464C4153489D
:1094B0005F30005352414D5F3000574553545F5465
:1094C0004F504449522F7A65706879722F647269DF
:1094D000766572732F636C6F636B5F636F6E74720C
:1094E0006F6C2F636C6F636B5F636F6E74726F6C06
:1094F0005F6E72662E63006866636C6B006C6663F9
:109500006C6B00636C6F636B5F636F6E74726F6C18
:1095100000574553545F544F504449522F6D6F6468
:10952000756C65732F68616C2F6E6F726469632F41
:109530006E7266782F68616C2F6E72665F677069F5
:109540006F2E6800554152545F3000756172745F30
:109550006E7266785F756172746500574553545F2B
:10956000544F504449522F6E72662F64726976656B
:1095700072732F656E74726F70792F656E74726F6F
:1095800070795F63633331302E6300435259505416
:109590004F43454C4C0025633A2052657365747403
:1095A000696E672073797374656D0A006661746112
:1095B0006C5F6572726F72004552524F523A20438F
:1095C000616E6E6F742066756C66696C6C204558B0
:1095D000545F41504920726571756573742E0D0A90
:1095E000005741524E494E473A204F7074696F6E92
:1095F000616C204558545F41504920726571756512
:109600007374206E6F742066756C66696C6C65642B
:109610002E0D0A00574553545F544F504449522F62
:109620006D6F64756C65732F68616C2F6E6F7264FB
:1096300069632F6E7266782F68616C2F6E72665F39
:10964000636C6F636B2E6800574553545F544F50E3
:109650004449522F6D6F64756C65732F68616C2F70
:109660006E6F726469632F6E7266782F64726976AA
:109670006572732F7372632F6E7266785F636C6F9F
:10968000636B2E6300556E6B6E6F776E2065727222
:109690006F7200756E6B6E6F776E0025633A203EB9
:1096A0003E3E205A455048595220464154414C2094
:1096B0004552524F522025643A202573206F6E2068
:1096C0004350552025640A0025633A204661756C95
:1096D0007420647572696E6720696E746572727544
:1096E00070742068616E646C696E670A0A00256395
:1096F0003A2043757272656E742074687265616495
:109700003A20257020282573290A00574553545FB5
:10971000544F504449522F7A65706879722F6B65A7
:10972000726E656C2F666174616C2E6300435055D8
:1097300020657863657074696F6E00556E68616E40
:10974000646C656420696E74657272757074005320
:109750007461636B206F766572666C6F77004B6522
:10976000726E656C206F6F7073004B65726E656C06
:109770002070616E6963006D61696E006F730057E0
:109780004553545F544F504449522F7A657068795D
:10979000722F6B65726E656C2F6D656D5F736C619A
:1097A000622E6300574553545F544F504449522F23
:1097B0007A65706879722F6B65726E656C2F74684C
:1097C000726561642E6300574553545F544F504493
:1097D00049522F7A65706879722F6B65726E656C6D
:1097E0002F69646C652E6300574553545F544F5086
:1097F0004449522F7A65706879722F6B65726E6575
:109800006C2F6D757465782E6300574553545F5403
:109810004F504449522F7A65706879722F6B657288
:109820006E656C2F696E636C7564652F6B7363680E
:1098300065642E6800574553545F544F5044495255
:109840002F7A65706879722F6B65726E656C2F73F5
:10985000656D2E6300574553545F544F5044495231
:109860002F7A65706879722F6B65726E656C2F73D5
:10987000636865642E6300574553545F544F5044EA
:1098800049522F7A65706879722F6B65726E656CBC
:109890002F74696D656F75742E630076322E372EC6
:1098A00039392D6E6373312D31002A2A2A20426FF7
:1098B0006F74696E67205A6570687972204F532003
:1098C0006275696C64202573202573202A2A2A0A70
:1098D0000000000000000000A17C0000C400002087
:1098E00001000000D800002001000000EC00002072
:1098F000010000000001002001000000437F000083
:1099000000000000802500000001030000000000AE
:10991000000000000090D003400000204000002024
:109920000000000039510000FC0900201100000077
:10993000A552000051520000C152000079520000AF
:109940008C00002050000020840000200000000057
:109950007C000020000A002011000000040A002002
:1099600011000000080A0020110000002C0D00204A
:109970006C000020780000207000002068000020AB
:10998000A0000020D5600000E1600000ED60000054
:10999000000000000000000000000000C4000020E3
:1099A000C400002000000000000000000E000000C5
:1099B000D8000020D80000200000000000000000B7
:1099C0000E000000EC000020EC0000200000000071
:1099D000000000000E000000000100200001002037
:1099E00000000000000000000E000000FFFFFFFF6D
:1099F000FFFFFFFFFFFFFFFFFFFFFFFFFFFFFFFF77
:109A00000000000000000000000000000000000056
:109A10000000000000000000000000000000000046
:109A20000000000000000000000000000000000036
:109A30000000000000000000000000000000000026
:109A40000000000000000000000000000000000016
:109A50000000000000000000000000000000000006
:109A600000000000000000000000000000000000F6
:109A700000000000000000000000000000000000E6
:109A800000000000000000000000000000000000D6
:109A900000000000000000000000000000000000C6
:109AA00000000000000000000000000000000000B6
:109AB00000000000000000000000000000000000A6
:109AC0000000000000000000000000000000000096
:109AD0000000000000000000000000000000000086
:109AE0000000000000000000000000000000000076
:109AF0000000000000000000000000000000000066
:109B00000000000000000000000000000000000055
:109B10000000000000000000000000000000000045
:109B20000000000000000000000000000000000035
:109B30000000000000000000000000000000000025
:109B40000000000000000000000000000000000015
:109B50000000000000000000000000000000000005
:109B600000000000000000000000000000000000F5
:109B700000000000000000000000000000000000E5
:109B800000000000000000000000000000000000D5
:109B900000000000000000000000000000000000C5
:109BA00000000000000000000000000000000000B5
:109BB00000000000000000000000000000000000A5
:109BC0000000000000000000000000000000000095
:109BD0000000000000000000000000000000000085
:109BE0000000000000000000000000000000000075
:109BF0000000000000000000000000000000000065
:109C00000000000000000000000000000000000054
:109C10000000000000000000000000000000000044
:109C20000000000000000000000000000000000034
:109C30000000000000000000000000000000000024
:109C40000000000000000000000000000000000014
:109C50000000000000000000000000000000000004
:109C600000000000000000000000000000000000F4
:109C700000000000000000000000000000000000E4
:109C800000000000000000000000000000000000D4
:109C900000000000000000000000000000000000C4
:109CA00000000000000000000000000000000000B4
:109CB00000000000000000000000000000000000A4
:109CC0000000000000000000000000000000000094
:109CD0000000000000000000000000000000000084
:109CE0000000000000000000000000000000000074
:109CF0000000000000000000000000000000000064
:109D00000000000000000000000000000000000053
:109D10000000000000000000000000000000000043
:109D20000000000000000000000000000000000033
:109D30000000000000000000000000000000000023
:109D40000000000000000000000000000000000013
:109D50000000000000000000000000000000000003
:109D600000000000000000000000000000000000F3
:109D700000000000000000000000000000000000E3
:109D800000000000000000000000000000000000D3
:109D900000000000000000000000000000000000C3
:109DA00000000000000000000000000000000000B3
:109DB00000000000000000000000000000000000A3
:109DC0000000000000000000000000000000000093
:109DD0000000000000000000000000000000000083
:109DE0000000000000000000000000000000000073
:109DF0000000000000000000000000000000000063
:109E00000000000000000000000000000000000052
:109E10000000000000000000000000000000000042
:109E20000000000000000000000000000000000032
:109E30000000000000000000000000000000000022
:109E40000000000000000000000000000000000012
:109E50000000000000000000000000000000000002
:109E600000000000000000000000000000000000F2
:109E700000000000000000000000000000000000E2
:109E800000000000000000000000000000000000D2
:109E900000000000000000000000000000000000C2
:109EA00000000000000000000000000000000000B2
:109EB00000000000000000000000000000000000A2
:109EC0000000000000000000000000000000000092
:109ED0000000000000000000000000000000000082
:109EE0000000000000000000000000000000000072
:109EF0000000000000000000000000000000000062
:109F00000000000000000000000000000000000051
:109F10000000000000000000000000000000000041
:109F20000000000000000000000000000000000031
:109F30000000000000000000000000000000000021
:109F40000000000000000000000000000000000011
:109F50000000000000000000000000000000000001
:109F600000000000000000000000000000000000F1
:109F700000000000000000000000000000000000E1
:109F800000000000000000000000000000000000D1
:109F900000000000000000000000000000000000C1
:109FA00000000000000000000000000000000000B1
:109FB00000000000000000000000000000000000A1
:109FC0000000000000000000000000000000000091
:109FD0000000000000000000000000000000000081
:109FE0000000000000000000000000000000000071
:109FF0000000000000000000000000000000000061
:10A000000000000000000000000000000000000050
:10A010000000000000000000000000000000000040
:10A020000000000000000000000000000000000030
:10A030000000000000000000000000000000000020
:10A040000000000000000000000000000000000010
:10A050000000000000000000000000000000000000
:10A0600000000000000000000000000000000000F0
:10A0700000000000000000000000000000000000E0
:10A0800000000000000000000000000000000000D0
:10A0900000000000000000000000000000000000C0
:10A0A00000000000000000000000000000000000B0
:10A0B00000000000000000000000000000000000A0
:10A0C0000000000000000000000000000000000090
:10A0D0000000000000000000000000000000000080
:10A0E0000000000000000000000000000000000070
:10A0F0000000000000000000000000000000000060
:10A10000000000000000000000000000000000004F
:10A11000000000000000000000000000000000003F
:10A12000000000000000000000000000000000002F
:10A13000000000000000000000000000000000001F
:10A14000000000000000000000000000000000000F
:10A1500000000000000000000000000000000000FF
:10A1600000000000000000000000000000000000EF
:10A1700000000000000000000000000000000000DF
:10A1800000000000000000000000000000000000CF
:10A1900000000000000000000000000000000000BF
:10A1A00000000000000000000000000000000000AF
:10A1B000000000000000000000000000000000009F
:10A1C000000000000000000000000000000000008F
:10A1D000000000000000000000000000000000007F
:10A1E000000000000000000000000000000000006F
:10A1F000000000000000000000000000000000005F
:10A20000000000000000000000000000000000004E
:10A21000000000000000000000000000000000003E
:10A22000000000000000000000000000000000002E
:10A23000000000000000000000000000000000001E
:10A24000000000000000000000000000000000000E
:10A2500000000000000000000000000000000000FE
:10A2600000000000000000000000000000000000EE
:10A2700000000000000000000000000000000000DE
:10A2800000000000000000000000000000000000CE
:10A2900000000000000000000000000000000000BE
:10A2A00000000000000000000000000000000000AE
:10A2B000000000000000000000000000000000009E
:10A2C000000000000000000000000000000000008E
:10A2D000000000000000000000000000000000007E
:10A2E000000000000000000000000000000000006E
:10A2F000000000000000000000000000000000005E
:10A30000000000000000000000000000000000004D
:10A31000000000000000000000000000000000003D
:10A32000000000000000000000000000000000002D
:10A33000000000000000000000000000000000001D
:10A34000000000000000000000000000000000000D
:10A3500000000000000000000000000000000000FD
:10A3600000000000000000000000000000000000ED
:10A3700000000000000000000000000000000000DD
:10A3800000000000000000000000000000000000CD
:10A3900000000000000000000000000000000000BD
:10A3A00000000000000000000000000000000000AD
:10A3B000000000000000000000000000000000009D
:10A3C000000000000000000000000000000000008D
:10A3D000000000000000000000000000000000007D
:10A3E000000000000000000000000000000000006D
:10A3F000000000000000000000000000000000005D
:10A40000000000000000000000000000000000004C
:10A41000000000000000000000000000000000003C
:10A42000000000000000000000000000000000002C
:10A43000000000000000000000000000000000001C
:10A44000000000000000000000000000000000000C
:10A4500000000000000000000000000000000000FC
:10A4600000000000000000000000000000000000EC
:10A4700000000000000000000000000000000000DC
:10A4800000000000000000000000000000000000CC
:10A4900000000000000000000000000000000000BC
:10A4A00000000000000000000000000000000000AC
:10A4B000000000000000000000000000000000009C
:10A4C000000000000000000000000000000000008C
:10A4D000000000000000000000000000000000007C
:10A4E000000000000000000000000000000000006C
:10A4F000000000000000000000000000000000005C
:10A50000000000000000000000000000000000004B
:10A51000000000000000000000000000000000003B
:10A52000000000000000000000000000000000002B
:10A53000000000000000000000000000000000001B
:10A54000000000000000000000000000000000000B
:10A5500000000000000000000000000000000000FB
:10A5600000000000000000000000000000000000EB
:10A5700000000000000000000000000000000000DB
:10A5800000000000000000000000000000000000CB
:10A5900000000000000000000000000000000000BB
:10A5A00000000000000000000000000000000000AB
:10A5B000000000000000000000000000000000009B
:10A5C000000000000000000000000000000000008B
:10A5D000000000000000000000000000000000007B
:10A5E000000000000000000000000000000000006B
:10A5F000000000000000000000000000000000005B
:10A60000000000000000000000000000000000004A
:10A61000000000000000000000000000000000003A
:10A62000000000000000000000000000000000002A
:10A63000000000000000000000000000000000001A
:10A64000000000000000000000000000000000000A
:10A6500000000000000000000000000000000000FA
:10A6600000000000000000000000000000000000EA
:10A6700000000000000000000000000000000000DA
:10A6800000000000000000000000000000000000CA
:10A6900000000000000000000000000000000000BA
:10A6A00000000000000000000000000000000000AA
:10A6B000000000000000000000000000000000009A
:10A6C000000000000000000000000000000000008A
:10A6D000000000000000000000000000000000007A
:10A6E000000000000000000000000000000000006A
:10A6F000000000000000000000000000000000005A
:10A700000000000000000000000000000000000049
:10A710000000000000000000000000000000000039
:10A720000000000000000000000000000000000029
:10A730000000000000000000000000000000000019
:10A740000000000000000000000000000000000009
:10A7500000000000000000000000000000000000F9
:10A7600000000000000000000000000000000000E9
:10A7700000000000000000000000000000000000D9
:10A7800000000000000000000000000000000000C9
:10A7900000000000000000000000000000000000B9
:10A7A00000000000000000000000000000000000A9
:10A7B0000000000000000000000000000000000099
:10A7C0000000000000000000000000000000000089
:10A7D0000000000000000000000000000000000079
:10A7E0000000000000000000000000000000000069
:10A7F0000000000000000000000000000000000059
:10A800000000000000000000000000000000000048
:10A810000000000000000000000000000000000038
:10A820000000000000000000000000000000000028
:10A830000000000000000000000000000000000018
:10A840000000000000000000000000000000000008
:10A8500000000000000000000000000000000000F8
:10A8600000000000000000000000000000000000E8
:10A8700000000000000000000000000000000000D8
:10A8800000000000000000000000000000000000C8
:10A8900000000000000000000000000000000000B8
:10A8A00000000000000000000000000000000000A8
:10A8B0000000000000000000000000000000000098
:10A8C0000000000000000000000000000000000088
:10A8D0000000000000000000000000000000000078
:10A8E0000000000000000000000000000000000068
:10A8F0000000000000000000000000000000000058
:10A900000000000000000000000000000000000047
:10A910000000000000000000000000000000000037
:10A920000000000000000000000000000000000027
:10A930000000000000000000000000000000000017
:10A940000000000000000000000000000000000007
:10A9500000000000000000000000000000000000F7
:10A9600000000000000000000000000000000000E7
:10A9700000000000000000000000000000000000D7
:10A9800000000000000000000000000000000000C7
:10A9900000000000000000000000000000000000B7
:10A9A00000000000000000000000000000000000A7
:10A9B0000000000000000000000000000000000097
:10A9C0000000000000000000000000000000000087
:10A9D0000000000000000000000000000000000077
:10A9E0000000000000000000000000000000000067
:10A9F0000000000000000000000000000000000057
:10AA00000000000000000000000000000000000046
:10AA10000000000000000000000000000000000036
:10AA20000000000000000000000000000000000026
:10AA30000000000000000000000000000000000016
:10AA40000000000000000000000000000000000006
:10AA500000000000000000000000000000000000F6
:10AA600000000000000000000000000000000000E6
:10AA700000000000000000000000000000000000D6
:10AA800000000000000000000000000000000000C6
:10AA900000000000000000000000000000000000B6
:10AAA00000000000000000000000000000000000A6
:10AAB0000000000000000000000000000000000096
:10AAC0000000000000000000000000000000000086
:10AAD0000000000000000000000000000000000076
:10AAE0000000000000000000000000000000000066
:10AAF0000000000000000000000000000000000056
:10AB00000000000000000000000000000000000045
:10AB10000000000000000000000000000000000035
:10AB20000000000000000000000000000000000025
:10AB30000000000000000000000000000000000015
:10AB40000000000000000000000000000000000005
:10AB500000000000000000000000000000000000F5
:10AB600000000000000000000000000000000000E5
:10AB700000000000000000000000000000000000D5
:10AB800000000000000000000000000000000000C5
:10AB900000000000000000000000000000000000B5
:10ABA00000000000000000000000000000000000A5
:10ABB0000000000000000000000000000000000095
:10ABC0000000000000000000000000000000000085
:10ABD0000000000000000000000000000000000075
:10ABE0000000000000000000000000000000000065
:10ABF0000000000000000000000000000000000055
:10AC00000000000000000000000000000000000044
:10AC10000000000000000000000000000000000034
:10AC20000000000000000000000000000000000024
:10AC30000000000000000000000000000000000014
:10AC40000000000000000000000000000000000004
:10AC500000000000000000000000000000000000F4
:10AC600000000000000000000000000000000000E4
:10AC700000000000000000000000000000000000D4
:10AC800000000000000000000000000000000000C4
:10AC900000000000000000000000000000000000B4
:10ACA00000000000000000000000000000000000A4
:10ACB0000000000000000000000000000000000094
:10ACC0000000000000000000000000000000000084
:10ACD0000000000000000000000000000000000074
:10ACE0000000000000000000000000000000000064
:10ACF0000000000000000000000000000000000054
:10AD00000000000000000000000000000000000043
:10AD10000000000000000000000000000000000033
:10AD20000000000000000000000000000000000023
:10AD30000000000000000000000000000000000013
:10AD40000000000000000000000000000000000003
:10AD500000000000000000000000000000000000F3
:10AD600000000000000000000000000000000000E3
:10AD700000000000000000000000000000000000D3
:10AD800000000000000000000000000000000000C3
:10AD900000000000000000000000000000000000B3
:10ADA00000000000000000000000000000000000A3
:10ADB0000000000000000000000000000000000093
:10ADC0000000000000000000000000000000000083
:10ADD0000000000000000000000000000000000073
:10ADE0000000000000000000000000000000000063
:10ADF0000000000000000000000000000000000053
:10AE00000000000000000000000000000000000042
:10AE10000000000000000000000000000000000032
:10AE20000000000000000000000000000000000022
:10AE30000000000000000000000000000000000012
:10AE40000000000000000000000000000000000002
:10AE500000000000000000000000000000000000F2
:10AE600000000000000000000000000000000000E2
:10AE700000000000000000000000000000000000D2
:10AE800000000000000000000000000000000000C2
:10AE900000000000000000000000000000000000B2
:10AEA00000000000000000000000000000000000A2
:10AEB0000000000000000000000000000000000092
:10AEC0000000000000000000000000000000000082
:10AED0000000000000000000000000000000000072
:10AEE0000000000000000000000000000000000062
:10AEF0000000000000000000000000000000000052
:10AF00000000000000000000000000000000000041
:10AF10000000000000000000000000000000000031
:10AF20000000000000000000000000000000000021
:10AF30000000000000000000000000000000000011
:10AF40000000000000000000000000000000000001
:10AF500000000000000000000000000000000000F1
:10AF600000000000000000000000000000000000E1
:10AF700000000000000000000000000000000000D1
:10AF800000000000000000000000000000000000C1
:10AF900000000000000000000000000000000000B1
:10AFA00000000000000000000000000000000000A1
:10AFB0000000000000000000000000000000000091
:10AFC0000000000000000000000000000000000081
:10AFD0000000000000000000000000000000000071
:10AFE0000000000000000000000000000000000061
:10AFF0000000000000000000000000000000000051
:10B000000000000000000000000000000000000040
:10B010000000000000000000000000000000000030
:10B020000000000000000000000000000000000020
:10B030000000000000000000000000000000000010
:10B040000000000000000000000000000000000000
:10B0500000000000000000000000000000000000F0
:10B0600000000000000000000000000000000000E0
:10B0700000000000000000000000000000000000D0
:10B0800000000000000000000000000000000000C0
:10B0900000000000000000000000000000000000B0
:10B0A00000000000000000000000000000000000A0
:10B0B0000000000000000000000000000000000090
:10B0C0000000000000000000000000000000000080
:10B0D0000000000000000000000000000000000070
:10B0E0000000000000000000000000000000000060
:10B0F0000000000000000000000000000000000050
:10B10000000000000000000000000000000000003F
:10B11000000000000000000000000000000000002F
:10B12000000000000000000000000000000000001F
:10B13000000000000000000000000000000000000F
:10B1400000000000000000000000000000000000FF
:10B1500000000000000000000000000000000000EF
:10B1600000000000000000000000000000000000DF
:10B1700000000000000000000000000000000000CF
:10B1800000000000000000000000000000000000BF
:10B1900000000000000000000000000000000000AF
:10B1A000000000000000000000000000000000009F
:10B1B000000000000000000000000000000000008F
:10B1C000000000000000000000000000000000007F
:10B1D000000000000000000000000000000000006F
:10B1E000000000000000000000000000000000005F
:10B1F000000000000000000000000000000000004F
:10B20000000000000000000000000000000000003E
:10B21000000000000000000000000000000000002E
:10B22000000000000000000000000000000000001E
:10B23000000000000000000000000000000000000E
:10B2400000000000000000000000000000000000FE
:10B2500000000000000000000000000000000000EE
:10B2600000000000000000000000000000000000DE
:10B2700000000000000000000000000000000000CE
:10B2800000000000000000000000000000000000BE
:10B2900000000000000000000000000000000000AE
:10B2A000000000000000000000000000000000009E
:10B2B000000000000000000000000000000000008E
:10B2C000000000000000000000000000000000007E
:10B2D000000000000000000000000000000000006E
:10B2E000000000000000000000000000000000005E
:10B2F000000000000000000000000000000000004E
:10B30000000000000000000000000000000000003D
:10B31000000000000000000000000000000000002D
:10B32000000000000000000000000000000000001D
:10B33000000000000000000000000000000000000D
:10B3400000000000000000000000000000000000FD
:10B3500000000000000000000000000000000000ED
:10B3600000000000000000000000000000000000DD
:10B3700000000000000000000000000000000000CD
:10B3800000000000000000000000000000000000BD
:10B3900000000000000000000000000000000000AD
:10B3A000000000000000000000000000000000009D
:10B3B000000000000000000000000000000000008D
:10B3C000000000000000000000000000000000007D
:10B3D000000000000000000000000000000000006D
:10B3E000000000000000000000000000000000005D
:10B3F000000000000000000000000000000000004D
:10B40000000000000000000000000000000000003C
:10B41000000000000000000000000000000000002C
:10B42000000000000000000000000000000000001C
:10B43000000000000000000000000000000000000C
:10B4400000000000000000000000000000000000FC
:10B4500000000000000000000000000000000000EC
:10B4600000000000000000000000000000000000DC
:10B4700000000000000000000000000000000000CC
:10B4800000000000000000000000000000000000BC
:10B4900000000000000000000000000000000000AC
:10B4A000000000000000000000000000000000009C
:10B4B000000000000000000000000000000000008C
:10B4C000000000000000000000000000000000007C
:10B4D000000000000000000000000000000000006C
:10B4E000000000000000000000000000000000005C
:10B4F000000000000000000000000000000000004C
:10B50000000000000000000000000000000000003B
:10B51000000000000000000000000000000000002B
:10B52000000000000000000000000000000000001B
:10B53000000000000000000000000000000000000B
:10B5400000000000000000000000000000000000FB
:10B5500000000000000000000000000000000000EB
:10B5600000000000000000000000000000000000DB
:10B5700000000000000000000000000000000000CB
:10B5800000000000000000000000000000000000BB
:10B5900000000000000000000000000000000000AB
:10B5A000000000000000000000000000000000009B
:10B5B000000000000000000000000000000000008B
:10B5C000000000000000000000000000000000007B
:10B5D000000000000000000000000000000000006B
:10B5E000000000000000000000000000000000005B
:10B5F000000000000000000000000000000000004B
:10B60000000000000000000000000000000000003A
:10B61000000000000000000000000000000000002A
:10B62000000000000000000000000000000000001A
:10B63000000000000000000000000000000000000A
:10B6400000000000000000000000000000000000FA
:10B6500000000000000000000000000000000000EA
:10B6600000000000000000000000000000000000DA
:10B6700000000000000000000000000000000000CA
:10B6800000000000000000000000000000000000BA
:10B6900000000000000000000000000000000000AA
:10B6A000000000000000000000000000000000009A
:10B6B000000000000000000000000000000000008A
:10B6C000000000000000000000000000000000007A
:10B6D000000000000000000000000000000000006A
:10B6E000000000000000000000000000000000005A
:10B6F000000000000000000000000000000000004A
:10B700000000000000000000000000000000000039
:10B710000000000000000000000000000000000029
:10B720000000000000000000000000000000000019
:10B730000000000000000000000000000000000009
:10B7400000000000000000000000000000000000F9
:10B7500000000000000000000000000000000000E9
:10B7600000000000000000000000000000000000D9
:10B7700000000000000000000000000000000000C9
:10B7800000000000000000000000000000000000B9
:10B7900000000000000000000000000000000000A9
:10B7A0000000000000000000000000000000000099
:10B7B0000000000000000000000000000000000089
:10B7C0000000000000000000000000000000000079
:10B7D0000000000000000000000000000000000069
:10B7E0000000000000000000000000000000000059
:10B7F0000000000000000000000000000000000049
:10B800000000000000000000000000000000000038
:10B810000000000000000000000000000000000028
:10B820000000000000000000000000000000000018
:10B830000000000000000000000000000000000008
:10B8400000000000000000000000000000000000F8
:10B8500000000000000000000000000000000000E8
:10B8600000000000000000000000000000000000D8
:10B8700000000000000000000000000000000000C8
:10B8800000000000000000000000000000000000B8
:10B8900000000000000000000000000000000000A8
:10B8A0000000000000000000000000000000000098
:10B8B0000000000000000000000000000000000088
:10B8C0000000000000000000000000000000000078
:10B8D0000000000000000000000000000000000068
:10B8E0000000000000000000000000000000000058
:10B8F0000000000000000000000000000000000048
:10B900000000000000000000000000000000000037
:10B910000000000000000000000000000000000027
:10B920000000000000000000000000000000000017
:10B930000000000000000000000000000000000007
:10B9400000000000000000000000000000000000F7
:10B9500000000000000000000000000000000000E7
:10B9600000000000000000000000000000000000D7
:10B9700000000000000000000000000000000000C7
:10B9800000000000000000000000000000000000B7
:10B9900000000000000000000000000000000000A7
:10B9A0000000000000000000000000000000000097
:10B9B0000000000000000000000000000000000087
:10B9C0000000000000000000000000000000000077
:10B9D0000000000000000000000000000000000067
:10B9E0000000000000000000000000000000000057
:10B9F0000000000000000000000000000000000047
:10BA00000000000000000000000000000000000036
:10BA10000000000000000000000000000000000026
:10BA20000000000000000000000000000000000016
:10BA30000000000000000000000000000000000006
:10BA400000000000000000000000000000000000F6
:10BA500000000000000000000000000000000000E6
:10BA600000000000000000000000000000000000D6
:10BA700000000000000000000000000000000000C6
:10BA800000000000000000000000000000000000B6
:10BA900000000000000000000000000000000000A6
:10BAA0000000000000000000000000000000000096
:10BAB0000000000000000000000000000000000086
:10BAC0000000000000000000000000000000000076
:10BAD0000000000000000000000000000000000066
:10BAE0000000000000000000000000000000000056
:10BAF0000000000000000000000000000000000046
:10BB00000000000000000000000000000000000035
:10BB10000000000000000000000000000000000025
:10BB20000000000000000000000000000000000015
:10BB30000000000000000000000000000000000005
:10BB400000000000000000000000000000000000F5
:10BB500000000000000000000000000000000000E5
:10BB600000000000000000000000000000000000D5
:10BB700000000000000000000000000000000000C5
:10BB800000000000000000000000000000000000B5
:10BB900000000000000000000000000000000000A5
:10BBA0000000000000000000000000000000000095
:10BBB0000000000000000000000000000000000085
:10BBC0000000000000000000000000000000000075
:10BBD0000000000000000000000000000000000065
:10BBE0000000000000000000000000000000000055
:10BBF0000000000000000000000000000000000045
:10BC00000000000000000000000000000000000034
:10BC10000000000000000000000000000000000024
:10BC20000000000000000000000000000000000014
:10BC30000000000000000000000000000000000004
:10BC400000000000000000000000000000000000F4
:10BC500000000000000000000000000000000000E4
:10BC600000000000000000000000000000000000D4
:10BC700000000000000000000000000000000000C4
:10BC800000000000000000000000000000000000B4
:10BC900000000000000000000000000000000000A4
:10BCA0000000000000000000000000000000000094
:10BCB0000000000000000000000000000000000084
:10BCC0000000000000000000000000000000000074
:10BCD0000000000000000000000000000000000064
:10BCE0000000000000000000000000000000000054
:10BCF0000000000000000000000000000000000044
:10BD00000000000000000000000000000000000033
:10BD10000000000000000000000000000000000023
:10BD20000000000000000000000000000000000013
:10BD30000000000000000000000000000000000003
:10BD400000000000000000000000000000000000F3
:10BD500000000000000000000000000000000000E3
:10BD600000000000000000000000000000000000D3
:10BD700000000000000000000000000000000000C3
:10BD800000000000000000000000000000000000B3
:10BD900000000000000000000000000000000000A3
:10BDA0000000000000000000000000000000000093
:10BDB0000000000000000000000000000000000083
:10BDC0000000000000000000000000000000000073
:10BDD0000000000000000000000000000000000063
:10BDE0000000000000000000000000000000000053
:10BDF0000000000000000000000000000000000043
:10BE00000000000000000000000000000000000032
:10BE10000000000000000000000000000000000022
:10BE20000000000000000000000000000000000012
:10BE30000000000000000000000000000000000002
:10BE400000000000000000000000000000000000F2
:10BE500000000000000000000000000000000000E2
:10BE600000000000000000000000000000000000D2
:10BE700000000000000000000000000000000000C2
:10BE800000000000000000000000000000000000B2
:10BE900000000000000000000000000000000000A2
:10BEA0000000000000000000000000000000000092
:10BEB0000000000000000000000000000000000082
:10BEC0000000000000000000000000000000000072
:10BED0000000000000000000000000000000000062
:10BEE0000000000000000000000000000000000052
:10BEF0000000000000000000000000000000000042
:10BF00000000000000000000000000000000000031
:10BF10000000000000000000000000000000000021
:10BF20000000000000000000000000000000000011
:10BF30000000000000000000000000000000000001
:10BF400000000000000000000000000000000000F1
:10BF500000000000000000000000000000000000E1
:10BF600000000000000000000000000000000000D1
:10BF700000000000000000000000000000000000C1
:10BF800000000000000000000000000000000000B1
:10BF900000000000000000000000000000000000A1
:10BFA0000000000000000000000000000000000091
:10BFB0000000000000000000000000000000000081
:10BFC0000000000000000000000000000000000071
:10BFD0000000000000000000000000000000000061
:10BFE0000000000000000000000000000000000051
:10BFF0000000000000000000000000000000000041
:10C000000000000000000000000000000000000030
:10C010000000000000000000000000000000000020
:10C020000000000000000000000000000000000010
:10C030000000000000000000000000000000000000
:10C0400000000000000000000000000000000000F0
:10C0500000000000000000000000000000000000E0
:10C0600000000000000000000000000000000000D0
:10C0700000000000000000000000000000000000C0
:10C0800000000000000000000000000000000000B0
:10C0900000000000000000000000000000000000A0
:10C0A0000000000000000000000000000000000090
:10C0B0000000000000000000000000000000000080
:10C0C0000000000000000000000000000000000070
:10C0D0000000000000000000000000000000000060
:10C0E0000000000000000000000000000000000050
:10C0F0000000000000000000000000000000000040
:10C10000000000000000000000000000000000002F
:10C11000000000000000000000000000000000001F
:10C12000000000000000000000000000000000000F
:10C1300000000000000000000000000000000000FF
:10C1400000000000000000000000000000000000EF
:10C1500000000000000000000000000000000000DF
:10C1600000000000000000000000000000000000CF
:10C1700000000000000000000000000000000000BF
:10C1800000000000000000000000000000000000AF
:10C19000000000000000000000000000000000009F
:10C1A000000000000000000000000000000000008F
:10C1B000000000000000000000000000000000007F
:10C1C000000000000000000000000000000000006F
:10C1D000000000000000000000000000000000005F
:10C1E000000000000000000000000000000000004F
:10C1F000000000000000000000000000000000003F
:10C20000000000000000000000000000000000002E
:10C21000000000000000000000000000000000001E
:10C22000000000000000000000000000000000000E
:10C2300000000000000000000000000000000000FE
:10C2400000000000000000000000000000000000EE
:10C2500000000000000000000000000000000000DE
:10C2600000000000000000000000000000000000CE
:10C2700000000000000000000000000000000000BE
:10C2800000000000000000000000000000000000AE
:10C29000000000000000000000000000000000009E
:10C2A000000000000000000000000000000000008E
:10C2B000000000000000000000000000000000007E
:10C2C000000000000000000000000000000000006E
:10C2D000000000000000000000000000000000005E
:10C2E000000000000000000000000000000000004E
:10C2F000000000000000000000000000000000003E
:10C30000000000000000000000000000000000002D
:10C31000000000000000000000000000000000001D
:10C32000000000000000000000000000000000000D
:10C3300000000000000000000000000000000000FD
:10C3400000000000000000000000000000000000ED
:10C3500000000000000000000000000000000000DD
:10C3600000000000000000000000000000000000CD
:10C3700000000000000000000000000000000000BD
:10C3800000000000000000000000000000000000AD
:10C39000000000000000000000000000000000009D
:10C3A000000000000000000000000000000000008D
:10C3B000000000000000000000000000000000007D
:10C3C000000000000000000000000000000000006D
:10C3D000000000000000000000000000000000005D
:10C3E000000000000000000000000000000000004D
:10C3F000000000000000000000000000000000003D
:10C40000000000000000000000000000000000002C
:10C41000000000000000000000000000000000001C
:10C42000000000000000000000000000000000000C
:10C4300000000000000000000000000000000000FC
:10C4400000000000000000000000000000000000EC
:10C4500000000000000000000000000000000000DC
:10C4600000000000000000000000000000000000CC
:10C4700000000000000000000000000000000000BC
:10C4800000000000000000000000000000000000AC
:10C49000000000000000000000000000000000009C
:10C4A000000000000000000000000000000000008C
:10C4B000000000000000000000000000000000007C
:10C4C000000000000000000000000000000000006C
:10C4D000000000000000000000000000000000005C
:10C4E000000000000000000000000000000000004C
:10C4F000000000000000000000000000000000003C
:10C50000000000000000000000000000000000002B
:10C51000000000000000000000000000000000001B
:10C52000000000000000000000000000000000000B
:10C5300000000000000000000000000000000000FB
:10C5400000000000000000000000000000000000EB
:10C5500000000000000000000000000000000000DB
:10C5600000000000000000000000000000000000CB
:10C5700000000000000000000000000000000000BB
:10C5800000000000000000000000000000000000AB
:10C59000000000000000000000000000000000009B
:10C5A000000000000000000000000000000000008B
:10C5B000000000000000000000000000000000007B
:10C5C000000000000000000000000000000000006B
:10C5D000000000000000000000000000000000005B
:10C5E000000000000000000000000000000000004B
:10C5F000000000000000000000000000000000003B
:10C60000000000000000000000000000000000002A
:10C61000000000000000000000000000000000001A
:10C62000000000000000000000000000000000000A
:10C6300000000000000000000000000000000000FA
:10C6400000000000000000000000000000000000EA
:10C6500000000000000000000000000000000000DA
:10C6600000000000000000000000000000000000CA
:10C6700000000000000000000000000000000000BA
:10C6800000000000000000000000000000000000AA
:10C69000000000000000000000000000000000009A
:10C6A000000000000000000000000000000000008A
:10C6B000000000000000000000000000000000007A
:10C6C000000000000000000000000000000000006A
:10C6D000000000000000000000000000000000005A
:10C6E000000000000000000000000000000000004A
:10C6F000000000000000000000000000000000003A
:10C700000000000000000000000000000000000029
:10C710000000000000000000000000000000000019
:10C720000000000000000000000000000000000009
:10C7300000000000000000000000000000000000F9
:10C7400000000000000000000000000000000000E9
:10C7500000000000000000000000000000000000D9
:10C7600000000000000000000000000000000000C9
:10C7700000000000000000000000000000000000B9
:10C7800000000000000000000000000000000000A9
:10C790000000000000000000000000000000000099
:10C7A0000000000000000000000000000000000089
:10C7B0000000000000000000000000000000000079
:10C7C0000000000000000000000000000000000069
:10C7D0000000000000000000000000000000000059
:10C7E0000000000000000000000000000000000049
:10C7F0000000000000000000000000000000000039
:10C800000000000000000000000000000000000028
:10C810000000000000000000000000000000000018
:10C820000000000000000000000000000000000008
:10C8300000000000000000000000000000000000F8
:10C8400000000000000000000000000000000000E8
:10C8500000000000000000000000000000000000D8
:10C8600000000000000000000000000000000000C8
:10C8700000000000000000000000000000000000B8
:10C8800000000000000000000000000000000000A8
:10C890000000000000000000000000000000000098
:10C8A0000000000000000000000000000000000088
:10C8B0000000000000000000000000000000000078
:10C8C0000000000000000000000000000000000068
:10C8D0000000000000000000000000000000000058
:10C8E0000000000000000000000000000000000048
:10C8F0000000000000000000000000000000000038
:10C900000000000000000000000000000000000027
:10C910000000000000000000000000000000000017
:10C920000000000000000000000000000000000007
:10C9300000000000000000000000000000000000F7
:10C9400000000000000000000000000000000000E7
:10C9500000000000000000000000000000000000D7
:10C9600000000000000000000000000000000000C7
:10C9700000000000000000000000000000000000B7
:10C9800000000000000000000000000000000000A7
:10C990000000000000000000000000000000000097
:10C9A0000000000000000000000000000000000087
:10C9B0000000000000000000000000000000000077
:10C9C0000000000000000000000000000000000067
:10C9D0000000000000000000000000000000000057
:10C9E0000000000000000000000000000000000047
:10C9F0000000000000000000000000000000000037
:10CA00000000000000000000000000000000000026
:10CA10000000000000000000000000000000000016
:10CA20000000000000000000000000000000000006
:10CA300000000000000000000000000000000000F6
:10CA400000000000000000000000000000000000E6
:10CA500000000000000000000000000000000000D6
:10CA600000000000000000000000000000000000C6
:10CA700000000000000000000000000000000000B6
:10CA800000000000000000000000000000000000A6
:10CA90000000000000000000000000000000000096
:10CAA0000000000000000000000000000000000086
:10CAB0000000000000000000000000000000000076
:10CAC0000000000000000000000000000000000066
:10CAD0000000000000000000000000000000000056
:10CAE0000000000000000000000000000000000046
:10CAF0000000000000000000000000000000000036
:10CB00000000000000000000000000000000000025
:10CB10000000000000000000000000000000000015
:10CB20000000000000000000000000000000000005
:10CB300000000000000000000000000000000000F5
:10CB400000000000000000000000000000000000E5
:10CB500000000000000000000000000000000000D5
:10CB600000000000000000000000000000000000C5
:10CB700000000000000000000000000000000000B5
:10CB800000000000000000000000000000000000A5
:10CB90000000000000000000000000000000000095
:10CBA0000000000000000000000000000000000085
:10CBB0000000000000000000000000000000000075
:10CBC0000000000000000000000000000000000065
:10CBD0000000000000000000000000000000000055
:10CBE0000000000000000000000000000000000045
:10CBF0000000000000000000000000000000000035
:10CC00000000000000000000000000000000000024
:10CC10000000000000000000000000000000000014
:10CC20000000000000000000000000000000000004
:10CC300000000000000000000000000000000000F4
:10CC400000000000000000000000000000000000E4
:10CC500000000000000000000000000000000000D4
:10CC600000000000000000000000000000000000C4
:10CC700000000000000000000000000000000000B4
:10CC800000000000000000000000000000000000A4
:10CC90000000000000000000000000000000000094
:10CCA0000000000000000000000000000000000084
:10CCB0000000000000000000000000000000000074
:10CCC0000000000000000000000000000000000064
:10CCD0000000000000000000000000000000000054
:10CCE0000000000000000000000000000000000044
:10CCF0000000000000000000000000000000000034
:10CD00000000000000000000000000000000000023
:10CD10000000000000000000000000000000000013
:10CD20000000000000000000000000000000000003
:10CD300000000000000000000000000000000000F3
:10CD400000000000000000000000000000000000E3
:10CD500000000000000000000000000000000000D3
:10CD600000000000000000000000000000000000C3
:10CD700000000000000000000000000000000000B3
:10CD800000000000000000000000000000000000A3
:10CD90000000000000000000000000000000000093
:10CDA0000000000000000000000000000000000083
:10CDB0000000000000000000000000000000000073
:10CDC0000000000000000000000000000000000063
:10CDD0000000000000000000000000000000000053
:10CDE0000000000000000000000000000000000043
:10CDF0000000000000000000000000000000000033
:10CE00000000000000000000000000000000000022
:10CE10000000000000000000000000000000000012
:10CE20000000000000000000000000000000000002
:10CE300000000000000000000000000000000000F2
:10CE400000000000000000000000000000000000E2
:10CE500000000000000000000000000000000000D2
:10CE600000000000000000000000000000000000C2
:10CE700000000000000000000000000000000000B2
:10CE800000000000000000000000000000000000A2
:10CE90000000000000000000000000000000000092
:10CEA0000000000000000000000000000000000082
:10CEB0000000000000000000000000000000000072
:10CEC0000000000000000000000000000000000062
:10CED0000000000000000000000000000000000052
:10CEE0000000000000000000000000000000000042
:10CEF0000000000000000000000000000000000032
:10CF00000000000000000000000000000000000021
:10CF10000000000000000000000000000000000011
:10CF20000000000000000000000000000000000001
:10CF300000000000000000000000000000000000F1
:10CF400000000000000000000000000000000000E1
:10CF500000000000000000000000000000000000D1
:10CF600000000000000000000000000000000000C1
:10CF700000000000000000000000000000000000B1
:10CF800000000000000000000000000000000000A1
:10CF90000000000000000000000000000000000091
:10CFA0000000000000000000000000000000000081
:10CFB0000000000000000000000000000000000071
:10CFC0000000000000000000000000000000000061
:10CFD0000000000000000000000000000000000051
:10CFE0000000000000000000000000000000000041
:10CFF0000000000000000000000000000000000031
:10D000000000000000000000000000000000000020
:10D010000000000000000000000000000000000010
:10D020000000000000000000000000000000000000
:10D0300000000000000000000000000000000000F0
:10D0400000000000000000000000000000000000E0
:10D0500000000000000000000000000000000000D0
:10D0600000000000000000000000000000000000C0
:10D0700000000000000000000000000000000000B0
:10D0800000000000000000000000000000000000A0
:10D090000000000000000000000000000000000090
:10D0A0000000000000000000000000000000000080
:10D0B0000000000000000000000000000000000070
:10D0C0000000000000000000000000000000000060
:10D0D0000000000000000000000000000000000050
:10D0E0000000000000000000000000000000000040
:10D0F0000000000000000000000000000000000030
:10D10000000000000000000000000000000000001F
:10D11000000000000000000000000000000000000F
:10D1200000000000000000000000000000000000FF
:10D1300000000000000000000000000000000000EF
:10D1400000000000000000000000000000000000DF
:10D1500000000000000000000000000000000000CF
:10D1600000000000000000000000000000000000BF
:10D1700000000000000000000000000000000000AF
:10D18000000000000000000000000000000000009F
:10D19000000000000000000000000000000000008F
:10D1A000000000000000000000000000000000007F
:10D1B000000000000000000000000000000000006F
:10D1C000000000000000000000000000000000005F
:10D1D000000000000000000000000000000000004F
:10D1E000000000000000000000000000000000003F
:10D1F000000000000000000000000000000000002F
:10D20000000000000000000000000000000000001E
:10D21000000000000000000000000000000000000E
:10D2200000000000000000000000000000000000FE
:10D2300000000000000000000000000000000000EE
:10D2400000000000000000000000000000000000DE
:10D2500000000000000000000000000000000000CE
:10D2600000000000000000000000000000000000BE
:10D2700000000000000000000000000000000000AE
:10D28000000000000000000000000000000000009E
:10D29000000000000000000000000000000000008E
:10D2A000000000000000000000000000000000007E
:10D2B000000000000000000000000000000000006E
:10D2C000000000000000000000000000000000005E
:10D2D000000000000000000000000000000000004E
:10D2E000000000000000000000000000000000003E
:10D2F000000000000000000000000000000000002E
:10D30000000000000000000000000000000000001D
:10D31000000000000000000000000000000000000D
:10D3200000000000000000000000000000000000FD
:10D3300000000000000000000000000000000000ED
:10D3400000000000000000000000000000000000DD
:10D3500000000000000000000000000000000000CD
:10D3600000000000000000000000000000000000BD
:10D3700000000000000000000000000000000000AD
:10D38000000000000000000000000000000000009D
:10D39000000000000000000000000000000000008D
:10D3A000000000000000000000000000000000007D
:10D3B000000000000000000000000000000000006D
:10D3C000000000000000000000000000000000005D
:10D3D000000000000000000000000000000000004D
:10D3E000000000000000000000000000000000003D
:10D3F000000000000000000000000000000000002D
:10D40000000000000000000000000000000000001C
:10D41000000000000000000000000000000000000C
:10D4200000000000000000000000000000000000FC
:10D4300000000000000000000000000000000000EC
:10D4400000000000000000000000000000000000DC
:10D4500000000000000000000000000000000000CC
:10D4600000000000000000000000000000000000BC
:10D4700000000000000000000000000000000000AC
:10D48000000000000000000000000000000000009C
:10D49000000000000000000000000000000000008C
:10D4A000000000000000000000000000000000007C
:10D4B000000000000000000000000000000000006C
:10D4C000000000000000000000000000000000005C
:10D4D000000000000000000000000000000000004C
:10D4E000000000000000000000000000000000003C
:10D4F000000000000000000000000000000000002C
:10D50000000000000000000000000000000000001B
:10D51000000000000000000000000000000000000B
:10D5200000000000000000000000000000000000FB
:10D5300000000000000000000000000000000000EB
:10D5400000000000000000000000000000000000DB
:10D5500000000000000000000000000000000000CB
:10D5600000000000000000000000000000000000BB
:10D5700000000000000000000000000000000000AB
:10D58000000000000000000000000000000000009B
:10D59000000000000000000000000000000000008B
:10D5A000000000000000000000000000000000007B
:10D5B000000000000000000000000000000000006B
:10D5C000000000000000000000000000000000005B
:10D5D000000000000000000000000000000000004B
:10D5E000000000000000000000000000000000003B
:10D5F000000000000000000000000000000000002B
:10D60000000000000000000000000000000000001A
:10D61000000000000000000000000000000000000A
:10D6200000000000000000000000000000000000FA
:10D6300000000000000000000000000000000000EA
:10D6400000000000000000000000000000000000DA
:10D6500000000000000000000000000000000000CA
:10D6600000000000000000000000000000000000BA
:10D6700000000000000000000000000000000000AA
:10D68000000000000000000000000000000000009A
:10D69000000000000000000000000000000000008A
:10D6A000000000000000000000000000000000007A
:10D6B000000000000000000000000000000000006A
:10D6C000000000000000000000000000000000005A
:10D6D000000000000000000000000000000000004A
:10D6E000000000000000000000000000000000003A
:10D6F000000000000000000000000000000000002A
:10D700000000000000000000000000000000000019
:10D710000000000000000000000000000000000009
:10D7200000000000000000000000000000000000F9
:10D7300000000000000000000000000000000000E9
:10D7400000000000000000000000000000000000D9
:10D7500000000000000000000000000000000000C9
:10D7600000000000000000000000000000000000B9
:10D7700000000000000000000000000000000000A9
:10D780000000000000000000000000000000000099
:10D790000000000000000000000000000000000089
:10D7A0000000000000000000000000000000000079
:10D7B0000000000000000000000000000000000069
:10D7C0000000000000000000000000000000000059
:10D7D0000000000000000000000000000000000049
:10D7E0000000000000000000000000000000000039
:10D7F0000000000000000000000000000000000029
:10D800000000000000000000000000000000000018
:10D810000000000000000000000000000000000008
:10D8200000000000000000000000000000000000F8
:10D8300000000000000000000000000000000000E8
:10D8400000000000000000000000000000000000D8
:10D8500000000000000000000000000000000000C8
:10D8600000000000000000000000000000000000B8
:10D8700000000000000000000000000000000000A8
:10D880000000000000000000000000000000000098
:10D890000000000000000000000000000000000088
:10D8A0000000000000000000000000000000000078
:10D8B0000000000000000000000000000000000068
:10D8C0000000000000000000000000000000000058
:10D8D0000000000000000000000000000000000048
:10D8E0000000000000000000000000000000000038
:10D8F0000000000000000000000000000000000028
:10D900000000000000000000000000000000000017
:10D910000000000000000000000000000000000007
:10D9200000000000000000000000000000000000F7
:10D9300000000000000000000000000000000000E7
:10D9400000000000000000000000000000000000D7
:10D9500000000000000000000000000000000000C7
:10D9600000000000000000000000000000000000B7
:10D9700000000000000000000000000000000000A7
:10D980000000000000000000000000000000000097
:10D990000000000000000000000000000000000087
:10D9A0000000000000000000000000000000000077
:10D9B0000000000000000000000000000000000067
:10D9C0000000000000000000000000000000000057
:10D9D0000000000000000000000000000000000047
:10D9E0000000000000000000000000000000000037
:10D9F0000000000000000000000000000000000027
:10DA00000000000000000000000000000000000016
:10DA10000000000000000000000000000000000006
:10DA200000000000000000000000000000000000F6
:10DA300000000000000000000000000000000000E6
:10DA400000000000000000000000000000000000D6
:10DA500000000000000000000000000000000000C6
:10DA600000000000000000000000000000000000B6
:10DA700000000000000000000000000000000000A6
:10DA80000000000000000000000000000000000096
:10DA90000000000000000000000000000000000086
:10DAA0000000000000000000000000000000000076
:10DAB0000000000000000000000000000000000066
:10DAC0000000000000000000000000000000000056
:10DAD0000000000000000000000000000000000046
:10DAE0000000000000000000000000000000000036
:10DAF0000000000000000000000000000000000026
:10DB00000000000000000000000000000000000015
:10DB10000000000000000000000000000000000005
:10DB200000000000000000000000000000000000F5
:10DB300000000000000000000000000000000000E5
:10DB400000000000000000000000000000000000D5
:10DB500000000000000000000000000000000000C5
:10DB600000000000000000000000000000000000B5
:10DB700000000000000000000000000000000000A5
:10DB80000000000000000000000000000000000095
:10DB90000000000000000000000000000000000085
:10DBA0000000000000000000000000000000000075
:10DBB0000000000000000000000000000000000065
:10DBC0000000000000000000000000000000000055
:10DBD0000000000000000000000000000000000045
:10DBE0000000000000000000000000000000000035
:10DBF0000000000000000000000000000000000025
:10DC00000000000000000000000000000000000014
:10DC10000000000000000000000000000000000004
:10DC200000000000000000000000000000000000F4
:10DC300000000000000000000000000000000000E4
:10DC400000000000000000000000000000000000D4
:10DC500000000000000000000000000000000000C4
:10DC600000000000000000000000000000000000B4
:10DC700000000000000000000000000000000000A4
:10DC80000000000000000000000000000000000094
:10DC90000000000000000000000000000000000084
:10DCA0000000000000000000000000000000000074
:10DCB0000000000000000000000000000000000064
:10DCC0000000000000000000000000000000000054
:10DCD0000000000000000000000000000000000044
:10DCE0000000000000000000000000000000000034
:10DCF0000000000000000000000000000000000024
:10DD00000000000000000000000000000000000013
:10DD10000000000000000000000000000000000003
:10DD200000000000000000000000000000000000F3
:10DD300000000000000000000000000000000000E3
:10DD400000000000000000000000000000000000D3
:10DD500000000000000000000000000000000000C3
:10DD600000000000000000000000000000000000B3
:10DD700000000000000000000000000000000000A3
:10DD80000000000000000000000000000000000093
:10DD90000000000000000000000000000000000083
:10DDA0000000000000000000000000000000000073
:10DDB0000000000000000000000000000000000063
:10DDC0000000000000000000000000000000000053
:10DDD0000000000000000000000000000000000043
:10DDE0000000000000000000000000000000000033
:10DDF0000000000000000000000000000000000023
:10DE00000000000000000000000000000000000012
:10DE10000000000000000000000000000000000002
:10DE200000000000000000000000000000000000F2
:10DE300000000000000000000000000000000000E2
:10DE400000000000000000000000000000000000D2
:10DE500000000000000000000000000000000000C2
:10DE600000000000000000000000000000000000B2
:10DE700000000000000000000000000000000000A2
:10DE80000000000000000000000000000000000092
:10DE90000000000000000000000000000000000082
:10DEA0000000000000000000000000000000000072
:10DEB0000000000000000000000000000000000062
:10DEC0000000000000000000000000000000000052
:10DED0000000000000000000000000000000000042
:10DEE0000000000000000000000000000000000032
:10DEF0000000000000000000000000000000000022
:10DF00000000000000000000000000000000000011
:10DF10000000000000000000000000000000000001
:10DF200000000000000000000000000000000000F1
:10DF300000000000000000000000000000000000E1
:10DF400000000000000000000000000000000000D1
:10DF500000000000000000000000000000000000C1
:10DF600000000000000000000000000000000000B1
:10DF700000000000000000000000000000000000A1
:10DF80000000000000000000000000000000000091
:10DF90000000000000000000000000000000000081
:10DFA0000000000000000000000000000000000071
:10DFB0000000000000000000000000000000000061
:10DFC0000000000000000000000000000000000051
:10DFD0000000000000000000000000000000000041
:10DFE0000000000000000000000000000000000031
:10DFF0000000000000000000000000000000000021
:10E000000000000000000000000000000000000010
:10E010000000000000000000000000000000000000
:10E0200000000000000000000000000000000000F0
:10E0300000000000000000000000000000000000E0
:10E0400000000000000000000000000000000000D0
:10E0500000000000000000000000000000000000C0
:10E0600000000000000000000000000000000000B0
:10E0700000000000000000000000000000000000A0
:10E080000000000000000000000000000000000090
:10E090000000000000000000000000000000000080
:10E0A0000000000000000000000000000000000070
:10E0B0000000000000000000000000000000000060
:10E0C0000000000000000000000000000000000050
:10E0D0000000000000000000000000000000000040
:10E0E0000000000000000000000000000000000030
:10E0F0000000000000000000000000000000000020
:10E10000000000000000000000000000000000000F
:10E1100000000000000000000000000000000000FF
:10E1200000000000000000000000000000000000EF
:10E1300000000000000000000000000000000000DF
:10E1400000000000000000000000000000000000CF
:10E1500000000000000000000000000000000000BF
:10E1600000000000000000000000000000000000AF
:10E17000000000000000000000000000000000009F
:10E18000000000000000000000000000000000008F
:10E19000000000000000000000000000000000007F
:10E1A000000000000000000000000000000000006F
:10E1B000000000000000000000000000000000005F
:10E1C000000000000000000000000000000000004F
:10E1D000000000000000000000000000000000003F
:10E1E000000000000000000000000000000000002F
:10E1F000000000000000000000000000000000001F
:10E20000000000000000000000000000000000000E
:10E2100000000000000000000000000000000000FE
:10E2200000000000000000000000000000000000EE
:10E2300000000000000000000000000000000000DE
:10E2400000000000000000000000000000000000CE
:10E2500000000000000000000000000000000000BE
:10E2600000000000000000000000000000000000AE
:10E27000000000000000000000000000000000009E
:10E28000000000000000000000000000000000008E
:10E29000000000000000000000000000000000007E
:10E2A000000000000000000000000000000000006E
:10E2B000000000000000000000000000000000005E
:10E2C000000000000000000000000000000000004E
:10E2D000000000000000000000000000000000003E
:10E2E000000000000000000000000000000000002E
:10E2F000000000000000000000000000000000001E
:10E30000000000000000000000000000000000000D
:10E3100000000000000000000000000000000000FD
:10E3200000000000000000000000000000000000ED
:10E3300000000000000000000000000000000000DD
:10E3400000000000000000000000000000000000CD
:10E3500000000000000000000000000000000000BD
:10E3600000000000000000000000000000000000AD
:10E37000000000000000000000000000000000009D
:10E38000000000000000000000000000000000008D
:10E39000000000000000000000000000000000007D
:10E3A000000000000000000000000000000000006D
:10E3B000000000000000000000000000000000005D
:10E3C000000000000000000000000000000000004D
:10E3D000000000000000000000000000000000003D
:10E3E000000000000000000000000000000000002D
:10E3F000000000000000000000000000000000001D
:10E40000000000000000000000000000000000000C
:10E4100000000000000000000000000000000000FC
:10E4200000000000000000000000000000000000EC
:10E4300000000000000000000000000000000000DC
:10E4400000000000000000000000000000000000CC
:10E4500000000000000000000000000000000000BC
:10E4600000000000000000000000000000000000AC
:10E47000000000000000000000000000000000009C
:10E48000000000000000000000000000000000008C
:10E49000000000000000000000000000000000007C
:10E4A000000000000000000000000000000000006C
:10E4B000000000000000000000000000000000005C
:10E4C000000000000000000000000000000000004C
:10E4D000000000000000000000000000000000003C
:10E4E000000000000000000000000000000000002C
:10E4F000000000000000000000000000000000001C
:10E50000000000000000000000000000000000000B
:10E5100000000000000000000000000000000000FB
:10E5200000000000000000000000000000000000EB
:10E5300000000000000000000000000000000000DB
:10E5400000000000000000000000000000000000CB
:10E5500000000000000000000000000000000000BB
:10E5600000000000000000000000000000000000AB
:10E57000000000000000000000000000000000009B
:10E58000000000000000000000000000000000008B
:10E59000000000000000000000000000000000007B
:10E5A000000000000000000000000000000000006B
:10E5B000000000000000000000000000000000005B
:10E5C000000000000000000000000000000000004B
:10E5D000000000000000000000000000000000003B
:10E5E000000000000000000000000000000000002B
:10E5F000000000000000000000000000000000001B
:10E60000000000000000000000000000000000000A
:10E6100000000000000000000000000000000000FA
:10E6200000000000000000000000000000000000EA
:10E6300000000000000000000000000000000000DA
:10E6400000000000000000000000000000000000CA
:10E6500000000000000000000000000000000000BA
:10E6600000000000000000000000000000000000AA
:10E67000000000000000000000000000000000009A
:10E68000000000000000000000000000000000008A
:10E69000000000000000000000000000000000007A
:10E6A000000000000000000000000000000000006A
:10E6B000000000000000000000000000000000005A
:10E6C000000000000000000000000000000000004A
:10E6D000000000000000000000000000000000003A
:10E6E000000000000000000000000000000000002A
:10E6F000000000000000000000000000000000001A
:10E700000000000000000000000000000000000009
:10E7100000000000000000000000000000000000F9
:10E7200000000000000000000000000000000000E9
:10E7300000000000000000000000000000000000D9
:10E7400000000000000000000000000000000000C9
:10E7500000000000000000000000000000000000B9
:10E7600000000000000000000000000000000000A9
:10E770000000000000000000000000000000000099
:10E780000000000000000000000000000000000089
:10E790000000000000000000000000000000000079
:10E7A0000000000000000000000000000000000069
:10E7B0000000000000000000000000000000000059
:10E7C0000000000000000000000000000000000049
:10E7D0000000000000000000000000000000000039
:10E7E0000000000000000000000000000000000029
:10E7F0000000000000000000000000000000000019
:10E800000000000000000000000000000000000008
:10E8100000000000000000000000000000000000F8
:10E8200000000000000000000000000000000000E8
:10E8300000000000000000000000000000000000D8
:10E8400000000000000000000000000000000000C8
:10E8500000000000000000000000000000000000B8
:10E8600000000000000000000000000000000000A8
:10E870000000000000000000000000000000000098
:10E880000000000000000000000000000000000088
:10E890000000000000000000000000000000000078
:10E8A0000000000000000000000000000000000068
:10E8B0000000000000000000000000000000000058
:10E8C0000000000000000000000000000000000048
:10E8D0000000000000000000000000000000000038
:10E8E0000000000000000000000000000000000028
:10E8F0000000000000000000000000000000000018
:10E900000000000000000000000000000000000007
:10E9100000000000000000000000000000000000F7
:10E9200000000000000000000000000000000000E7
:10E9300000000000000000000000000000000000D7
:10E9400000000000000000000000000000000000C7
:10E9500000000000000000000000000000000000B7
:10E9600000000000000000000000000000000000A7
:10E970000000000000000000000000000000000097
:10E980000000000000000000000000000000000087
:10E990000000000000000000000000000000000077
:10E9A0000000000000000000000000000000000067
:10E9B0000000000000000000000000000000000057
:10E9C0000000000000000000000000000000000047
:10E9D0000000000000000000000000000000000037
:10E9E0000000000000000000000000000000000027
:10E9F0000000000000000000000000000000000017
:10EA00000000000000000000000000000000000006
:10EA100000000000000000000000000000000000F6
:10EA200000000000000000000000000000000000E6
:10EA300000000000000000000000000000000000D6
:10EA400000000000000000000000000000000000C6
:10EA500000000000000000000000000000000000B6
:10EA600000000000000000000000000000000000A6
:10EA70000000000000000000000000000000000096
:10EA80000000000000000000000000000000000086
:10EA90000000000000000000000000000000000076
:10EAA0000000000000000000000000000000000066
:10EAB0000000000000000000000000000000000056
:10EAC0000000000000000000000000000000000046
:10EAD0000000000000000000000000000000000036
:10EAE0000000000000000000000000000000000026
:10EAF0000000000000000000000000000000000016
:10EB00000000000000000000000000000000000005
:10EB100000000000000000000000000000000000F5
:10EB200000000000000000000000000000000000E5
:10EB300000000000000000000000000000000000D5
:10EB400000000000000000000000000000000000C5
:10EB500000000000000000000000000000000000B5
:10EB600000000000000000000000000000000000A5
:10EB70000000000000000000000000000000000095
:10EB80000000000000000000000000000000000085
:10EB90000000000000000000000000000000000075
:10EBA0000000000000000000000000000000000065
:10EBB0000000000000000000000000000000000055
:10EBC0000000000000000000000000000000000045
:10EBD0000000000000000000000000000000000035
:10EBE0000000000000000000000000000000000025
:10EBF0000000000000000000000000000000000015
:10EC00000000000000000000000000000000000004
:10EC100000000000000000000000000000000000F4
:10EC200000000000000000000000000000000000E4
:10EC300000000000000000000000000000000000D4
:10EC400000000000000000000000000000000000C4
:10EC500000000000000000000000000000000000B4
:10EC600000000000000000000000000000000000A4
:10EC70000000000000000000000000000000000094
:10EC80000000000000000000000000000000000084
:10EC90000000000000000000000000000000000074
:10ECA0000000000000000000000000000000000064
:10ECB0000000000000000000000000000000000054
:10ECC0000000000000000000000000000000000044
:10ECD0000000000000000000000000000000000034
:10ECE0000000000000000000000000000000000024
:10ECF0000000000000000000000000000000000014
:10ED00000000000000000000000000000000000003
:10ED100000000000000000000000000000000000F3
:10ED200000000000000000000000000000000000E3
:10ED300000000000000000000000000000000000D3
:10ED400000000000000000000000000000000000C3
:10ED500000000000000000000000000000000000B3
:10ED600000000000000000000000000000000000A3
:10ED70000000000000000000000000000000000093
:10ED80000000000000000000000000000000000083
:10ED90000000000000000000000000000000000073
:10EDA0000000000000000000000000000000000063
:10EDB0000000000000000000000000000000000053
:10EDC0000000000000000000000000000000000043
:10EDD0000000000000000000000000000000000033
:10EDE0000000000000000000000000000000000023
:10EDF0000000000000000000000000000000000013
:10EE00000000000000000000000000000000000002
:10EE100000000000000000000000000000000000F2
:10EE200000000000000000000000000000000000E2
:10EE300000000000000000000000000000000000D2
:10EE400000000000000000000000000000000000C2
:10EE500000000000000000000000000000000000B2
:10EE600000000000000000000000000000000000A2
:10EE70000000000000000000000000000000000092
:10EE80000000000000000000000000000000000082
:10EE90000000000000000000000000000000000072
:10EEA0000000000000000000000000000000000062
:10EEB0000000000000000000000000000000000052
:10EEC0000000000000000000000000000000000042
:10EED0000000000000000000000000000000000032
:10EEE0000000000000000000000000000000000022
:10EEF0000000000000000000000000000000000012
:10EF00000000000000000000000000000000000001
:10EF100000000000000000000000000000000000F1
:10EF200000000000000000000000000000000000E1
:10EF300000000000000000000000000000000000D1
:10EF400000000000000000000000000000000000C1
:10EF500000000000000000000000000000000000B1
:10EF600000000000000000000000000000000000A1
:10EF70000000000000000000000000000000000091
:10EF80000000000000000000000000000000000081
:10EF90000000000000000000000000000000000071
:10EFA0000000000000000000000000000000000061
:10EFB0000000000000000000000000000000000051
:10EFC0000000000000000000000000000000000041
:10EFD0000000000000000000000000000000000031
:10EFE0000000000000000000000000000000000021
:10EFF0000000000000000000000000000000000011
:10F000000000000000000000000000000000000000
:10F0100000000000000000000000000000000000F0
:10F0200000000000000000000000000000000000E0
:10F0300000000000000000000000000000000000D0
:10F0400000000000000000000000000000000000C0
:10F0500000000000000000000000000000000000B0
:10F0600000000000000000000000000000000000A0
:10F070000000000000000000000000000000000090
:10F080000000000000000000000000000000000080
:10F090000000000000000000000000000000000070
:10F0A0000000000000000000000000000000000060
:10F0B0000000000000000000000000000000000050
:10F0C0000000000000000000000000000000000040
:10F0D0000000000000000000000000000000000030
:10F0E0000000000000000000000000000000000020
:10F0F0000000000000000000000000000000000010
:10F1000000000000000000000000000000000000FF
:10F1100000000000000000000000000000000000EF
:10F1200000000000000000000000000000000000DF
:10F1300000000000000000000000000000000000CF
:10F1400000000000000000000000000000000000BF
:10F1500000000000000000000000000000000000AF
:10F16000000000000000000000000000000000009F
:10F17000000000000000000000000000000000008F
:10F18000000000000000000000000000000000007F
:10F19000000000000000000000000000000000006F
:10F1A000000000000000000000000000000000005F
:10F1B000000000000000000000000000000000004F
:10F1C000000000000000000000000000000000003F
:10F1D000000000000000000000000000000000002F
:10F1E000000000000000000000000000000000001F
:10F1F000000000000000000000000000000000000F
:10F2000000000000000000000000000000000000FE
:10F2100000000000000000000000000000000000EE
:10F2200000000000000000000000000000000000DE
:10F2300000000000000000000000000000000000CE
:10F2400000000000000000000000000000000000BE
:10F2500000000000000000000000000000000000AE
:10F26000000000000000000000000000000000009E
:10F27000000000000000000000000000000000008E
:10F28000000000000000000000000000000000007E
:10F29000000000000000000000000000000000006E
:10F2A000000000000000000000000000000000005E
:10F2B000000000000000000000000000000000004E
:10F2C000000000000000000000000000000000003E
:10F2D000000000000000000000000000000000002E
:10F2E000000000000000000000000000000000001E
:10F2F000000000000000000000000000000000000E
:10F3000000000000000000000000000000000000FD
:10F3100000000000000000000000000000000000ED
:10F3200000000000000000000000000000000000DD
:10F3300000000000000000000000000000000000CD
:10F3400000000000000000000000000000000000BD
:10F3500000000000000000000000000000000000AD
:10F36000000000000000000000000000000000009D
:10F37000000000000000000000000000000000008D
:10F38000000000000000000000000000000000007D
:10F39000000000000000000000000000000000006D
:10F3A000000000000000000000000000000000005D
:10F3B000000000000000000000000000000000004D
:10F3C000000000000000000000000000000000003D
:10F3D000000000000000000000000000000000002D
:10F3E000000000000000000000000000000000001D
:10F3F000000000000000000000000000000000000D
:10F4000000000000000000000000000000000000FC
:10F4100000000000000000000000000000000000EC
:10F4200000000000000000000000000000000000DC
:10F4300000000000000000000000000000000000CC
:10F4400000000000000000000000000000000000BC
:10F4500000000000000000000000000000000000AC
:10F46000000000000000000000000000000000009C
:10F47000000000000000000000000000000000008C
:10F48000000000000000000000000000000000007C
:10F49000000000000000000000000000000000006C
:10F4A000000000000000000000000000000000005C
:10F4B000000000000000000000000000000000004C
:10F4C000000000000000000000000000000000003C
:10F4D000000000000000000000000000000000002C
:10F4E000000000000000000000000000000000001C
:10F4F000000000000000000000000000000000000C
:10F5000000000000000000000000000000000000FB
:10F5100000000000000000000000000000000000EB
:10F5200000000000000000000000000000000000DB
:10F5300000000000000000000000000000000000CB
:10F5400000000000000000000000000000000000BB
:10F5500000000000000000000000000000000000AB
:10F56000000000000000000000000000000000009B
:10F57000000000000000000000000000000000008B
:10F58000000000000000000000000000000000007B
:10F59000000000000000000000000000000000006B
:10F5A000000000000000000000000000000000005B
:10F5B000000000000000000000000000000000004B
:10F5C000000000000000000000000000000000003B
:10F5D000000000000000000000000000000000002B
:10F5E000000000000000000000000000000000001B
:10F5F000000000000000000000000000000000000B
:10F6000000000000000000000000000000000000FA
:10F6100000000000000000000000000000000000EA
:10F6200000000000000000000000000000000000DA
:10F6300000000000000000000000000000000000CA
:10F6400000000000000000000000000000000000BA
:10F6500000000000000000000000000000000000AA
:10F66000000000000000000000000000000000009A
:10F67000000000000000000000000000000000008A
:10F68000000000000000000000000000000000007A
:10F69000000000000000000000000000000000006A
:10F6A000000000000000000000000000000000005A
:10F6B000000000000000000000000000000000004A
:10F6C000000000000000000000000000000000003A
:10F6D000000000000000000000000000000000002A
:10F6E000000000000000000000000000000000001A
:10F6F000000000000000000000000000000000000A
:10F7000000000000000000000000000000000000F9
:10F7100000000000000000000000000000000000E9
:10F7200000000000000000000000000000000000D9
:10F7300000000000000000000000000000000000C9
:10F7400000000000000000000000000000000000B9
:10F7500000000000000000000000000000000000A9
:10F760000000000000000000000000000000000099
:10F770000000000000000000000000000000000089
:10F780000000000000000000000000000000000079
:10F790000000000000000000000000000000000069
:10F7A0000000000000000000000000000000000059
:10F7B0000000000000000000000000000000000049
:10F7C0000000000000000000000000000000000039
:10F7D0000000000000000000000000000000000029
:10F7E0000000000000000000000000000000000019
:10F7F0000000000000000000000000000000000009
:10F8000000000000000000000000000000000000F8
:10F8100000000000000000000000000000000000E8
:10F8200000000000000000000000000000000000D8
:10F8300000000000000000000000000000000000C8
:10F8400000000000000000000000000000000000B8
:10F8500000000000000000000000000000000000A8
:10F860000000000000000000000000000000000098
:10F870000000000000000000000000000000000088
:10F880000000000000000000000000000000000078
:10F890000000000000000000000000000000000068
:10F8A0000000000000000000000000000000000058
:10F8B0000000000000000000000000000000000048
:10F8C0000000000000000000000000000000000038
:10F8D0000000000000000000000000000000000028
:10F8E0000000000000000000000000000000000018
:10F8F0000000000000000000000000000000000008
:10F9000000000000000000000000000000000000F7
:10F9100000000000000000000000000000000000E7
:10F9200000000000000000000000000000000000D7
:10F9300000000000000000000000000000000000C7
:10F9400000000000000000000000000000000000B7
:10F9500000000000000000000000000000000000A7
:10F960000000000000000000000000000000000097
:10F970000000000000000000000000000000000087
:10F980000000000000000000000000000000000077
:10F990000000000000000000000000000000000067
:10F9A0000000000000000000000000000000000057
:10F9B0000000000000000000000000000000000047
:10F9C0000000000000000000000000000000000037
:10F9D0000000000000000000000000000000000027
:10F9E0000000000000000000000000000000000017
:10F9F0000000000000000000000000000000000007
:10FA000000000000000000000000000000000000F6
:10FA100000000000000000000000000000000000E6
:10FA200000000000000000000000000000000000D6
:10FA300000000000000000000000000000000000C6
:10FA400000000000000000000000000000000000B6
:10FA500000000000000000000000000000000000A6
:10FA60000000000000000000000000000000000096
:10FA70000000000000000000000000000000000086
:10FA80000000000000000000000000000000000076
:10FA90000000000000000000000000000000000066
:10FAA0000000000000000000000000000000000056
:10FAB0000000000000000000000000000000000046
:10FAC0000000000000000000000000000000000036
:10FAD0000000000000000000000000000000000026
:10FAE0000000000000000000000000000000000016
:10FAF0000000000000000000000000000000000006
:10FB000000000000000000000000000000000000F5
:10FB100000000000000000000000000000000000E5
:10FB200000000000000000000000000000000000D5
:10FB300000000000000000000000000000000000C5
:10FB400000000000000000000000000000000000B5
:10FB500000000000000000000000000000000000A5
:10FB60000000000000000000000000000000000095
:10FB70000000000000000000000000000000000085
:10FB80000000000000000000000000000000000075
:10FB90000000000000000000000000000000000065
:10FBA0000000000000000000000000000000000055
:10FBB0000000000000000000000000000000000045
:10FBC0000000000000000000000000000000000035
:10FBD0000000000000000000000000000000000025
:10FBE0000000000000000000000000000000000015
:10FBF0000000000000000000000000000000000005
:10FC000000000000000000000000000000000000F4
:10FC100000000000000000000000000000000000E4
:10FC200000000000000000000000000000000000D4
:10FC300000000000000000000000000000000000C4
:10FC400000000000000000000000000000000000B4
:10FC500000000000000000000000000000000000A4
:10FC60000000000000000000000000000000000094
:10FC70000000000000000000000000000000000084
:10FC80000000000000000000000000000000000074
:10FC90000000000000000000000000000000000064
:10FCA0000000000000000000000000000000000054
:10FCB0000000000000000000000000000000000044
:10FCC0000000000000000000000000000000000034
:10FCD0000000000000000000000000000000000024
:10FCE0000000000000000000000000000000000014
:10FCF0000000000000000000000000000000000004
:10FD000000000000000000000000000000000000F3
:10FD100000000000000000000000000000000000E3
:10FD200000000000000000000000000000000000D3
:10FD300000000000000000000000000000000000C3
:10FD400000000000000000000000000000000000B3
:10FD500000000000000000000000000000000000A3
:10FD60000000000000000000000000000000000093
:10FD70000000000000000000000000000000000083
:10FD80000000000000000000000000000000000073
:10FD90000000000000000000000000000000000063
:10FDA0000000000000000000000000000000000053
:10FDB0000000000000000000000000000000000043
:10FDC0000000000000000000000000000000000033
:10FDD0000000000000000000000000000000000023
:10FDE0000000000000000000000000000000000013
:10FDF0000000000000000000000000000000000003
:10FE000000000000000000000000000000000000F2
:10FE100000000000000000000000000000000000E2
:10FE200000000000000000000000000000000000D2
:10FE300000000000000000000000000000000000C2
:10FE400000000000000000000000000000000000B2
:10FE500000000000000000000000000000000000A2
:10FE60000000000000000000000000000000000092
:10FE70000000000000000000000000000000000082
:10FE80000000000000000000000000000000000072
:10FE90000000000000000000000000000000000062
:10FEA0000000000000000000000000000000000052
:10FEB0000000000000000000000000000000000042
:10FEC0000000000000000000000000000000000032
:10FED0000000000000000000000000000000000022
:10FEE0000000000000000000000000000000000012
:10FEF0000000000000000000000000000000000002
:10FF000000000000000000000000000000000000F1
:10FF100000000000000000000000000000000000E1
:10FF200000000000000000000000000000000000D1
:10FF300000000000000000000000000000000000C1
:10FF400000000000000000000000000000000000B1
:10FF500000000000000000000000000000000000A1
:10FF60000000000000000000000000000000000091
:10FF70000000000000000000000000000000000081
:10FF80000000000000000000000000000000000071
:10FF90000000000000000000000000000000000061
:10FFA0000000000000000000000000000000000051
:10FFB0000000000000000000000000000000000041
:10FFC0000000000000000000000000000000000031
:10FFD0000000000000000000000000000000000021
:10FFE0007FE97FE9F1F732BA7FE97FE9F1F70ABAF1
:10FFF0007FE97FE9F1F7D2B90000000000000000BE
:020000040001F9
:10000000A0650320F5900100D1890100C190010095
:10001000C1900100C1900100C1900100C190010098
:10002000000000000000000000000000C18A010084
:10003000C190010000000000698A0100C190010028
:100040004D8B01004D8B01004D8B01004D8B01004C
:100050004D8B01004D8B01004D8B01004D8B01003C
:100060004D8B01004D8B01004D8B01004D8B01002C
:100070004D8B01004D8B01004D8B01004D8B01001C
:100080004D8B01004D8B01004D8B01004D8B01000C
:100090004D8B01004D8B01004D8B01004D8B0100FC
:1000A0004D8B01004D8B01004D8B01004D8B0100EC
:1000B000F5CA01004D8B01004D8B01004D8B0100F5
:1000C0004D8B01004D8B01004D8B01004D8B0100CC
:1000D0004D8B01004D8B01004D8B01004D8B0100BC
:1000E0004D8B01004D8B01004D8B01004D8B0100AC
:1000F0004D8B01004D8B01004D8B01004D8B01009C
:100100004D8B01004D8B01004D8B01004D8B01008B
:100110004D8B01004D8B01004D8B01004D8B01007B
:100120004D8B01004D8B01004D8B01004D8B01006B
:100130004D8B01004D8B01004D8B01004D8B01005B
:100140004D8B0100000000000000000000000000D6
:10015000000000000000000000000000000000009F
:10016000000000000000000000000000000000008F
:10017000000000000000000000000000000000007F
:10018000000000000000000000000000000000006F
:10019000000000000000000000000000000000005F
:1001A000000000000000000000000000000000004F
:1001B000000000000000000000000000000000003F
:1001C000000000000000000000000000000000002F
:1001D000000000000000000000000000000000001F
:1001E000000000000000000000000000000000000F
:1001F00000000000000000000000000000000000FF
:10020000DEE61E284CBBCE8F025B00003C000000E7
:10021000903F02000100000000000100000001000A
:10022000FFFF02910000000000000000000000003D
:10023000000000000000000000000000FFFFFFFFC2
:1002400081F0004102E000BF83F0004330B54FEA87
:1002500041044FEA430594EA050F08BF90EA020FF4
:100260001FBF54EA000C55EA020C7FEA645C7FEA87
:10027000655C00F0E2804FEA5454D4EB5555B8BFAA
:100280006D420CDD2C4480EA020281EA030382EA1B
:10029000000083EA010180EA020281EA0303362DAD
:1002A00088BF30BD11F0004F4FEA01314FF4801C80
:1002B0004CEA113102D0404261EB410113F0004F92
:1002C0004FEA03334CEA133302D0524263EB430349
:1002D00094EA050F00F0A780A4F10104D5F1200EE7
:1002E0000DDB02FA0EFC22FA05F2801841F1000142
:1002F00003FA0EF2801843FA05F359410EE0A5F116
:1003000020050EF1200E012A03FA0EFC28BF4CF046
:10031000020C43FA05F3C01851EBE37101F00045FC
:1003200007D54FF0000EDCF1000C7EEB00006EEB09
:100330000101B1F5801F1BD3B1F5001F0CD3490893
:100340005FEA30004FEA3C0C04F101044FEA4452EA
:1003500012F5800F80F09A80BCF1004F08BF5FEA71
:10036000500C50F1000041EB045141EA050130BD51
:100370005FEA4C0C404141EB0101013C28BFB1F563
:10038000801FE9D291F0000F04BF01460020B1FAAE
:1003900081F308BF2033A3F10B03B3F120020CDA81
:1003A0000C3208DD02F1140CC2F10C0201FA0CF05F
:1003B00021FA02F10CE002F11402D8BFC2F1200CC4
:1003C00001FA02F120FA0CFCDCBF41EA0C0190407A
:1003D000E41AA2BF01EB0451294330BD6FEA0404C3
:1003E0001F3C1CDA0C340EDC04F11404C4F12002AE
:1003F00020FA04F001FA02F340EA030021FA04F3C0
:1004000045EA030130BDC4F10C04C4F1200220FA16
:1004100002F001FA04F340EA0300294630BD21FA54
:1004200004F0294630BD94F0000F83F4801306BF1A
:1004300081F480110134013D4EE77FEA645C18BF0E
:100440007FEA655C29D094EA050F08BF90EA020FA5
:1004500005D054EA000C04BF1946104630BD91EA9D
:10046000030F1EBF0021002030BD5FEA545C05D1A0
:100470004000494128BF41F0004130BD14F58004DF
:100480003CBF01F5801130BD01F0004545F0FE4153
:1004900041F470014FF0000030BD7FEA645C1ABF88
:1004A000194610467FEA655C1CBF0B46024650EABF
:1004B000013406BF52EA033591EA030F41F40021EB
:1004C00030BD00BF90F0000F04BF0021704730B571
:1004D0004FF4806404F132044FF000054FF0000146
:1004E00050E700BF90F0000F04BF0021704730B507
:1004F0004FF4806404F1320410F0004548BF4042DC
:100500004FF000013EE700BF42004FEAE2014FEA30
:1005100031014FEA02701FBF12F07F4393F07F4F0B
:1005200081F06051704732F07F4208BF704793F00E
:100530007F4F04BF41F40021704730B54FF4607421
:1005400001F0004521F000411CE700BF50EA010224
:1005500008BF704730B54FF000050AE050EA0102CD
:1005600008BF704730B511F0004502D5404261EB3D
:1005700041014FF4806404F132045FEA915C3FF47E
:10058000D8AE4FF003025FEADC0C18BF03325FEA1B
:10059000DC0C18BF033202EBDC02C2F1200300FACC
:1005A00003FC20FA02F001FA03FE40EA0E0021FAF1
:1005B00002F11444BDE600BF70B54FF0FF0C4CF4DF
:1005C000E06C1CEA11541DBF1CEA135594EA0C0F91
:1005D00095EA0C0F00F0DEF82C4481EA030621EACC
:1005E0004C5123EA4C5350EA013518BF52EA033507
:1005F00041F4801143F4801338D0A0FB02CE4FF0B9
:100600000005E1FB02E506F00042E0FB03E54FF0E8
:100610000006E1FB03569CF0000F18BF4EF0010EE0
:10062000A4F1FF04B6F5007F64F5407404D25FEADC
:100630004E0E6D4146EB060642EAC62141EA55518F
:100640004FEAC52040EA5E504FEACE2EB4F1FD0CD1
:1006500088BFBCF5E06F1ED8BEF1004F08BF5FEA4F
:10066000500E50F1000041EB045170BD06F0004601
:1006700046EA010140EA020081EA0301B4EB5C04AE
:10068000C2BFD4EB0C0541EA045170BD41F48011A6
:100690004FF0000E013C00F3AB8014F1360FDEBFCB
:1006A000002001F0004170BDC4F10004203C35DAA7
:1006B0000C341BDC04F11404C4F1200500FA05F32A
:1006C00020FA04F001FA05F240EA020001F00042CB
:1006D00021F0004110EBD37021FA04F642EB060141
:1006E0005EEA430E08BF20EAD37070BDC4F10C046B
:1006F000C4F1200500FA04F320FA05F001FA04F22F
:1007000040EA020001F0004110EBD37041F100011A
:100710005EEA430E08BF20EAD37070BDC4F1200525
:1007200000FA05F24EEA020E20FA04F301FA05F28D
:1007300043EA020321FA04F001F0004121FA04F235
:1007400020EA020000EBD3705EEA430E08BF20EA05
:10075000D37070BD94F0000F0FD101F0004640003F
:1007600041EB010111F4801F08BF013CF7D041EAC1
:10077000060195F0000F18BF704703F000465200C5
:1007800043EB030313F4801F08BF013DF7D043EA96
:100790000603704794EA0C0F0CEA135518BF95EA4C
:1007A0000C0F0CD050EA410618BF52EA4306D1D1D3
:1007B00081EA030101F000414FF0000070BD50EAF2
:1007C000410606BF1046194652EA430619D094EA7C
:1007D0000C0F02D150EA013613D195EA0C0F05D166
:1007E00052EA03361CBF104619460AD181EA0301BA
:1007F00001F0004141F0FE4141F470014FF0000072
:1008000070BD41F0FE4141F4780170BD70B54FF00C
:10081000FF0C4CF4E06C1CEA11541DBF1CEA13558C
:1008200094EA0C0F95EA0C0F00F0A7F8A4EB05046E
:1008300081EA030E52EA03354FEA013100F0888065
:100840004FEA03334FF0805545EA131343EA12632E
:100850004FEA022245EA111545EA10654FEA0026E3
:100860000EF000419D4208BF964244F1FD0404F59C
:10087000407402D25B084FEA3202B61A65EB0305F8
:100880005B084FEA32024FF480104FF4002CB6EBB5
:10089000020E75EB030E22BFB61A754640EA0C0035
:1008A0005B084FEA3202B6EB020E75EB030E22BF75
:1008B000B61A754640EA5C005B084FEA3202B6EBB6
:1008C000020E75EB030E22BFB61A754640EA9C0075
:1008D0005B084FEA3202B6EB020E75EB030E22BF45
:1008E000B61A754640EADC0055EA060E18D04FEA03
:1008F000051545EA16754FEA06164FEAC30343EAA3
:1009000052734FEAC2025FEA1C1CC0D111F4801F6F
:100910000BD141EA00014FF000004FF0004CB6E768
:1009200011F4801F04BF01430020B4F1FD0C88BF07
:10093000BCF5E06F3FF6AFAEB5EB030C04BFB6EB12
:10094000020C5FEA500C50F1000041EB045170BD05
:100950000EF0004E4EEA113114EB5C04C2BFD4EB32
:100960000C0541EA045170BD41F480114FF0000EB6
:10097000013C90E645EA060E8DE60CEA135594EA32
:100980000C0F08BF95EA0C0F3FF43BAF94EA0C0F35
:100990000AD150EA01347FF434AF95EA0C0F7FF4AA
:1009A00025AF104619462CE795EA0C0F06D152EAFE
:1009B00003353FF4FDAE1046194622E750EA4106E2
:1009C00018BF52EA43067FF4C5AE50EA41047FF4F3
:1009D0000DAF52EA43057FF4EBAE12E74FEA410256
:1009E000B2F1E04324BFB3F5001CDCF1FE5C0DD98D
:1009F00001F0004C4FEAC0024CEA5070B2F1004FD7
:100A000040EB830008BF20F00100704711F0804FD9
:100A100021D113F13872BCBF01F00040704741F49E
:100A200080114FEA5252C2F11802C2F1200C10FAA2
:100A30000CF320FA02F018BF40F001004FEAC12386
:100A40004FEAD32303FA0CFC40EA0C0023FA02F32A
:100A50004FEA4303CCE77FEA625307D150EA013300
:100A60001EBF4FF0FE4040F44000704701F00040D0
:100A700040F0FE4040F40000704700BF80F00040AE
:100A800002E000BF81F0004142001FBF5FEA410366
:100A900092EA030F7FEA226C7FEA236C6AD04FEA66
:100AA0001262D2EB1363C1BFD218414048404140AB
:100AB000B8BF5B42192B88BF704710F0004F40F45D
:100AC000000020F07F4018BF404211F0004F41F479
:100AD000000121F07F4118BF494292EA030F3FD045
:100AE000A2F1010241FA03FC10EB0C00C3F1200358
:100AF00001FA03F100F0004302D5494260EB4000E7
:100B0000B0F5000F13D3B0F1807F06D340084FEA51
:100B1000310102F10102FE2A51D2B1F1004F40EB46
:100B2000C25008BF20F0010040EA030070474900AE
:100B300040EB0000013A28BFB0F5000FEDD2B0FA4B
:100B400080FCACF1080CB2EB0C0200FA0CF0AABF6E
:100B500000EBC25052421843BCBFD040184370470C
:100B600092F0000F81F4000106BF80F40000013212
:100B7000013BB5E74FEA41037FEA226C18BF7FEAE9
:100B8000236C21D092EA030F04D092F0000F08BF2B
:100B90000846704790EA010F1CBF0020704712F012
:100BA0007F4F04D1400028BF40F00040704712F151
:100BB00000723CBF00F50000704700F0004343F0B6
:100BC000FE4040F4000070477FEA226216BF0846EC
:100BD0007FEA23630146420206BF5FEA412390EAAF
:100BE000010F40F4800070474FF0000304E000BFA5
:100BF00010F0004348BF40425FEA000C08BF704756
:100C000043F0964301464FF000001CE050EA010219
:100C100008BF70474FF000030AE000BF50EA01022E
:100C200008BF704711F0004302D5404261EB41011B
:100C30005FEA010C02BF84460146002043F0B64340
:100C400008BFA3F18053A3F50003BCFA8CF2083A65
:100C5000A3EBC25310DB01FA02FC634400FA02FC6E
:100C6000C2F12002BCF1004F20FA02F243EB020075
:100C700008BF20F00100704702F1200201FA02FCD7
:100C8000C2F1200250EA4C0021FA02F243EB0200CA
:100C900008BF20EADC7070474FF0FF0C1CEAD0520E
:100CA0001EBF1CEAD15392EA0C0F93EA0C0F6FD0CF
:100CB0001A4480EA010C400218BF5FEA41211ED0AD
:100CC0004FF0006343EA501043EA5111A0FB013199
:100CD0000CF00040B1F5000F3EBF490041EAD3716E
:100CE0005B0040EA010062F17F02FD2A1DD8B3F1EA
:100CF000004F40EBC25008BF20F00100704790F059
:100D0000000F0CF0004C08BF49024CEA502040EAAA
:100D100051207F3AC2BFD2F1FF0340EAC250704770
:100D200040F400004FF00003013A5DDC12F1190FAE
:100D3000DCBF00F000407047C2F10002410021FA20
:100D400002F1C2F1200200FA02FC5FEA310040F138
:100D5000000053EA4C0308BF20EADC70704792F0B1
:100D6000000F00F0004C02BF400010F4000F013AE9
:100D7000F9D040EA0C0093F0000F01F0004C02BFE4
:100D8000490011F4000F013BF9D041EA0C018FE753
:100D90000CEAD15392EA0C0F18BF93EA0C0F0AD059
:100DA00030F0004C18BF31F0004CD8D180EA01007F
:100DB00000F00040704790F0000F17BF90F0004F18
:100DC000084691F0000F91F0004F14D092EA0C0FFA
:100DD00001D142020FD193EA0C0F03D14B0218BF8D
:100DE000084608D180EA010000F0004040F0FE40D3
:100DF00040F40000704740F0FE4040F4400070476F
:100E00004FF0FF0C1CEAD0521EBF1CEAD15392EAED
:100E10000C0F93EA0C0F69D0A2EB030280EA010CDD
:100E200049024FEA402037D04FF0805343EA111176
:100E300043EA10130CF000408B4238BF5B0042F1D4
:100E40007D024FF4000C8B4224BF5B1A40EA0C0079
:100E5000B3EB510F24BFA3EB510340EA5C00B3EBAB
:100E6000910F24BFA3EB910340EA9C00B3EBD10F99
:100E700024BFA3EBD10340EADC001B0118BF5FEAEB
:100E80001C1CE0D1FD2A3FF650AF8B4240EBC25014
:100E900008BF20F0010070470CF0004C4CEA5020D5
:100EA0007F32C2BFD2F1FF0340EAC250704740F424
:100EB00000004FF00003013A37E792F0000F00F016
:100EC000004C02BF400010F4000F013AF9D040EA94
:100ED0000C0093F0000F01F0004C02BF490011F428
:100EE000000F013BF9D041EA0C0195E70CEAD15320
:100EF00092EA0C0F08D142027FF47DAF93EA0C0F07
:100F00007FF470AF084676E793EA0C0F04D14B02EA
:100F10003FF44CAF08466EE730F0004C18BF31F09C
:100F2000004CCAD130F000427FF45CAF31F0004396
:100F30007FF43CAF5FE700BF4FF0FF3C06E000BF2F
:100F40004FF0010C02E000BF4FF0010C4DF804CD52
:100F50004FEA40024FEA41037FEA226C18BF7FEA62
:100F6000236C11D001B052EA530C18BF90EA010F64
:100F700058BFB2EB030088BFC81738BF6FEAE170F3
:100F800018BF40F0010070477FEA226C02D15FEA8F
:100F9000402C05D17FEA236CE4D15FEA412CE1D0FB
:100FA0005DF8040B704700BF844608466146FFE7C2
:100FB0000FB5FFF7C9FF002848BF10F1000F0FBDA4
:100FC0004DF808EDFFF7F4FF0CBF012000205DF89D
:100FD00008FB00BF4DF808EDFFF7EAFF34BF012022
:100FE00000205DF808FB00BF4DF808EDFFF7E0FFBB
:100FF00094BF012000205DF808FB00BF4DF808ED0C
:10100000FFF7D2FF94BF012000205DF808FB00BF6E
:101010004DF808EDFFF7C8FF34BF012000205DF850
:1010200008FB00BF4FEA4002B2F1FE4F0FD34FF072
:101030009E03B3EB12620DD94FEA002343F0004345
:1010400010F0004F23FA02F018BF404270474FF0F3
:101050000000704712F1610F01D1420205D110F07A
:10106000004008BF6FF0004070474FF0000070472D
:101070007BB972B90029BEBF00204FF0004106E0E5
:1010800008BF00281CBF6FF000414FF0FF3000F098
:10109000BBB9ADF1080C6DE904CE002909DB002BCA
:1010A0001ADB00F04DF8DDF804E0DDE9022304B0BE
:1010B0007047404261EB4101002B1BDB00F040F820
:1010C000DDF804E0DDE9022304B0404261EB4101B8
:1010D000524263EB43037047524263EB430300F019
:1010E0002FF8DDF804E0DDE9022304B0404261EBB3
:1010F00041017047524263EB430300F021F8DDF8F1
:1011000004E0DDE9022304B0524263EB430370477D
:1011100053B94AB9002908BF00281CBF4FF0FF315E
:101120004FF0FF3000F070B9ADF1080C6DE904CE5E
:1011300000F006F8DDF804E0DDE9022304B07047B2
:101140002DE9F047089E0D4604468A46002B7FD1C4
:101150008A42174641D9B2FA82F24AB1C2F120015D
:1011600005FA02F39740944020FA01F141EA030A9C
:101170004FEA17484FEA144C1FFA87F9BAFBF8FEFA
:1011800008FB1EA30EFB09F14CEA0343994206D962
:10119000FB1802D2994200F224810EF1FF3E591A47
:1011A000A3B2B1FBF8F008FB101100FB09F943EA08
:1011B0000144A14505D93C1902D2A14500F20E8196
:1011C0000138A4EB090440EA0E4000211EB1D440CE
:1011D0000023C6E90043BDE8F08702B9FFDEB2FA9A
:1011E00082F2002A4FD1CB1B4FEA174E1FFA87F825
:1011F0000121250CB3FBFEFC0EFB1C302B4608FB2B
:101200000CF945EA0045A9450AD97D192CBF0123EF
:101210000023A94502D9002B00F0D9800CF1FF3C36
:10122000A5EB0905A3B2B5FBFEF00EFB105508FBBC
:1012300000F843EA0544A04505D93C1902D2A0456F
:1012400000F2C9800138A4EB080440EA0C40BDE775
:101250008B4208D9002E00F0B1800021C6E90005BC
:101260000846BDE8F087B3FA83F1002946D1AB42C6
:10127000C0F0A780824240F2A4800846002EAAD087
:10128000C6E9004AA7E7C2F12000974001FA02F33D
:101290004FEA174EC14024FA00F51FFA87F8944030
:1012A0001D43B1FBFEF02B0C0EFB101100FB08FCE4
:1012B00043EA01439C4509D9FB182CBF01210021B9
:1012C0009C4502D9002900F095800138A3EB0C035E
:1012D000ADB2B3FBFEF10EFB113301FB08FC45EA96
:1012E0000345AC4505D97D1902D2AC4500F2898091
:1012F0000139A5EB0C0341EA00417AE7C1F1200472
:101300008B4002FA01F705FA01FCE24020FA04F8EA
:10131000E54000FA01FE134348EA0C024FEA134885
:101320004FEA124C1FFA83F9B5FBF8FA08FB1A557D
:101330000AFB09F04CEA054C60450AD913EB0C0C8A
:101340002CBF01250025604501D9002D55D00AF19B
:10135000FF3AACEB000C92B2BCFBF8F008FB10CCEF
:1013600000FB09F942EA0C4CE14505D913EB0C0CE2
:1013700001D2E1453BD8013840EA0A40ACEB090C08
:10138000A0FB0789CC4545464A4602D306D1C6454F
:1013900004D20138B8EB070569EB03022EB3BEEBAC
:1013A00005036CEB020C23FA01F20CFA04F42CFA9C
:1013B00001F300211443C6E900430CE731463046EF
:1013C00009E7841A65EB030301209A4656E7ACF15E
:1013D000020C3D4424E702383C4434E702383C44E4
:1013E000EFE6AEF1020E3B44D9E63146F3E60238B1
:1013F0009C44C1E702383B4468E7AAF1020A9C44D6
:10140000A7E702393D4474E7704700BF4FF0FF3C47
:1014100006E000BF4FF0010C02E000BF4FF0010CEE
:101420004DF804CD4FEA410C7FEA6C5C4FEA430C67
:1014300018BF7FEA6C5C1BD001B050EA410C0CBFB6
:1014400052EA430C91EA030F02BF90EA020F002018
:10145000704710F1000F91EA030F58BF994208BF7F
:1014600090422CBFD8176FEAE37040F0010070473C
:101470004FEA410C7FEA6C5C02D150EA013C07D193
:101480004FEA430C7FEA6C5CD6D152EA033CD3D0DE
:101490005DF8040B704700BF8446104662468C46D8
:1014A0001946634600E000BF01B5FFF7B7FF00280B
:1014B00048BF10F1000F01BD4DF808EDFFF7F4FF34
:1014C0000CBF012000205DF808FB00BF4DF808EDBF
:1014D000FFF7EAFF34BF012000205DF808FB00BFE2
:1014E0004DF808EDFFF7E0FF94BF012000205DF804
:1014F00008FB00BF4DF808EDFFF7CEFF94BF0120B9
:1015000000205DF808FB00BF4DF808EDFFF7C4FFB1
:1015100034BF012000205DF808FB00BF4FEA410CFA
:101520007FEA6C5C02D150EA013C0AD14FEA430CDD
:101530007FEA6C5C02D152EA033C02D14FF000001A
:1015400070474FF0010070474FEA410212F5001258
:1015500015D211D56FF47873B3EB625212D94FEAFA
:10156000C12343F0004343EA505311F0004F23FAE4
:1015700002F018BF404270474FF00000704750EA39
:10158000013005D111F0004008BF6FF000407047F6
:101590004FF00000704700BF10F8012B11F8013B1D
:1015A000012A28BF9A42F7D0D01A7047034613F891
:1015B000012B002AFBD1181A0138704700000000E7
:1015C00001282DE9F0470C4642D0042808D007F046
:1015D000EBFF162203464FF0FF301A60BDE8F0879C
:1015E00000263546B14618F027FF25A3D3E900238E
:1015F0000F46DFF89480A0FB080108FB0711C70B1A
:1016000047EA41474FEAD13A38465146FFF780FD55
:101610001BA3D3E90023451941EB0909384651467C
:101620002560C4F80490FFF773FD134B32449A42CF
:10163000A2600AD9013549F10001A2EB080200209D
:10164000C4E90051A260BDE8F0870020BDE8F08742
:101650004FF02003EFF3118283F31288BFF36F8FF3
:10166000064B9E68D3E9005982F31188BFF36F8F50
:10167000B9E700BFAFF30080FFC99A3B98CF0020C5
:1016800000CA9A3B0000000000CA9A3B000000001C
:1016900001282DE9F8433DD10C4618F0CDFE0E4649
:1016A000D4E90021224DA468A0FB0578A2FB052304
:1016B00005FB068805FB0133F80B121940EA484088
:1016C00043EBE473151A4FEAD83463EB04044FF08C
:1016D0002003EFF3118783F31288BFF36F8F12A3F8
:1016E000D3E9002328462146FFF7C2FC0EA3D3E925
:1016F0000023804689460F4E28462146C6E90089C8
:10170000FFF7B6FCB26087F31188BFF36F8F00203C
:10171000BDE8F88307F048FF162203464FF0FF307C
:101720001A60F5E7AFF3008000CA9A3B00000000A2
:1017300000CA9A3B98CF002000230422F0B587B05E
:10174000CDE904330192002800F0E0800E46002924
:1017500000F0DC800546062104A80CF0B1FE04462A
:10176000002849D1014604AA28460CF081FE04460F
:10177000002830D1032101AB02AA04A80DF004F81F
:101780000446002877D1019B06AA13440146022291
:1017900002A803F8104C1AF021FF6A460546012101
:1017A00004A80CF0B3FFEDB2044600286FD1009BF3
:1017B000042B2FD0052B00F085805F4B5F493070E4
:1017C000C91AC90889015E4841F0020105F084FB8D
:1017D0006FF07F040AE0594A574B0146D21AD208EB
:1017E0009201584842F0010205F030FA04A80CF0CA
:1017F00081FE204607B0F0BD4F4B504A0146D21A39
:10180000D2089201504842F0010205F01FFA20462A
:1018100007B0F0BD0722334603F8042B002B42D05B
:101820000F2D40D8494B4A4F33F81500002857D1A7
:101830004848042170600DEB010302AA04A801913D
:101840000CF0A2FF0446002854D1019B06AA1344C1
:101850002146022202A803F8104C1AF0BFFEC1B2C2
:101860000F2956D80130C0B2FFF7C2F93946FFF749
:1018700013FAB060BAE7304B304A0146D21AD208A8
:101880009201354842F0010205F0E0F9AEE72A4B3B
:101890002A4A0146D21AD2089201304842F0010287
:1018A00005F0D4F9A2E7244B244A6FF01501D21AAF
:1018B000D20892012A4842F0010205F0C7F96FF000
:1018C000150493E70922334603F8042B002BEAD0D2
:1018D0000F2DE8D8234B244F33F815000028A7D04C
:1018E000FEF700FE12A3D3E90023FEF765FEFFF723
:1018F00075F89EE7104B114A0146D21AD2089201A0
:101900001A4842F0010205F0A1F96FE76FF01504E3
:101910006FE70A4B084A16489A1AD208920142F019
:10192000010205F093F96FF015045FE7AFF3008053
:101930007B14AE47E17A244064F40200CCF4020048
:10194000DC1B0300601B0300341B03008C2003001E
:101950000AD7A33F0AD7A3408C1B0300B81B030080
:10196000041C0300AC2003000AD72340281C0300FA
:10197000541C0300000000002DE9F04F164699B0FA
:101980001F46446A0546DDF89480CDE904673CB9FA
:10199000102019F08FFA68620460C460C0E9014445
:1019A0006B6A196851B15A680123284693404A600E
:1019B0008B601CF06CFF6B6A00221A603B1EB7BF85
:1019C00023F00043002301220593A8BFC8F800308C
:1019D000DDF81490AC4BB8BFC8F8002033EA090317
:1019E00019D142F20F73249A1360C9F313033343DE
:1019F00000F06A85269B53B9A44B23E0A44B0393C4
:101A00000833269A1360039819B0BDE8F08F9F4BF6
:101A100003930333F5E7DDE904340022CDE90C3408
:101A2000DDE90C010023FFF747FD804660B101238B
:101A3000249A1360269B002B00F04385954B269A31
:101A40001360013B0393DEE716ABC9F30A54284643
:101A5000019317AB0093DDE90C231DF057F9834682
:101A6000002C7CD00D9BA4F2FF34CDF84C80C3F346
:101A70001303DDE90C0143F07F5141F440110022D2
:101A8000854BFEF7E1FB7AA3D3E90023FEF794FD33
:101A900079A3D3E90023FEF7D9FB06460F4620467B
:101AA000FEF720FD76A3D3E90023FEF785FD02466D
:101AB0000B4630463946FEF7C9FB06460F46FFF790
:101AC00043FD00228246002330463946FFF7FEFCE4
:101AD00048B15046FEF706FD32463B46FFF7ECFCA8
:101AE00008B90AF1FF3ABAF1160F56D86B4B03EB5F
:101AF000CA03DDE90C01D3E90023FFF7E7FC002866
:101B00004DD00AF1FF3A00230F93169B1C1B631E56
:101B1000099349BFC4F1010300230693002354BF76
:101B200006930993BAF1000F3BDB099BCDF838A06F
:101B30005344099300230A93229B092B00F2B4809B
:101B4000052BC5BF043B002401242293229B023BAA
:101B5000032B00F2B580DFE803F02E7D7BA5DDE9E5
:101B600016431C4404F23243202BC6BFC3F140038A
:101B700004F21240C3F1200304F1FF34C5BF09FA97
:101B800003F326FA00F006FA03F01843FEF79AFC76
:101B90000123A1F1F871139371E70123B4E70F90CA
:101BA000B3E7069BA3EB0A030693CAF100030A936B
:101BB00000230E93C0E700230B93239B002B00F31D
:101BC00082804FF001094B46CDF82090CDF88C90E3
:101BD00000226E6A7260042202F114007168984259
:101BE00077D928461CF01FFE6B6A30601B68039390
:101BF000089B0E2B00F2EE80002C00F0EB80BAF177
:101C0000000F7ADD0AF00F03244A1AF4807F02EBFA
:101C1000C303D3E90034CDE910344FEA2A145CD071
:101C20001F4B04F00F040327D3E90823DDE90C015F
:101C3000FEF7ECFDCDE90401194E002C4FD1DDE992
:101C40001023DDE90401FEF7E1FDCDE904016EE0BA
:101C50000123B1E700230B93239B0AEB030909F14E
:101C60000103012B0893B8BF0123B1E7AFF3008054
:101C700061436F63A787D23FB3C8608B288AC63F92
:101C8000FB799F501344D33F0000F07F5A35030087
:101C9000513503007E3503000000F83F10F60200C6
:101CA000E8F502000123D6E7012400230B942293D8
:101CB0004FF0FF3900221223CDF82090239287E7BE
:101CC00001230B93F4E7DDF88C904B46CDF8209080
:101CD0007EE70131520071607EE70227ACE7E10741
:101CE00008D50137DDE91001D6E90023FEF764FCD1
:101CF000CDE91001641008369FE700F0A580CAF115
:101D00000004A34BA34E022704F00F02241103EB9F
:101D1000C203DDE90C01D3E90023FEF74DFC0023EB
:101D2000CDE90401002C40F08480002B8DD10F9B65
:101D3000002B00F08B800022DDE90434CDE9103463
:101D4000DDE91001944BFFF7C1FB00287ED0089B12
:101D5000002B7BD0B9F1000F38DD0AF1FF380137D5
:101D60004C4600228D4BDDE91001FEF725FCCDE944
:101D700004013846FEF7B6FBDDE90423FEF71CFC40
:101D80000022874BFEF762FAA1F15076CDE91001EF
:101D90001196002C5DD10022824BDDE90401FEF793
:101DA00053FA02460B46CDE90423109A3346FFF757
:101DB000ABFB002840F09482109A06F10043DDE965
:101DC0000401FFF783FB002840F08882DDE90C3432
:101DD000CDE90434179B002BC0F24F81BAF10E0FEE
:101DE00000F34B816A4B03EBCA03D3E90034CDE91E
:101DF0000634239B002B80F2D980089B002B00F334
:101E0000D58040F06A820022664BDDE90601FEF7CC
:101E1000D3FBDDE90423FFF76DFB089C2646002871
:101E200040F04082039F31230AF1010A07F8013B89
:101E30003CE2E20705D50137D6E90023FEF7BCFBFB
:101E40000123641008366DE7022770E7D046089C2E
:101E50008FE703994E4B214403EBC40312910B9976
:101E6000DDE9106753E90223002946D000204E49DE
:101E7000FEF7CCFC3B463246FEF7E6F9039FCDE980
:101E80001001DDE90401FFF75FFB0446FEF72AFBC2
:101E900002460B463034DDE90401FEF7D5F902466F
:101EA0000B4607F8014BCDE90423DDE91023FFF7CA
:101EB0000DFB002864D100203749DDE90423FEF73B
:101EC000C3F9DDE91023FFF701FB002840F0B480DF
:101ED000129B9F423FF47AAF0022304BDDE91001A4
:101EE000FEF76AFB00222D4BCDE91001DDE904016C
:101EF000FEF762FBCDE90401C3E730463946FEF741
:101F00005BFB129B039C1493CDE91001DDE90401F6
:101F1000FFF71AFB1590FEF7E5FA02460B46DDE9DE
:101F20000401FEF791F9159B06460F463033002257
:101F300004F8013B129B9C4224D11B4BDDE91001AC
:101F4000FEF784F902460B4630463946FFF7DCFAC5
:101F5000002870D100201449DDE91023FEF774F940
:101F600002460B4630463946FFF7B0FA00283FF4E8
:101F70002DAF149F7B1E149317F8013C302BF8D023
:101F8000C24648E0054BFEF717FBCDE90401BDE76B
:101F900010F60200E8F502000000F03F00002440C7
:101FA00000001C40000014400000E03FDDE904890F
:101FB000039F40464946DDE90623FEF727FCFFF76D
:101FC000C3FA0446FEF78EFA04F13006DDE9062373
:101FD000FEF7F2FA0B46024649464046FEF734F950
:101FE00007F8016B039E089BBE1BB34238D1024623
:101FF0000B46FEF72BF980468946DDE90623FFF7FD
:1020000083FA58BB40464946DDE90623FFF754FAF8
:1020100008B1E10722D4284659461CF038FC0023B9
:102020000AF101003B70249B1860269B002B3FF4B3
:10203000EAAC1F60E7E427463B461F4613F8012D34
:10204000392A07D1039A9A42F7D13022039908F12D
:1020500001080A701A7801321A7091E7D046EBE74E
:102060000022A14BFEF7A8FA0022002380468946F1
:10207000FFF722FA00289CD0CDE70B9A002A00F047
:10208000CC80229A012A00F3AF80139A002A00F034
:10209000A78003F233430A9C069F069A0121284633
:1020A0001A440692099A1A4409921CF094FC0646B6
:1020B000002F0CDD099B002B09DDBB42069AA8BF4F
:1020C0003B46D21AFF1A0692099AD31A09930A9B21
:1020D000F3B10B9B002B00F0A480002C10DD3146E7
:1020E000224628461AF0C0FC5A46014606462846B3
:1020F0001CF07AFC804659462846C3461CF0C7FBB4
:102100000A9B1A1B04D0594628461AF0ADFC834698
:10211000012128461CF05FFC0E9B0446002B40F377
:1021200082801A46014628461AF09EFC229B0446ED
:10213000012B7BDD4FF00008236904EB8303186952
:102140001CF0FBFBC0F12000099B184410F01F009D
:1021500000F08D80C0F12003042B40F38680C0F195
:102160001C00069B074403440693099B0344099300
:10217000069B002B05DD59461A4628461CF0CFFC6D
:102180008346099B002B05DD21461A4628461CF094
:10219000C6FC04460F9B002B6BD0214658461CF012
:1021A0001DFD002865DA002359460A2228461CF046
:1021B00085FB0B9B0AF1FF3A8346002B00F08B81D5
:1021C000314600230A2228461CF078FBB9F1000FA3
:1021D000064600F39180229B022B40F38D8050E055
:1021E000169BC3F1360356E7089B5C1E0A9BA3426D
:1021F000B7BF0A9B1C1B0A94E21ABFBF0E9B0024A8
:102200009B180E93089B002BBBBF069B089A069F4A
:102210009F1AACBF089B00233FE70A9C069F0B9EBA
:1022200046E70A9A6FE7229B012B19DC049BBBB996
:10223000059BC3F313039BB9059B23F000431B0DC0
:102240001B0583B1069B4FF0010801330693099BE0
:10225000013309930E9B002B7FF46EAF012073E7CF
:102260004FF00008F6E79846F4E781D018461C3096
:1022700077E7089B002B39DC229B022B36DDDDF84B
:102280002090B9F1000F0DD121464B46052228467A
:102290001CF014FB0146044658461CF09FFC002825
:1022A0003FF7C0AD239B039F6FEA030A4FF000087E
:1022B000214628461CF0EBFA002E3FF4ACAEB8F1F4
:1022C000000F05D0B04503D0414628461CF0DFFA88
:1022D000314628461CF0DBFA9DE600242646E1E75D
:1022E000C24626469EE500BF000024400B9BDDF859
:1022F0002090002B00F0F680002F05DD31463A4695
:1023000028461CF00CFC0646B8F1000F55D0716849
:1023100028461CF088FA3269074606F10C010232A1
:102320000C3092001BF0A7FF0122394628461CF012
:10233000F6FB039BB046064601330893039B4B44D0
:102340000A93049B03F001030993089B2146584616
:10235000013B04931CF0BBF90346414606905846E6
:1023600030330B931CF03AFC324681462146284616
:102370001CF04FFCC26807460B9B02BB0146584647
:102380001CF02CFC0B9B024639462846CDE90B324B
:102390001CF07DFA229B0C9A089F43EA0201099BDC
:1023A0000B430B9B0DD1392B29D0B9F1000F01DD67
:1023B000069B3133049A13707AE73046B9E701225D
:1023C000E2E7B9F1000F06DB229941EA0909099910
:1023D00059EA010120D1002AECDD594601222846A4
:1023E00008931CF09CFB214683461CF0F7FB002859
:1023F000089B02DCDED1DA07DCD5392BD8D13923B2
:10240000049A13703B461F46013B17F8012C392AEA
:1024100050D001321A704BE7002A03DD392BEED081
:102420000133C7E7089A0A9902F8013C8A422AD088
:10243000594600230A2228461CF040FAB04583463C
:102440004FF000034FF00A024146284607D11CF026
:1024500035FA80460646089B0133089375E71CF061
:102460002DFA3146804600230A2228461CF026FA1F
:102470000646F0E7B9F1000F039A4FF00008CCBF11
:102480004F460127174459460122284608931CF05D
:1024900046FB214683461CF0A1FB0028B2DC02D19A
:1024A000089BDB07AED43B461F4613F8012D302AAC
:1024B000FAD0FDE6039A9A42A5D10AF1010A312326
:1024C00079E7134BFFF7BEBA269B002B7FF496AA41
:1024D000104BFFF7B7BAB9F1000F03DC229B022BB8
:1024E0003FF7CFAE039F214658461CF0F0F8039A01
:1024F00000F1300307F8013BBA1A9145BADD59469D
:1025000000230A2228461CF0D9F98346EBE700BFD6
:102510007D35030051350300704700BF0378032B5E
:1025200006D8DFE803F0060A0E020422074B1A73EE
:1025300070470122054B1A7370470222034B1A732E
:1025400070470522014B1A73704700BFA0C60020D8
:1025500070B5ADF5816D05464FF480610F4A02A854
:1025600015F0BAFD044618B120460DF5816D70BD19
:102570003A2102A81BF0D6FF461C30460A211BF068
:10258000D1FF03460A22304601A9019319F002FF48
:10259000286020460DF5816D70BD00BFD8F60200A1
:1025A00010B582B00CF0B4FE60B904224FF00833CD
:1025B0000DEB0201022001931BF008FE04462046A9
:1025C00002B010BD04460146024802F06FFE2046EC
:1025D00002B010BDE4F6020010B501200CF0DAFAEA
:1025E00030B901200CF09AFC044658B9204610BDC1
:1025F0000146074802F05AFE01200CF08FFC044609
:102600000028F3D00146034802F050FE204610BDDA
:102610000CF7020028F7020030B5434D8BB001F0F3
:1026200013FA2946414801F03DFA041E6FDBAB68FE
:10263000002B29DD01F068F8FFF7B2FFFFF7CCFFB0
:1026400005F1140000F0A4FD041E2DDB00200DF0A8
:102650002DFD374B37493848C91AC908890141F05F
:10266000030104F039FC4FF47A7406E04FF4A470CF
:10267000002117F01DFC013C03D00DF013FD0028D4
:10268000F4D001222D4B1A732D480DF00DFD0DF0E5
:1026900009FD28B30DF006FD48B10DF003FD00283B
:1026A00014BF00246FF03C0420460BB030BD204B1B
:1026B0002049244DC91AC9088901234841F0010164
:1026C00001AC04F009FC0FCD0FC40FCD0FC42B6873
:1026D00001A823600DF004FC0422184B1A73DCE7F8
:1026E000134B14491948C91AC908890141F001015D
:1026F00004F0F2FBA86B01A901F00EFA0028C9D181
:1027000001A80DF0EDFB03220C4B1A73C2E7084B36
:1027100008490F48C91AC908890141F0010104F0AC
:10272000DBFB20460BB030BDE82A032044F7020053
:1027300064F40200D4F4020070F70200A0C6002086
:102740001D25010080F50200B0F702008CF70200A1
:1027500050F702002DE9F0415A4C82B06846A76854
:102760000DF072FC0028C0F28A80DDE900014FF410
:102770007A720023FEF7CCFC0346534AC2F81401D8
:10278000524E534D304640F8043BFFF7E1FE514BAB
:102790005148ED1AED08AD0145F00308414604F03B
:1027A0009BFB494B227C617CE06800F0A5F9414627
:1027B0004A4804F091FB444800F0B2FB41464848C7
:1027C00004F08AFB4049606B01F022FA3146A06BAD
:1027D00001F05AFA237C012B55D0002F06DDB26898
:1027E000B2FBF7F307FB1327002F55D045F0030783
:1027F00039463C4804F070FB23781BB3012B11D001
:10280000394845F0010104F067FB404080F311882E
:102810004FF0030002DF0020B3680133B36002B061
:10282000BDE8F0813946314804F056FB04210C2202
:102830002F4BC3F83C12C3F840220021002017F0B0
:1028400037FBE8E739462B4804F046FB04274FF4F2
:10285000004C0C2540F2E73000216368244A23EA4B
:10286000E373C2F83C72CCFB0301C2F84052002370
:102870004FF47A72FEF74CFC17F01AFBCBE7124AC2
:10288000D2F814317CE741461B4804F025FB0E4981
:10289000606B02F0B3FAA0E7184845F0030104F0BA
:1028A0001BFB0949164800F023FD40B907491448AD
:1028B00000F05AFE002899D000F0EEFC96E700F0F8
:1028C000EBFCF3E7E82A032088C50020A0C600201F
:1028D000D4F4020064F40200D4F70200ECF7020022
:1028E000FCF702002CF802004CF8020040F802004D
:1028F0000025844034F802000CF802001CF80200A5
:10290000FC2A032010B50024164B1749174AC91A90
:102910001748184BC9088901C0F8004541F0030168
:10292000C2F800451448C3F8004504F0D5FA012068
:1029300002F0ECFA00214FF4004017F0B9FA2046FB
:1029400002F0E4FAFFF768FEA04205DA404080F3A7
:1029500011884FF0030002DFFFF7FCFEFFF7FAFEDD
:10296000FAE700BF64F40200D4F4020000900040D3
:102970000080004000A000406CF80200F0B5022585
:102980000F4F85B044190FE038688DF800208DF89E
:102990000130CDF804D002958DF80C5083680122E7
:1029A0009E6801A92123B04714F8022C14F8013CB9
:1029B000023402EA0301FF29E6D105B0F0BD00BFF1
:1029C000E4D2002070B507250123002688B00D4C05
:1029D0000DEB05010DF106028DF807000393206849
:1029E00006938DF810608DF81C5002910592836853
:1029F00002229C6802A92123A0479DF8060008B086
:102A000070BD00BFE4D200202DE9F0430722054647
:102A10000127002089B0DFF8648001AE0DF10303C7
:102A20008DF810000C46D8F800008DF8045003977C
:102A300006978DF81C2002960593836802A9D3F8A7
:102A4000089002222123C84702239DF80310D8F8DA
:102A5000000021438DF8045002968DF803108DF884
:102A6000051003938DF8103083683A469C6802A9DC
:102A70002123A04709B0BDE8F08300BFE4D20020C5
:102A80002DE9F043072204460126002089B0DFF833
:102A9000648001AD0DF103038DF810000F46D8F8E6
:102AA00000008DF80440039606968DF81C200295D0
:102AB0000593836802A9D3F8089002222123C8470E
:102AC00002229DF80330D8F8000023EA07018DF8B0
:102AD000044002958DF803108DF8051003928DF8CF
:102AE0001020836832469C6802A92123A04709B0C0
:102AF000BDE8F083E4D200202DE9F04F87B00F4607
:102B000083F81011019083F81121BC4815F01CFEC8
:102B10000346BB4ABB4CBC4EA41AE408A40144F0D3
:102B2000030401682246B948336004F08FF8B848BE
:102B300015F00AFE0346B74D01682246B3482B60E4
:102B400004F084F830680269816813680C6823F423
:102B5000004313600F214FF40072A04730680269F0
:102B6000816813680C6823F48033136010214FF4DC
:102B70000072A04730680269816813680C6823F40A
:102B80008023136012214FF40072A0474FF0010818
:102B90000024306802698168136808FA04FC23EA9B
:102BA0000C0313600B684FF48072E1B20134984754
:102BB000082CEED130680269816813680C6823F430
:102BC000006313600B214FF48072A04730680269E4
:102BD000816813680C6823F4805313600C214FF450
:102BE0008072A04730680269816813680C6823F41A
:102BF000005313600D214FF48072A0473068836842
:102C00004FF40041DB689847306883684FF48031A7
:102C10001B6998474FF000407F4A804BC2F83882CA
:102C2000D3F810257E4C22F00F02C3F81025D3F8FC
:102C300004257C4E22F00302C3F80425C3F8408526
:102C4000D3F80815784A21F0030141F00101C3F8D7
:102C50000815C3F8008220603060D2F81015734860
:102C600021F4981121F4F851C2F81015D2F810157A
:102C700041F4981141F46061C2F81015D2F81015B2
:102C800041F00301C2F81015C3F80080C0F80485B4
:102C9000002140F6CD4017F00BF948F21203022450
:102CA000ADF8083002AB2868039304948DF8144003
:102CB000836801229E6803A92123B047002140F6C2
:102CC000CD4017F0F5F85A48FFF758FE1222594B3D
:102CD000594E07EBC70703EB870898F80C10737879
:102CE00002A80B430390049428688DF814408DF8D3
:102CF00008208DF80930836801229F6803A92123E9
:102D0000B84742F2150302AACDE9032428688DF8DA
:102D10001440ADF80830836801229F6803A921237D
:102D2000B8473019FFF72AFED8E905791722D8F8F5
:102D300010A002AB03934FEAEA03D8F81C6028689E
:102D400004948DF814408DF808208DF809308368BC
:102D500003A9D3F808B001222123D8471822FB1079
:102D600002A9CDE9031428688DF814408DF80820D5
:102D70008DF8093083680122D3F808B003A9212314
:102D8000D8473220FFF71EFEFF0007F038070AF091
:102D9000070A47EA0A0A20F03F074AEA07077FB214
:102DA00000214FF4A47017F083F8322302AACDE972
:102DB000032428688DF809708DF814408DF80830C8
:102DC000836803A99F6801222123B847192249FA81
:102DD00004F302A9CDE9031428688DF814408DF896
:102DE00008208DF80930836803A99F6801222123F8
:102DF000B8471A2246FA04F302A91FE07CF8020041
:102E000064F40200FCF40200E0D2002084F8020026
:102E100090F80200E4D200200025844000F0004039
:102E2000C0F10040801003400010034000700140DA
:102E3000B0C60020A0F90200ECC70020CDE90314C1
:102E400028688DF814408DF808208DF809308368C3
:102E500001229F6803A92123B8470320FFF7B2FD91
:102E6000A64006F00C0609F0030946EA090920F01D
:102E70000F0649EA060676B200214FF4A47017F057
:102E800017F8032302AACDE9032428688DF8096006
:102E90008DF814408DF80830836801229C6803A9DE
:102EA0002123A047D8F8200008B1FFF767FD0224CE
:102EB00040F66B2302AA28680392ADF80830049408
:102EC0008DF81440836801229E6803A92123B0472E
:102ED00040F2112302AACDE9032428688DF814409A
:102EE000ADF80830836801229C6803A92123A0471C
:102EF000019B13B907B0BDE8F08F4FF4004240F2D8
:102F0000E730002123EAE373C2FB03014FF47A7236
:102F10000023FEF7FDF816F0CBFF07B0BDE8F08FF9
:102F20002DE9F04F90F81031724A03EBC3039B0078
:102F3000D15806461FFA81FAD0F808014FEA4A0A2A
:102F4000B0FBFAFA4FF4F07913449F881FFA8AF322
:102F5000B9FBF7F987B0002B00F0BF80002366486B
:102F6000CDE9033305931FFA81F806F0FDFC122228
:102F7000614903A806F0A2FB96F810215F4B03A855
:102F800003EBC2035968422206F04CFC01211320D6
:102F9000FFF776FD04211320FFF772FD02211320B5
:102FA000FFF76EFD564B1A691505FCD5544B1A698F
:102FB0001405FCD4534B54495448C91AC908890113
:102FC00041F0030103F088FFB7F5F07F0FFA89F9AC
:102FD00058D84FF4F07308F1FF3B494C0FFA8AFAC6
:102FE0001FFA8BFB22691005FCD5256915F40065D5
:102FF000FBD14FF4F0720BF101004FEA400CB2FB31
:10300000F7F107FB112189B200295FD19A425DD8FF
:10301000D6F80811A94259D90CEB0501B8F1000FF7
:1030200017D023699B04FCD4D6F8043120692B44C3
:10303000587023699804FCD523699B04FCD4236948
:10304000D6F80401435523699804FCD502358D4216
:10305000E7D113462169C904FCD4013A92B2002A8F
:10306000CDD1A9EB0A092A46D6F8041103A80FFA14
:1030700089F9019306F0D6FBB9F1000F019BC6F860
:103080000C51AFDC002501271B4C03A806F082FB86
:103090000FCC2478C6F80920C6F80D30C6F8010018
:1030A000C6F80510132039463770747486F811512C
:1030B000FFF7AAFC04211320FFF7A6FC132002212E
:1030C000FFF7A2FC284607B0BDE8F08F2169C904CC
:1030D000C0D42169C904F9D5BCE70A4B0A490C4898
:1030E000C91AC908890141F0010103F0F5FE4FF04A
:1030F000FF30E8E7A0F90200E4F8020088F90200D6
:103100000025844064F40200FCF40200B8F80200D8
:10311000C0F8020002F0CAB802F0C8B82DE9F041C8
:103120000746FEF743FA441CB4F5807F2AD82046B0
:1031300017F070FD2246002106461BF0A9F82F214A
:10314000781C1BF0EFF93D46DFF840800AE0294685
:103150001BF02BFA4046314602F0A8F830462546CF
:103160000DF07AFF2F21681C1BF0DCF90446E81BE8
:103170003044621B002CEAD1304617F043FD204654
:10318000BDE8F0816FF05A00FAE700BF5CFA020078
:1031900038B50546324814F077FF041E23D053DBC0
:1031A0002968304814F070FF041E27D050DB2E48E9
:1031B00014F06AFF041E30D03ADB69682B4814F023
:1031C00063FF041E03D047DB0024204638BD284B94
:1031D00028492948C91AC908890141F0030103F0A7
:1031E0007BFE204638BD224B22492448C91AC90813
:1031F000890141F0030103F06FFED1E71C4B1D492B
:103200001F48C91AC908890141F0030103F064FE8F
:10321000154814F039FF041ECED1154B1549194835
:10322000C91AC908890141F0030103F055FEC4E73A
:1032300010490F4B1448C91AC908890141F001010E
:1032400003F04AFE204638BD0A49094B0F48F2E711
:103250000849074B0E48EEE70649054B0D48EAE7DB
:1032600068FA020094FA0200C8FA0200F0FA0200BA
:1032700064F4020094F4020004FB02006CFA020001
:10328000ACFA0200D4FA0200E0FA02007CFA020072
:10329000B8FA020018FB020010B5104814F0F4FE52
:1032A000041E03D00EDB0024204610BD0C4B0D493C
:1032B0000D48C91AC908890141F0030103F00CFE49
:1032C000204610BD064B07490848C91AC90889019C
:1032D00041F0010103F000FE204610BD2CFB02006E
:1032E00064F4020094F4020038FB020044FB020084
:1032F0002DE9F0410646874A874D8848AD1AED080A
:10330000AD01C6B00F4645F0030103F0E5FDB0691D
:10331000FEF74CF9B0F5867F80F0F38097F8111135
:10332000002900F08280012964D03046FFF730FF89
:10333000041E70DB45F003084146794803F0CCFDDC
:103340004FF0FF321521B0680DF000FD041EC0F2F1
:10335000B0804146734803F0BFFD7169F0680DF01D
:10336000F1FD041E6DDB41466F4803F0B5FD06A874
:10337000FFF7D4FE041EC0F2A38041466B4803F061
:10338000ABFD01200DF04AFE041EC0F2A0804146B4
:10339000674803F0A1FD3E78002E69D0012E27D1A9
:1033A0000023324603A8791CCDE90333059306F0C8
:1033B00085F904460DE0002E0CBF02230023D7F848
:1033C000041106A80DF06AFE002400282646C0F26B
:1033D0008C80D7E9411203A806F000FA021EEADC4D
:1033E000544845F0030103F077FD03A806F0D2F935
:1033F00026462CE0D7F81421B3690021CDE900322C
:1034000006A84FF480724C4B1BF058F83046FFF77B
:10341000BFFE041E8EDA2146484845F0030203F041
:1034200015FC204646B0BDE8F081D7F81421B369F9
:1034300006A8CDE900324FF48072414B1BF03EF8F4
:1034400073E7424621463F48264603F0FFFB45F01E
:10345000030529463C4803F03FFD0DF0C7FD2A4611
:1034600031463A4803F0F2FB204646B0BDE8F08111
:1034700097F81011364A334602EBC102516806A88C
:1034800042220DF00BFE041E28DB4146294803F0C2
:1034900023FD0223D7F80C21D7F8041106A80DF05C
:1034A000FDFD041E1ADB4146224803F015FD2646A9
:1034B000CDE7424621462748264603F0C7FBC6E72C
:1034C000424621462448264603F0C0FBBFE7424659
:1034D00021462248264603F0B9FBB8E7424621467A
:1034E0001F48264603F0B2FBB1E70646014645F009
:1034F00003021B4803F0AAFB03A806F04BF934466D
:10350000A5E7184845F0010103F0E6FC6FF05A0406
:1035100087E700BF64F4020094F4020054FB020049
:10352000ACFB0200DCFB02000CFC020040FC0200D1
:1035300078FC0200ACFC020084FB020090FB02005D
:1035400078FB0200F0FB0200C0FC0200D8FC020085
:1035500008FE0200C4FB020024FC020058FC02002A
:1035600094FC020064FB0200F0B50C46524A534D35
:10357000CDB0AD1AED08AD0145F00307064639465A
:103580004F4803F0A9FC216803A800F0FFFB4FF4AB
:1035900080714C4A03AB0CA818F07AFE0CA8FEF719
:1035A00005F86368217B484A0DF1300C009352F80E
:1035B0002120A3684549604418F0C8F83046FFF759
:1035C000E7FD041E4DDB3946414803F085FC4FF012
:1035D000FF321521B0680DF0B9FB041E57DB3946E8
:1035E0003C4803F079FC7169F0680DF0ABFC041EF7
:1035F0003FDB3946384803F06FFCF069FFF78EFD7A
:10360000041E4BDB3946354803F066FC01200DF003
:1036100005FD041E49DB3946314803F05DFC0CA86A
:10362000F469FDF7C3FF022302460CA920460DF002
:1036300035FD041E24DB002639462A4803F04CFCE5
:10364000344645F003052946274803F045FC0DF0B4
:10365000CDFC2A463146254803F0F8FA20464DB005
:10366000F0BD3A462146224803F0F0FA20464DB01C
:10367000F0BD3A4621461F48264603F0E7FAE0E748
:103680003A4621461C48264603F0E0FAD9E73A4676
:1036900021461A48264603F0D9FAD2E73A4621468F
:1036A0001748264603F0D2FACBE73A46214615489A
:1036B000264603F0CBFAC4E764F4020094F4020057
:1036C00054FB0200F8FC020020FE020010FD020084
:1036D000ACFB0200DCFB02000CFC020040FC020020
:1036E00078FC0200ACFC0200C0FC0200D8FC020026
:1036F00090FB0200F0FB020094FC0200C4FB0200FD
:103700001CFD020058FC0200014902480DF042BDB8
:1037100015310100193101002DE9F041C2B0074611
:10372000FDF744FF441CB4F5807F34D8204617F0E1
:1037300071FA2246002106461AF0AAFD2F21781CB4
:103740001AF0F0FE3D46DFF854802F21681C1AF075
:10375000E9FE0446E81B3044621BACB129461AF06E
:1037600024FF6946304606F0CFF9023001D02546E5
:10377000EBE741463046FDF70FFF0028F7D0304613
:1037800006F098F82546E0E7304617F03BFA204669
:1037900042B0BDE8F0816FF05A00F9E738FE020050
:1037A00070B50E4622211AF0BDFE451C2846222186
:1037B0001AF0B8FE75B168B1441B601C17F02AFA04
:1037C0002246294630601AF056FD0023326818461A
:1037D000135570BD064B07490748C91AC908890126
:1037E00041F0010103F078FB6FF0150070BD00BFE0
:1037F00064F402000CF5020040FE0200F0B50B6814
:103800000C46A1B0102B10D8DFE803F0141A2026C4
:103810002C32383E4571777D83898F9509004B4B5B
:103820001D681AF008FDA86023680020013323609A
:1038300021B0F0BD454B1D681AF0FDFCE860F3E7D0
:10384000424B1D681AF0F7FC6874EDE73F4B1D68AA
:103850001AF0F1FC2874E7E73C4B19681431FFF7C4
:103860009FFFE1E7394B19681831FFF799FFDBE754
:10387000364B19681C31FFF793FFD5E7334B1968B6
:103880002031FFF78DFFCFE7304B1D681AF0D3FCD6
:1038900085F82400C8E72D4D29682831FFF780FFFF
:1038A0002E6896F82430012B4BD0022BBCD1B16A84
:1038B000802268461AF04BFEB06A17F0A3F9802206
:1038C000234968461AF016FE6846FDF76FFE064665
:1038D00001302F6817F09EF92D68B86232466946AC
:1038E000A86A1AF0C8FC0022AB6A9A559CE7174BED
:1038F00019682C31FFF754FF96E7144B19683031E3
:10390000FFF74EFF90E7114B19683431FFF748FF7E
:103910008AE70E4B19683831FFF742FF84E70B4BFB
:103920001D681AF088FCE8637EE7084B1D681AF0F2
:1039300082FC287078E7054B1D681AF07CFC6860F3
:1039400072E72521B06A00F0FFF96DE75C2D0320D6
:103950005CFE020000232DE9F0431D460646994611
:1039600098461F46C3B00193012230460DF1030172
:1039700005F034FF041E13DB9DF803302F2B13D00A
:10398000012D25D0022D2CD102A8222BC35507F1E1
:10399000010730D14FF0000889F00109002CE3D174
:1039A000204643B0BDE8F083012D13D0022D33D162
:1039B00002A8C3550137B9F1000FEFD1B8F1000FDC
:1039C0003BD001A9FFF71AFF0125002CCCD1E7E776
:1039D0004FF00008B3F10A0518BF0125002CC3D130
:1039E000DEE73D2B13D14FF000090225C8464F46B4
:1039F000002CB9D1D4E70A2B14D101A9FFF7FEFEA0
:103A00009DF803302F2B02D1B9F1000F0FD0002504
:103A1000A846002CA8D1C3E745464FF00108002C6A
:103A2000A2D1BDE74FF00008002C9DD1B8E74D466C
:103A30004FF00108002C97D1B2E7C1464FF00108C2
:103A4000002C91D1ACE700BF1048114B10B5C360FA
:103A500006F0B4F860B90F490F4B0446C91AC908FB
:103A600089010E4841F0030103F036FA204610BDEB
:103A7000094B08490A48C91AC908890141F00101DE
:103A800003F02AFA4FF0FF34F0E700BF40C80020EF
:103A900038FE02000CF5020064F4020068FE020029
:103AA00078FE020030B5174BC5B005461960FDF72A
:103AB0007DFDB0F5827F18D80024134B2946FC22E7
:103AC00005A804931AF043FD012204A901A8CDE939
:103AD0000144039405F0F2FD01A8FFF73BFF01A8A4
:103AE00005F058FE204645B030BD084B084909484E
:103AF000C91AC908890141F0010103F0EDF96FF01D
:103B00005A00F0E75C2D03202F53443A64F402007E
:103B10000CF5020064FB02002DE9F041DCB00E461A
:103B20000446FDF743FDB0F5827F5AD80027334B9A
:103B30002146FC221DA81C931AF009FD01221CA994
:103B400005A8CDE90577079705F0B8FD041E2FDB22
:103B50000125B84601220DF1130105A805F03EFE2E
:103B6000041E25DB9DF813300A2B2ED02C2B31D0D0
:103B70002DBB002CEED1311D06F1080206F10C031D
:103B8000CDE90032CDE9021606F110031C4906F119
:103B9000140208A817F0FAFDD6E904210023044610
:103BA000A1F26C71013AC6E90421C6E90633336219
:103BB00005A805F0EFFD20465CB0BDE8F08108AA3D
:103BC000D3550137002CC5D1D5E700270125002C9E
:103BD000C0D1D0E708AB002503F80780002CB9D18D
:103BE000C9E7084B08490948C91AC908890141F0C1
:103BF000010103F071F96FF05A04DCE72F53443AE6
:103C000090FE020064F402000CF5020064FB020066
:103C100030B5C5B00C460546FDF7C8FCB0F5827F4F
:103C20001AD8D4F81421134BCDE9015200214FF4D6
:103C3000807200930134104B04A81AF03FFC204618
:103C400004A905F0EBFE051E03DB204604A91AF0CB
:103C500076FC284645B030BD084B09490948C91AC9
:103C6000C908890141F0010103F036F96FF05A05E6
:103C7000EFE700BF38FE0200A4FE020064F4020079
:103C80000CF5020064FB020070B5CEB00C4606468F
:103C9000FDF78CFCB0F5827F3AD80025234B3146E6
:103CA000FC220FA80E931AF052FC0EA8CDE9025583
:103CB0000495FFF731FD32220EA902A805F0FEFCA3
:103CC000216805A800F062F84FF48071184A05AB2E
:103CD0000EA818F0DDFA0EA8FDF768FC6368217BDA
:103CE000144A00930EAE52F82120A36812493044C2
:103CF00017F02CFD0EA8FDF759FC0EA9024602A8EC
:103D000005F090FD02A805F045FD28464EB070BDB7
:103D10000A4B0B490B48C91AC908890141F0010136
:103D200003F0DAF86FF05A00F0E700BF2F53443A7F
:103D3000F8FC0200B8FE020010FD020064F402006C
:103D40000CF5020064FB02000378D3B170B45E2668
:103D50000D4DC1F13D04A3F121025D2A0AD823448F
:103D600085FB0321DA171944C2EBA11206FB1232BC
:103D70002132027010F8013F002BECD170BC012001
:103D800070470120704700BF5D414CAE04222DE911
:103D9000F04F414E414BA6FB01577F09A6FB07564A
:103DA0007609A3FB0653D340C7EB071CC6EB061EE0
:103DB00003EB430540F2B27440F26D1BDFF8E09074
:103DC000DFF8E080DFF8E0A0A1EB8C0CA7EB8E071A
:103DD000A6EBC50619E009FB04F1B8EBB10F4FEAF9
:103DE000311547D355458BBF59464FF4B771002560
:103DF00001258B4202F1010E11D305EB0E02062ABA
:103E0000A3EB010388BF073A0134A107E3D040F2D6
:103E10006D118B424FF0000502F1010EEDD2DFF87B
:103E20008C801A44A8FB0298A2EB080908EB5908F9
:103E30004FEA9808C8EBC80800214FF01F0EDFF8C2
:103E40007090C3611C35A2EB080809E09E4515D8A7
:103E50000C2A1146A3EB0E0311D019F801E011460C
:103E6000012901F10102F1D19D4207D802215B1B1A
:103E70000A46F2E74FF4B7710125BAE70A46013363
:103E8000A4F26C74C0E900C7C3604461866002613B
:103E9000C0F81880BDE8F08F89888888ABAAAAAAE4
:103EA000295C8FC2285C8F020AD7A300254992247F
:103EB000D0FE02002DE9F04F584FADF6344DC0F85A
:103EC000087C074607AB0293554B564CC0F8043CA0
:103ED000019000F604400022534E0390534DC7F862
:103EE000144CDFF854C15249524B039CC7F80C6C78
:103EF00007F61446C7F8105CB946C7F818CCC7F8DF
:103F00001C1CC7F8203CA3463746CDE90722CDE963
:103F10000922029D54F8040B431E0F3013F8011FB1
:103F200083420A44FAD1B44245F8042B01D02A68EE
:103F3000F0E70DF12C080DF5866A4646CDF8109095
:103F4000CDF814804FF0000CD146B8460124002073
:103F50005BF8047B06F1FF3E17F8011B51B1431ECD
:103F60000EEB000233440A44E5B203F8015F9A42C3
:103F7000FBD108440134112C06F800C0ECD13146C5
:103F800000233278A9F1020411F8010F5D1C904260
:103F900024F8023FABB2F7D030B10132D2B25B00AD
:103FA00090429BB2F9D1EFE7C34509F5007906F2DB
:103FB0000116CBD1DDE90498DDE902CE019B194958
:103FC00003F6184603F204475CF804BBAAF10204A6
:103FD00008F1FF3301E011F8010F34F8022F5D788A
:103FE00027F810209A1CA2EB0802934509F800500C
:103FF00003F10103EFDC07F5007777450AF5007A56
:1040000008F2011809F2011903D056F8041B0878C8
:10401000DAE70DF6344DBDE8F08F00BF2C01030048
:10402000480103003C010300780003005C0003002A
:104030006C000300B8FF0200880003002DE9F04780
:1040400006460F46154640F2FF3A4FF0000900F5CC
:104050004B6801E001232D1B03FB05F5D6F8AC0CE2
:104060003946AAEB0004AC4228BF2C464044224605
:104070001AF001F9D6F8AC3C274423445345C6F85E
:10408000AC3C08D152464146D6F8A83CD6F8A40C20
:104090009847C6F8AC9CA542DCD8BDE8F08700BFC5
:1040A000F0B54DF6FF371646022283B00446ADF850
:1040B0000470ADF802704FF486470D4601230DEBF6
:1040C0000201FFF7BBFF204601A901230222ADF840
:1040D0000470FFF7B3FF012320460DEB03011A46DE
:1040E0008DF80160FFF7AAFF2946204601234022F0
:1040F000FFF7A4FF03B0F0BD2DE9F04789468046E5
:104100009246002582B09DF8281009F1FF3409F18C
:104110000F0714F8016FA7423544FAD102224CF27E
:10412000FF4405F1130041EA031140BA8DF8011074
:10413000ADF804000DEB020140460123ADF802404A
:10414000FFF77CFF404601A901230222FFF776FF1B
:10415000012340460DEB03011A46FFF76FFF494666
:10416000404610230122FFF769FF2B465146404687
:104170000122FFF763FF02B0BDE8F087F0B50C46FF
:104180001546126883B01344BDF820102268C3F1AD
:104190002006B1400A43072B22602B6023D9074633
:1041A000002607E023681B0223602B68083B072BCF
:1041B0002B6018D9012394F803C01A4638460DF134
:1041C00006018DF806C0FFF739FF9DF80630FF2B7A
:1041D000E8D1012338461A460DF107018DF8076032
:1041E000FFF72CFFDEE703B0F0BD00BF2DE9F04F75
:1041F00091460446ADF50F7DCDE90A93989B4FF4A7
:1042000080720C93999B4EA802939A9B07940393F8
:104210009B9B56AC0D939C9B08939D9B09931AF016
:104220002AF854F8205C54F8047C28463946FCF7F8
:104230002BFC394606462846FCF724FC54F8089C1B
:1042400054F81C7C054649463846FCF71DFC494697
:1042500080463846FCF716FC54F8189C54F80CAC11
:10426000074651464846FCF70FFC03465146484670
:104270000593FCF707FC54F814AC54F810BC8146C5
:1042800059465046FCF700FC014630460491FCF7C5
:10429000FBFB0246049930460492FCF7F3FB059BB6
:1042A0000646194640460693FCF7EEFB0146049A83
:1042B00020341046CDE90412FCF7E6FBDDE90412D8
:1042C0008446104644F840CCFCF7DCFB0246069BD3
:1042D00044F8302C19464046FCF7D4FB3146FCF735
:1042E000D3FB9D49FCF7D8FC804630464146FCF79D
:1042F000CBFB0346414644F8383C3046FCF7C2FB52
:104300000346594644F8283C5046FCF7BBFB494657
:10431000FCF7BAFB394680462846FCF7B5FB8246D7
:1043200040465146FCF7AEFB8C49FCF7B5FC06460F
:104330008B494046FCF7B0FC3146FCF7A5FB8949A8
:1043400080465046FCF7A8FC3146FCF79DFB4946E9
:1043500006463846FCF798FB7F49FCF79DFC07466C
:1043600028463946FCF790FB0346394628461D4649
:10437000FCF788FB074640463946FCF785FB0346B9
:10438000414644F82C3C3846FCF77CFB0346294662
:1043900044F8343C3046FCF777FB0346314644F89A
:1043A0003C3C2846FCF76EFB96AB44F8240CA34239
:1043B0007FF437AF4EAC2568D4F8E0702846394614
:1043C000FCF762FB394606462846FCF75BFBD4F84F
:1043D000C090276A054649463846FCF755FB4946D2
:1043E00080463846FCF74EFBD4F84090D4F8A0A0A5
:1043F000074651464846FCF747FB034651464846A8
:104400000593FCF73FFBD4F860A0D4F880B0814658
:1044100059465046FCF738FB014630460491FCF7FC
:1044200033FB0246049930460492FCF72BFB059BB4
:104430000646194640460693FCF726FB0146049AB9
:1044400004341046CDE90412FCF71EFBDDE904122A
:104450008446104644F804CCFCF714FB0246069B45
:10446000E26719464046FCF70DFB3146FCF70CFBB2
:104470003949FCF711FC804630464146FCF704FB05
:1044800003464146E3633046FCF7FCFA03465946CF
:10449000C4F8BC305046FCF7F5FA4946FCF7F4FA8C
:1044A000394680462846FCF7EFFA82464046514698
:1044B000FCF7E8FA2949FCF7EFFB06462849404695
:1044C000FCF7EAFB3146FCF7DFFA26498046504606
:1044D000FCF7E2FB3146FCF7D7FA49460646384678
:1044E000FCF7D2FA1C49FCF7D7FB074628463946A9
:1044F000FCF7CAFA0346394628461D46FCF7C2FABD
:10450000074640463946FCF7BFFA03464146C4F821
:104510009C303846FCF7B6FA03462946E365304638
:10452000FCF7B2FA03463146E3612846FCF7AAFAE3
:1045300056ABC4F8DC009C427FF43DAF4FF0894598
:104540004FF07C580A9BDFF820A0A3F104094DAC82
:104550008DAE0EAF0AE000BFF304353F15EFC33E4A
:10456000D48B0A3F753DA73FD701030059F8041FBC
:1045700054F8040FFCF790FB2946FCF785FA4146F6
:10458000FCF782FA16F0A8FB2946FCF77BFAFCF749
:1045900049FD1AF8013FA64247F82300E6D10D99DC
:1045A0003A680B680A60D61A002E00F0B080AEBFE1
:1045B00033469B1A06F1FF365A1000F0B3800223EF
:1045C0001C46521003F101039BB2F9D10125234689
:1045D000A540013D2DB262000C99DDF824A08A5A55
:1045E000DDF820900B99DDF81C80CB5C40464946F5
:1045F00000925246FFF7C2FD05EA06039BB2009304
:104600005246234649464046FFF7B8FD4FF03F0962
:104610004EAB02E0B9F101096BD053F8042D002A2A
:10462000F8D00125AA46DDF824B0CDF81490DDE9D4
:10463000078957F825400021F4B90123013507EB1C
:10464000850656F8044BACB90133102B05F1010572
:10465000F7D1039B4946B3F8E021029B404693F80B
:10466000F03000925A46FFF789FD234656F8044B76
:10467000002CE9D01B0199B2002CAEBF2246624249
:1046800004F1FF34521030D002231E46521003F1C1
:1046900001039BB2F9D10AFA06F3013B1BB2049362
:1046A000039A46EA01039BB232F81320029940466E
:1046B000CB5C494600925A46FFF760FD049B5A4680
:1046C00023409CB24946334640460094FFF756FDCE
:1046D000059B01359D42ACDDDDF81490B9F13F0F2B
:1046E00007D10DF50F7DBDE8F08F01231E46049321
:1046F000D6E7039B07981A88029B1B789892DDE9FE
:1047000008120DF50F7DBDE8F04FFFF737BD0C9B8C
:1047100007981A880B9B1B780092DDE90812FFF7B7
:104720002DFD73E7012502222B462C4654E700BFDE
:104730002DE9F04FADF2C45D9DF8E8A51890AAF1FF
:10474000020002281A910F920B9358D8B2F5803FBD
:1047500055DAB3F5803F52DA4FF07E5800234646D3
:104760004FF082491C460993C24BCDF830A00A9302
:10477000F0AB0893C04B07933046A346079FDFF882
:10478000F4A2089D03E05AF8040B17F801BF49464C
:10479000FCF782FA4146FCF77FFA0446189B9B44DB
:1047A0009BF8240CFCF724FA2146FCF775FA014625
:1047B0003046FCF725FB02469BF8640CC5F8002147
:1047C000FCF716FA2146FCF767FA01463046FCF77B
:1047D00017FBAA4B45F8040B5345D4D1089B203353
:1047E0000893099B382B0FD00A9A083352F8048B90
:1047F00009930A92079A12F8084F0792BCE7002023
:104800000DF2C45DBDE8F08F01254DF6FF024EF2BA
:10481000FF0E00244FF4C0464FF4805C40F20127A5
:10482000974BDDF8608018681979CDF8C6022B46E1
:1048300040468DF8CA12ADF8C022B0A91422ADF8D6
:10484000C2E2ADF8C4C2ADF8CB72ADF8CE62ADF83D
:10485000D062ADF8C061DDF830A08DF8CD52ADF872
:10486000D242FFF7EBFB4FF4F05C4FF6FF63854F4E
:10487000B1AEADF8C2C2ADF8C0320FCF0FC697E8E7
:10488000070086E807004CF2FF062B462022404630
:10489000B0A9ADF8C0C1FFF7D1FB2246404608F6EB
:1048A0002441FFF7FDFB2A46404608F66441FFF726
:1048B000F7FB4FF488530821032241F2011041F223
:1048C0000317ADF8C0620F9EDFF8BCC176BAADF831
:1048D000C7620B9EADF8C23276BA2B468DF8C41271
:1048E0008DF8C922B0A91322ADF8CA024046CDF80E
:1048F000CCC2ADF8D072ADF8C061ADF8C5628DF82C
:10490000D252FFF79BFB009423464046D8F8142C64
:10491000D8F8041CFFF7F0FB00942B464046D8F86B
:10492000182CD8F8081CFFF7E7FB009523464046F3
:10493000D8F81C2CD8F80C1CFFF7DEFB00952B4692
:104940004046D8F8202CD8F8101CFFF7D5FB4DF6C0
:10495000FF204FF440663F27DFF830E1DFF830C139
:104960002B46ADF8C0020E224046B0A9CDE9B1EC0D
:10497000ADF8CC72ADF8C061ADF8C262FFF75EFB76
:104980000B9BCDE92B44A342CDE92D442F9440F35A
:1049900082810F9E013B06FB0AF123F007030833D7
:1049A000CAEB4A722893A1EB0A032993CDE9264466
:1049B000D30024934FEACA03259416911C93259B98
:1049C000002B00F08581269B199308332693259BA5
:1049D000083B9BB225930F9B002B40F34781013B83
:1049E00023F0070308331B93189B03F204421D9224
:1049F00003F201121E9203F204621F9203F20222DA
:104A0000209203F60402219203F2033203F60423F8
:104A100022922393199A169B03FB02F31793299B67
:104A2000159308230C93002314931A9A30A99368C2
:104A30001391199916980D93013B5B1A00FB03F330
:104A40001093179B4FF07C5B129300231193D36854
:104A50000B910E93119B70A901EB8302139907929E
:104A6000B0AA02EB8302149FDDF84890159B0891D1
:104A700085E000BFFCFE0200D801030018FF020021
:104A8000DCFE020018020300000211010301000213
:104A9000110311000E9C60184578645C05F0F80065
:104AA00044EA0524E510E40005F0FC05E4B2CDE994
:104AB0000932FCF79DF806462846FCF799F80546AA
:104AC0002046FCF795F88A4904463046FCF7E4F89E
:104AD000884980462846FCF7DFF801464046FBF748
:104AE000D3FF854980462046FCF7D6F8014640466C
:104AF000FBF7CAFF4FF08641FBF7C4FF8446089BD3
:104B0000304643F804CB7D490893FCF7C5F87C494F
:104B100080462846FCF7C0F801464046FBF7B2FF46
:104B2000594680462046FCF7B7F801464046FBF759
:104B3000ABFF8446079B594643F804CB30460793A6
:104B4000FCF7AAF86F4906462846FCF7A5F8014687
:104B50003046FBF797FF6C4905462046FCF79CF86A
:104B600001462846FBF78EFF0C99099B0A9A0137EC
:104B7000B942A3EB0A03D14442F8040B18D00D99B3
:104B80000B988142D8BF10990F98D4BF4944494629
:104B9000B842D8BFC918BAF1030F03D0BAF1040F55
:104BA0007FF478AF0E9844186578405CA4787EE76F
:104BB000169A1099119B891A109113990833203174
:104BC00013911299402B11440B9A119302F1010297
:104BD00012910B927FF43EAF2FAB05932EAB049353
:104BE0002BAB03931F9BDDF8608002931E9B404616
:104BF00001931D9B0DF59862009330A94346FFF782
:104C0000F5FA2FAB239D229E219FDDF88090149C06
:104C100005932EAB04932CAB4046039302954B4671
:104C20000196F0AA70A9083400971494FFF7DEFAF1
:104C30002FAA05922EAA04922DAACDE902520C9D0C
:104C4000CDE900760835249E0C95159D4B463544DC
:104C500015951C9E179D4046F0AAB0A9354417959E
:104C6000FFF7C4FA1B9BA3427FF4DFAE279B289A71
:104C700008339A4227937FF4A2AE2F9B5A1E062A2E
:104C800009D80020C3F1080300909BB218982FAAFE
:104C90002EA9FFF773FA4DF6FF10189C0222ADF80B
:104CA000A800012320462AA9FFF7C8F9D4F8AC2CA4
:104CB000CAB1D4F8A83CD4F8A40C04F54B619847C9
:104CC00000230120C4F8AC3C0DF2C45DBDE8F08FB8
:104CD0001A984369C16898470823269300231993BB
:104CE00083B2259373E601200DF2C45DBDE8F08F19
:104CF0008716993EA245163FD578E93DB1BF2CBE37
:104D000027A0A93ED95FD63E9D80A63D8368426814
:104D1000002BB8BF0733DB1002FB03F210B50446CB
:104D2000D200006904F05AFD636890FBF3F010BDF7
:104D30002DE9F043064683B041F2B000144689469F
:104D40001F469DF82C8015F065FF41F2B00200214E
:104D5000054619F09DFA022C48D0032C21D10122DE
:104D600005F6234305F6634103F8012F8B4283F8D0
:104D70004020F9D12846C5F8A49CC5F8A86CFFF7D7
:104D800099F83A460A9B0C992846CDF80080FFF71F
:104D9000CFFC0446284615F035FF204603B0BDE899
:104DA000F08310220121134B85F8242C10244FF09E
:104DB000010C114803F13F0E05F664420CE010F8B7
:104DC000014F01328C422ABFB4FBF1F402F840CC0F
:104DD00002F8404C13F8014FA14296BFB4FBF1F426
:104DE00082F800C014707345E9D1C3E701220A219B
:104DF000D9E700BF5801030098010300F0B5D1B016
:104E00000C460546FCF7D2FBB0F5827F61D8002640
:104E1000D4F81421354B3146CDE9015200934FF4BB
:104E20008072334B10A819F049FB10A807ADCDE9EB
:104E300004660696671CFEF76FFC122210A904A8F0
:104E400004F03CFC394601222846C5E90066AE6004
:104E500004F034FC32464221284604F007FD0222C9
:104E600094F810C12349D4F8080131F83C3001EB23
:104E7000CC015E00B0FBF6FE0AA8CDE9012049880E
:104E80000B9600910A91D4F804111B4E0D911B480A
:104E900004A9CDF830E00F960E95FFF749FF0646BE
:104EA00004A804F077FC284604F074FC5EB1384690
:104EB00010A919F044FB012306EAE67084F81131C9
:104EC000237051B0F0BD10A804F04EFD162051B073
:104ED000F0BD0B4B0B490C48C91AC908890141F0B8
:104EE000010101F0F9FF6FF05A00EAE738FE020015
:104EF000E4FE0200A0FF02000D4D01002598010014
:104F000064F40200B4F4020064FB020070B50446CD
:104F1000144813F019FC144D286002698168136865
:104F20000E6823F48013136014214FF42062B047FD
:104F3000002815DB286803691B68DB0248BF84F082
:104F4000010434B1BDE8704083684FF48011DB6820
:104F5000184783684FF48011BDE870401B691847FB
:104F600070BD00BF7CF80200602D032092B10A449E
:104F700011F8013B40BA80B25840C0F303135840C7
:104F800080EA003083B2580100F4FF508A4280EA80
:104F90000300EDD1704700BF6AB10A4411F8013B2C
:104FA0005840C30983EA10135840030183EA4000C4
:104FB0009142C0B2F2D17047032808B508D8084B17
:104FC00003EB40100830D0E8AF3F002003B108BD2C
:104FD00004F0EAFA092203464FF0FF301A6008BDD8
:104FE000642D03200CB400B583B0C36805AA08463D
:104FF00040F205110192984703B05DF804EB02B04E
:10500000704700BF70B50D4616460446FFF7D4FF43
:10501000002813DB45B10A4B620103EB44146168BD
:10502000A94205D1985870BD054B62019858FAE71E
:1050300004F0BAFA034600201E6070BD002070BD67
:10504000642D032070B50E4615460446FFF7B4FFE5
:1050500000280CDB074B610103EB441462683260EB
:105060001DB101F10C021A442A60585870BD00208D
:1050700070BD00BF642D032010B500244FF0FF3336
:105080004FF0FF32164813F0E7FE164B6201D3E8EB
:10509000AF1F79B10134042C03F12003F6D104F0E1
:1050A00083FA17234FF0FF3403600D4813F05AFFC3
:1050B000204610BDD3E8EF0F0130C3E8EC0FBCF180
:1050C000000FF7D108488318815059600C32104402
:1050D00013F0BAFE024813F045FF204610BD00BF92
:1050E000E8CD00206C2D0320642D032010B4094C62
:1050F000430104EB40104260E1504AB1D06838B13E
:105100000C331046234440F2051210BCFFF76ABF6F
:1051100010BC7047642D032030B40E49400100F1EB
:1051200008030B44D3E8AF2F541E5AB1D3E8EF5F06
:10513000954204D1C3E8EC4FBCF1000FF6D1F1D198
:10514000012A01D030BC7047002330BC0A180B5034
:1051500053607047642D0320A0F13003DBB2092BAC
:1051600002D800200B707047A0F16103052B03D813
:105170005738087000207047A0F14103052B9DBFF0
:105180003738087000206FF015007047F0B501F057
:10519000010707EB51069E4283B023D804464D0811
:1051A00027BB05B3013A04EB450514E09DF8073031
:1051B0000DF107011B0153706078FFF7CDFF002848
:1051C00004F102040EDB12F8013F9DF80710AC4217
:1051D0000B44137007D020780DF10701FFF7BCFFD7
:1051E0000028E3DA0026304603B0F0BD00780DF168
:1051F0000701FFF7B1FF0028F4DB9DF80730013409
:1052000002F8013BCDE700BF40B1436803F0030360
:10521000022B06D0032B04D0012B05D06FF0150014
:1052200070470368002BF9D000238360184670474D
:105230004268034602F00302022A816004D0032A76
:105240000BD000205860704710B5006800245C60E7
:1052500010B115F095FC204610BD006800225A6080
:10526000704700BF002070470A68AAB130B4D1E986
:105270000143A34207DA651EAB4208D05C1C8C6078
:10528000D05430BC704701338B6030BC7047002570
:105290008C60D55430BC70478B6801338B6070478D
:1052A000014B1860704700BF64C800200FB400B500
:1052B00083B004A951F8040B019101F077FE03B00B
:1052C0005DF804EB04B0704770B504460E46002547
:1052D00084B001A90648CDE90146039500F0F0FC31
:1052E000DDE902309842B8BF255404B070BD00BF5C
:1052F000695201000CB400B583B004AB53F8042B21
:105300000193FFF7E1FF03B05DF804EB02B07047D3
:105310002DE9F0410D4607461946281D1E469046C8
:10532000FFF786FF40B104463346424629463846D9
:10533000A446BDE8F0416047BDE8F0812DE9F04F9B
:105340000546008B83B010F0080A40F0B28000F0F0
:10535000070302291F46DFF828B2CDF804A040F069
:10536000EF809CB2002B40F091802B68002B00F066
:10537000BE80A2469446062620F007002B6940F026
:10538000060080B2D3F800902883BE425DD0A968A1
:1053900000295AD040F0080028838CF31188BFF30D
:1053A0006F8FA968C1B10F68A046002F38BF0027D2
:1053B0005346324628464C68A04767B13B68394699
:1053C000002B38BF00231F463246534628464C6800
:1053D000A047002FF2D14446002C3FD1B9F1000F75
:1053E00002D059462846C8474FF02003EFF3118CEE
:1053F00083F31288BFF36F8F62462E8B26F0080668
:10540000B6B22E83F10633D526F0100006F007065B
:10541000374680B22883D5F814A0BAF1000F73DBA9
:10542000711F01297DD94FF00009042E4C46ACD1E3
:1054300020F007002C6880B24E462883002CA4D0B0
:1054400040F020004C4628839FE7002C51D040F0CC
:10545000080028838CF31188BFF36F8F21462468DE
:10546000534632462846FFF753FF002CF6D1B5E7E6
:10547000B30626D526F0200080B200F0070328836B
:1054800006F007079CB2002B3FF46FAF022C1FD031
:10549000012C2CD12B6853B300242B6920F007007A
:1054A00040F00500D3F80890A246944605262883CC
:1054B0006BE7944601290CBF40F0100040F020003B
:1054C00028838CF31188BFF36F8F03B0BDE8F08F92
:1054D0006C8B9446002CF4D1042620F00700296937
:1054E000304380B2D1F80490A24628834DE7944619
:1054F000E7E7B9F1000F21D040F0080028838CF3D2
:105500001188BFF36F8F6CE7019B20F0070040F01C
:1055100001002C6801264FF0000928836B602B6086
:1055200033E7019B062E2C686B602B600BD00026A6
:1055300020F0070080B2B146288326E7064661E7DF
:105540001E46944667E7002C214638BF002129B14A
:105550006B8B096801336B830029F8D120F00701B8
:1055600089B26B8B41F002004FF0000902262883BC
:10557000002B7FF40AAF41F02200288305E700BF2B
:105580008555010010B40C464FF02001EFF3118255
:1055900081F31288BFF36F8F0121446110BCFFF7C4
:1055A000CDBE00BF70B110B50C4641B1081DFFF76C
:1055B0002BFE18B9A36833F0030300D110BD6FF0C0
:1055C000150010BD6FF01500704700BF70B169B1D4
:1055D0000B685BB14B684BB100230161C0E900333C
:1055E000C0E90233C0E90533184670476FF0150073
:1055F000704700BF70B505460E46FFF7D3FF002881
:105600001DDB4FF02003EFF3118283F31288BFF309
:105610006F8F4FF6FF706B8B298B834201F007046D
:1056200029D0022C19D08B070AD0062C08D0052CC3
:1056300031D082F31188BFF36F8F6FF0040070BD1B
:10564000002333606B68EBB11E606E60ECB92846D6
:105650000221FFF773FE204670BD01336B8382F396
:105660001188BFF36F8F0023284631462246FFF78B
:105670004FFE204670BD82F31188BFF36F8F6FF02D
:105680000A0070BDC5E90066E0E7204682F3118894
:10569000BFF36F8F70BD82F31188BFF36F8F6FF010
:1056A000850070BD0C4608B511461A4603462046D3
:1056B000984714F017FC03F047FD00BF2DE9F04FA9
:1056C000D0E904430134022C40F26C788CBF0022F4
:1056D00001224FF0000918EB030849EBE379B8EB1E
:1056E0000208C36869F10009B8F1000F85B003F141
:1056F000FF3A79F100030546CDE90289C0F29480B2
:10570000DDE902014FF4C8720023FBF7B1FC6A68BF
:105710004FF03C0C9046AB684FEAE279CCFB038932
:105720004B464246022C4FEA08194FEA031E8CBF33
:105730006FF0020C4FF0090C4EEA127EB9EB020634
:105740006EEB0307BB00B20043EA967316461F4692
:105750002D68CB0076194FEAC00247EBE57743EAA4
:105760005073121841EB030315011B0143EA127336
:105770002A1841EB030315011B0143EA127340F29F
:105780006D192A464FF0FF3E029DDFF8C080644449
:1057900008FB0058DFF8B8C04FEA980504EBC404D2
:1057A000101A09FB0855DFF8ACB004EB041463EBE6
:1057B0000101ACFB08C80234ABFB04244FEA811999
:1057C000214A830149EA9069181A69EB0101AA4448
:1057D00083180093AAEB581841EB0E0308EB9404CE
:1057E0000193DDE90023121943F10003901843EB04
:1057F0000301801841EB0302110103011B1A41EA66
:10580000107161EB020211011801C01A41EA137113
:1058100061EB0201C301C90141EA5061981947EBEC
:10582000010105B0BDE8F08F6FF4C7704B464FF033
:10583000FF3118EB000043EB01014FF4C872002365
:10584000FBF716FC63E700BF9405F5FF70FEFFFF52
:105850001F85EB51CDCCCCCC70B4CC000234055BB1
:105860008B1A03EB5503511A5D004E000653C5F326
:105870004E0400EBC2061444758020F8321020F864
:10588000343070BC704700BFC90030B40231D4005E
:10589000435A0234055B5B0803EB55035D00455238
:1058A000015B30BC02EB510220F83230704700BF80
:1058B00000EBC102538870B45B08B3FA83F3C3F101
:1058C0001F0300EB83052C695CB90126C46806FA46
:1058D00003F31C438BB2C46029619380D38070BCF6
:1058E0007047E3000433C55A89B200EBC5069580C2
:1058F000D480F180C15270BC704700BF30B400EB5F
:10590000C104E38899420BD0A188043200EBC105A1
:1059100000EBC30440F82230EB80A18030BC70471C
:1059200001210024C368914023EA01030432C360CB
:1059300040F8224030BC704700EBC1035A8852083F
:10594000B2FA82F2C2F11F02FFF7D8BFF8B50D46D6
:10595000CE00B71CC15B044605EB510100EBC1034F
:105960009B78DA070CD5A15B691A04EBC1039B781D
:10597000DB070ED529462046BDE8F840FFF798BF63
:10598000FFF7DAFFC25B294605EB5202FFF77CFF07
:10599000E9E72046FFF7D0FFA15B2A46691AFFF727
:1059A00073FFA35B2046ED1A2946BDE8F840FFF7D8
:1059B0007FBF00BFF8B5B1FA81F3C3F11F0200EB5E
:1059C000820CDCF810707FB13C46032500EBC40666
:1059D000B6F802E0B1EB5E0F19D9F488013DCCF8BE
:1059E000104001D0A742F1D14FF0FF34C168C3F19C
:1059F000200304FA03F313EA010401D12046F8BDA1
:105A000094FAA4F2B2FA82F2131D50F82340214610
:105A1000FFF774FF2046F8BD00680439091A21F029
:105A2000070303445A88C90822F001025A80FFF78D
:105A30008DBF00BF09B1FFF7EFBF7047F8B505682C
:105A4000C1B1AB68B3EBD10F14D90B31CC082146EF
:105A50002846FFF7AFFF68B105EBC0067388C700A3
:105A6000B4EB530F08D37388381D43F00103284467
:105A70007380F8BD0020F8BD021901462846FFF7E3
:105A8000EBFE1146FFF714FFEDE700BF2DE9F843E9
:105A90004D42144631EA0502034605EA010940D0A9
:105AA0004A46042A28BF0422A1EB0906ACB31F68AA
:105AB000BB68B3EBD40F30D904F10B013144891A20
:105AC0003846C908FFF776FF804630B309F1040570
:105AD00005EBC005711E3D440D4471420D40A5EB20
:105AE00009052C4407342B1FDB1B24F00704E41B9F
:105AF000B0EBD30F4FEAE4044FEAD30918D307EB16
:105B0000C906738809EB53039C4220D37388284647
:105B100043F001037380BDE8F88300252846BDE803
:105B2000F88304291CD94E4604224FF00009BDE732
:105B300001464A463846FFF78FFE07EBC906414645
:105B4000FFF7B6FE738809EB53039C42DED2494649
:105B500022463846FFF780FE2146FFF7A9FED5E72B
:105B60002146BDE8F843FFF769BF00BFF0B4141F3A
:105B70000C44073121F0070224F00704A41AE608B8
:105B8000B6FA86F70025C7F124039B00D91D202F04
:105B900002604FEAD101C2E9026508D0A3F110000A
:105BA00002F10C03184443F8045F8342FBD1012542
:105BB000002701FA05F3761A2B43538006FA05F005
:105BC00002EBC10317805880131922F831101046D8
:105BD00016535D80F0BCFFF76BBE00BF2DE9F04FA0
:105BE00093460446D278354883B012F800A06F2A55
:105BF0000D461F460C9E0AF0030A43D039D902F025
:105C0000F702702A37D00A234FF00A084FF0000934
:105C100001930AE04D45DAB208BF444506F8012D6C
:105C200019D3BE4217D904460D4642464B4620467C
:105C30002946FBF76DFA092A02F13003EAD9BAF1D5
:105C4000010F0CBF373257324D45D2B208BF444521
:105C500006F8012DE5D29BF800309B0605D5019B87
:105C6000082B20D0019B102B13D0304603B0BDE889
:105C7000F08F582AC7D110234FF010084FF00009B9
:105C80000193D2E708234FF008084FF00009019371
:105C9000CBE730469BF8023043F010038BF802301C
:105CA00003B0BDE8F08F30469BF8023043F00803A4
:105CB0008BF8023003B0BDE8F08F00BF5F32030005
:105CC0002DE9F04F8346107893B0039398B1904636
:105CD0000C464FF000095D4625280FD02146A84705
:105CE000002808DB08F1010809F1010998F8000013
:105CF0000028F1D1484613B0BDE8F08F002298F893
:105D00000130CDE90D22252BCDE90F220C92119205
:105D100000F0E280164610469446964608F10107C8
:105D2000A3F1200110290AD8DFE801F0CE0909CC3F
:105D300009090909090909D009D30909C800BEF1EF
:105D4000000F05D09DF8381041F004018DF838108F
:105D5000BCF1000F05D09DF8381041F008018DF816
:105D6000381028B19DF8381041F010018DF8381026
:105D70002EB19DF8381041F020018DF838102AB16D
:105D80009DF8382042F040028DF838209DF83820E8
:105D900002F04401442900F079819DF838202A2B33
:105DA00042F080028DF8382000F07E819D4E194629
:105DB000F25C3846520748BF002217D510F8013F61
:105DC00002EB820216F803C001EB42021CF0040F42
:105DD0001946A2F13002F1D1B84207D09DF838102F
:105DE000D60F66F341010F928DF838102E2B0CBFA1
:105DF000012100219DF8392061F341028DF83920FD
:105E000026D14378471C2A2B00F0D083854E1946B3
:105E1000F25C12F0040218BF002200F0EA8317F8C7
:105E2000013F02EB8202F05C01EB4202400719469F
:105E3000A2F13002F3D43846D10F9DF838601092A9
:105E40003246C6F34006314361F341028DF83820F3
:105E5000A3F14C022E2A00F26281DFE812F09602D2
:105E6000600160016001600160016001600160012A
:105E7000600160016001600160016001600160011A
:105E8000600160016001600160016001600160010A
:105E9000600160016001BB026001B9026001A802FB
:105EA0006001600160016001600160016001A602A3
:105EB000600160016001600160018802012217F841
:105EC000013F2DE70126FAE70120F8E74FF0010C2A
:105ED000F5E74FF0010EF2E71146134694461746D8
:105EE0008DF83B0008F1020B9DF938009DF838A0B1
:105EF0000028ACBF4FF0FF360F9E0398BCF1000F97
:105F000000F0A28050F8047B002F059708DA4FF0CC
:105F1000FF379DF839C005976FF3410C8DF839C0F4
:105F200000270129CDE90F777ED0022968D0042906
:105F300000F0B180032900F0338303901AF0030FBF
:105F400040F089809DF83B20253A532A56D8DFE857
:105F500012F07502550055005500550055005500CA
:105F60005500550055005500550055005500550089
:105F70005500550055005500550055005500550079
:105F80005500550055005500550055005500550069
:105F90005500550055005500550055005500550059
:105FA0005500550055005500550055005500550049
:105FB0005500550055005500770155005500550016
:105FC00055005500550055005500550055009302E9
:105FD000F6015500550055005500F60155005500D5
:105FE000550055007F02770169025500550058029F
:105FF00055007701550055007701D146D84675E622
:10600000D91E042979D8DFE801F0710303787800FC
:10601000073020F00702F2E80201CDE90C010392FB
:106020008CE700BF5F320300D91E04294DD801A7B9
:1060300057F821F0BB600100116001001160010000
:10604000CB600100CB600100BF0754BF4FF0FF37AA
:10605000109F059764E700265F4609E098F8000066
:106060002146A847002808F10108FFF644AE013692
:10607000B845F3D31FB998F800000028F0D1002EDE
:106080003046FFF638AEB846B1442FE66FF38612BD
:106090008DF8382081E6073020F00702F2E802018F
:1060A000CDE90C01039249E79DF83930781C43F0A3
:1060B00001038DF839307B7898E6024652F8040BDC
:1060C000C117CDE90C01039238E7014651F8040BE2
:1060D000012A03914FEAE071CDE90C0140F0728290
:1060E00000219DF83020CDE90C2127E7002150F850
:1060F000042BCDE90C21039020E70746002057F838
:10610000041B012ACDE90C100397E9D0022A7FF481
:1061100015AF0021BDF83020CDE90C210EE7014676
:106120009DF83860C6F34006A3F1410201F1010B6E
:106130008DF83B30372A39D8DFE812F05A003800A2
:10614000380038005A005A005A0038003800380029
:10615000380038003800380038003800380038007F
:106160003800380038003800380066003800380041
:106170003800380038003800380038005A0038003D
:106180006600F9005A005A005A003800F900380039
:1061900038003800380052016600E9003800380045
:1061A000E900380066003800380066009DF83900C4
:1061B000002107469DF8383043F001038DF8383050
:1061C0009DF83820C0F3C30366F3410200F0040CCD
:1061D000C0078DF838201A467FF586AE039850F830
:1061E000046B002EC0F2D3819DF838A0039084E6A2
:1061F00004219DF83A309DF8390061F30203074607
:1062000001268DF83A30DBE7022001469DF83A205E
:1062100060F302028DF83A209DF8390000F0780210
:10622000402A074605D19DF838C04CF0010C8DF886
:1062300038C0632BC4D1002A18BF46F00106BFE75F
:10624000002304930DF12E080EAACDF8008006ABB2
:10625000DDE90C01FFF7C2FC0746059900290BDBBD
:106260009DF83820A8EB07036FF3861299428DF84A
:10627000382001D9CB1A0F93002F3FF4BFAE049BF7
:10628000A8EB070003B101300F9B9DF83A20D1061F
:1062900040F13A8102301844530644BF109BC018A5
:1062A000002E40F303819DF83830361A5907C3F3A6
:1062B000800A00F1FB805B0640F1F080049B002B1C
:1062C00000F0898118462146A8470028FFF613AD43
:1062D000002E09F1010906F1FF3340F35481302209
:1062E000CDF810A009F101099A461646994404E038
:1062F000BAF1000F40F363819A4621463046A84721
:106300000028A9EB0A020AF1FF33F1DAF3E40321D2
:106310009DF83A309DF8390061F3020310F0780FD0
:1063200018BF46F0010607468DF83A3048E70121CC
:106330009DF83A2061F302028DF83A206CE71AF0DA
:10634000080F40F050811AF0100318BF2023049367
:10635000DDE90C23002A73F10001BFF673AF52424E
:1063600063EB4303CDE90C232D2304936AE7062254
:106370009DF839309DF8386062F3C6038DF83930E6
:106380004378411CC6F34006CEE6BDF838300126FE
:1063900023F4F04323F0020343F4804343F0020369
:1063A000ADF83830411C4378BEE60722E0E7437879
:1063B0006C2B00F0468103219DF839209DF8386050
:1063C00061F3C6028DF83920411CC6F34006ABE6E6
:1063D0000522CDE74378682B00F025810221EBE709
:1063E00003219DF83A309DF8390061F3020300F073
:1063F0007802402A08BF46F0010607468DF83A3079
:10640000DEE605990C9F00293846C0F2EF8018F0AF
:10641000F2F807EB0008002F3FF4F0AD00220F9BCD
:10642000049232E70C98002840F0E680DFF82082E2
:1064300003460490A8F10507052026E721462520FC
:10644000A8470028FFF657ACD84609F101094DE4EA
:106450000C99072B3FF6D2ADDFE803F0041C1804BB
:1064600008080404D846C1F800903FE44A46D31710
:10647000D846C1E9002339E400230C9A0120049393
:106480008DF818200DF1190806AFFEE6D846A1F8E0
:1064900000902BE4D84681F8009027E4002EC8BF76
:1064A000202206F1FF333FF71DAF1E46049B002B51
:1064B0006AD021460498A8470028FFF61CAC9DF836
:1064C0003A2009F10109D00652D4110750D4D3065D
:1064D00008D521469DF83B00A8470028FFF60BACE5
:1064E00009F101090F9B002B12DD03EB090A01E002
:1064F000D1450ED021463020A847002809F10109D6
:10650000F6DA13B0BDE8F08F110748BF0130C2E6DC
:10651000CA4623464FF000094446984609E03878B9
:106520004146A847002807F10107FFF6E4AB09F14F
:106530000109A742F3D314B938780028F0D1B9F192
:10654000000F44464846FFF6D6AB002ECA447FF7FC
:1065500054AD06EB0A0902E0CA453FF44FAD2146AF
:106560002020A84700280AF1010AF5DAFFF7C3BB8B
:1065700021463020A8470028FFF6BDAB9DF83A2001
:1065800009F10109A3E71E469DF83A209BE79DF813
:1065900038A076424AF0040A03908DF838A0ACE4A3
:1065A000014651F8042B03910C92C7E49DF8393051
:1065B000023043F004038DF83930037848E41E4676
:1065C000914673E7022A7FF4B9ACBDF93000C117D8
:1065D000CDE90C01B2E4731E002ED8BF1E467FF732
:1065E00072AF30227EE62B230493B1E6FAF7DEFF8A
:1065F0000FE71146384620E40DF12E0806AB0021C6
:106600000EAACDF80080FFF7E9FABDF83A30074648
:1066100003F0EF0343F4F04343F01003ADF83A30D6
:106620000023049319E601229DF839309DF8386063
:1066300062F3C6038DF839308378811CC6F34006B7
:1066400072E504229DF839309DF83860F0E700BF0C
:106650003D020300704700BF4FF02002EFF31183AB
:1066600082F31288BFF36F8F0121044AC2F84015EC
:1066700083F31188BFF36F8F0020704700900340B1
:1066800020B1034B800143F001031847704700BF5E
:10669000E0F5020084B004AB03E907009DF8043084
:1066A000062B01D004B070474FF040230122C3F8FD
:1066B0000025BFF34F8F20BFFDE700BF84B004ABC0
:1066C00003E90700002383F31188BFF36F8F04B041
:1066D000704700BF0023C0E90033704703682BB147
:1066E00043681960002341600B607047002301601C
:1066F00041600B60704700BF006870470346006848
:1067000008B102681A607047014812F037BD00BF37
:1067100078CE002006F08EB930B5002289B00F493E
:106720000F4813F007FF0020002100240E230D4D19
:10673000CDE90601CDE9033428464FF44072CDE996
:106740000144094B0949009412F0F4FA084928461B
:1067500012F0B6FA204609B030BD00BF096701004B
:10676000E0CE002018CF0020056C0100204103205E
:106770004402030070B582B0054600220023114890
:1067800001A912F02BFA18B10F4B184602B070BDD8
:1067900004460122019BD3E8EF1FC3E8E02F002845
:1067A000F9D1019E2946331D18462D2217F0FDFE12
:1067B00003467E22184686F8324086F8312002B021
:1067C00070BD00BFF82D03204C020300002070476D
:1067D000024612F8013B13B319B30020F0B44FF096
:1067E000010C05460446104F0FE04CB1DE5DB607C4
:1067F00006D00024732B04BF0CFA05F318430135AF
:1068000012F8013B4BB18D4207D2252BEDD112F886
:10681000013B84F00104002BF5D1F0BC7047184611
:1068200070470846704700BF5F320300002370B511
:106830000B4A0C490C4D0D4C4FF400402B7023605B
:10684000116001F0A9FA00F0EFFC0948FFF742FFE0
:10685000BDE87040042334220649074812F09EB96F
:1068600068C8002015670100BD3F0320E82D032004
:10687000F02D0320E0BE0320F82D032070B5114B4E
:10688000D3E8EF5F6A1CC3E8E12F0029F8D1C5B94E
:106890000D4B0E4C1B1B002B4FEA231611DD237BE7
:1068A000013553B123689B690BB120469847636853
:1068B00004222046196800F045FCB54204F110049A
:1068C000EDDB70BDEC2D032044F5020034F5020031
:1068D000F8B500250E4BD3E8EF7FC3E8E25F002A4E
:1068E000F9D10C4B0C4C1B1BAB424FEA23160DDDB0
:1068F000636801355B792BB123681B6913B1394695
:1069000020469847B54204F11004F1DBF8BD00BF02
:10691000E82D032044F5020034F5020010B54FF0D5
:106920002003EFF3118483F31288BFF36F8F0448C1
:10693000FFF7E4FE84F31188BFF36F8F10BD00BF33
:10694000F02D032010B5064C237813B101232370DA
:1069500010BD044812F012FC0123237010BD00BFCB
:10696000BC3F032078CE00202DE9F04F474B044672
:106970001B7883B0BBB998B1FFF7D0FF064648B18A
:10698000304600F0FBFC2CB9414B1B68002B01DDAD
:10699000FFF79EFF3F48FFF7AFFE003818BF01200A
:1069A00003B0BDE8F08FFFF7B9FF06460028EAD034
:1069B000002CE5D1384BD3E8EF2F013AC3E8E12FA3
:1069C0000029F8D1354B1B78B3B1354B354D5B1BE6
:1069D000002BC8BF00274FEA2318D1DD6B680137B1
:1069E0005B7923B12B68314628465B689847474559
:1069F00005F11005F2DBC3E7337ADB07E5D400F0DD
:106A0000CDFC8246304600F051FC01465046FFF76F
:106A1000DFFE07460028D8D0234B244ADFF89C80AD
:106A2000A3EB02094FEAD9094FEA8919DFF890B0C0
:106A300049F00109B7FA87F5C5F11F052946304627
:106A400000F038FC404502D3194B984214D328B1CA
:106A5000184B984216D2184B98420DD071890020DD
:106A6000C1F3891100F060FB53460246294658469F
:106A7000ADF8009000F026F8012303FA05F5AF43C6
:106A8000D8D1A2E7D0339842F6D3E4E7BC3F032045
:106A9000E82D0320F02D0320E42D0320BD3F03202B
:106AA00044F5020034F50200BCF4020064F4020074
:106AB00098350300E0BE03204C020300C8F002003A
:106AC000680203002DE9F04383B007468846164666
:106AD0001D46BDF8289000F0D5FB002830D00121DC
:106AE0004FF440522C4BC0E90478C0E906651B689E
:106AF000A0F80A904160028104469847E0604FF098
:106B00002003EFF3118583F31288BFF36F8F2348BF
:106B10002146FFF7E3FD85F31188BFF36F8F204B0C
:106B2000D3E8EF2F511CC3E8E01F0028F8D11D4B1C
:106B30001B7843B91C4B1B6813B1FAB10A2A14D055
:106B400003B0BDE8F0834FF02003EFF3118483F32B
:106B50001288BFF36F8F0020FFF706FF84F31188C0
:106B6000BFF36F8F03B0BDE8F083104813F056FDFC
:106B70000F4803B0BDE8F04312F000BB0020002135
:106B80004FF40042CDE900010023084813F0E0FC77
:106B900003B0BDE8F08300BF68C80020F02D0320DB
:106BA000E42D0320BD3F0320142E0320E0CE00205F
:106BB00078CE0020F8B5104E357805B1F8BDFFF756
:106BC0005DFE0E4C0E4B1B1B002B4FEA23170BDDFB
:106BD000636801355B791BB1236820465B69984780
:106BE000BD4204F11004F3DB0020FFF7BDFE0028D6
:106BF000FAD101233370F8BDBD3F032034F5020004
:106C000044F5020010B5FFF739FE13F06BF90C4A9A
:106C1000106018B10B4B1B68092B0DDC0A4C0020CF
:106C2000FFF7A2FE0028FAD14FF0FF324FF0FF33FA
:106C3000204612F0CDFAF2E7034812F09FFAEDE792
:106C4000142E0320E42D032078CE0020F0B583B06D
:106C500007460E46154600F015FB00282DD00121F1
:106C60004FF48052294B07611B68466145814160A2
:106C7000028104469847E0604FF02003EFF311854E
:106C800083F31288BFF36F8F21482146FFF726FD5B
:106C900085F31188BFF36F8F1E4BD3E8EF2F511C84
:106CA000C3E8E01F0028F8D11B4B1B783BB91B4BF6
:106CB0001B6813B1EAB10A2A12D003B0F0BD4FF03D
:106CC0002003EFF3118483F31288BFF36F8F00204A
:106CD000FFF74AFE84F31188BFF36F8F03B0F0BD56
:106CE0000F4813F09BFC0F4803B0BDE8F04012F0D2
:106CF00045BA002000214FF40042CDE900010023F5
:106D0000074813F025FC03B0F0BD00BF68C80020A1
:106D1000F02D0320E42D0320BD3F0320142E03207B
:106D2000E0CE002078CE002030B583B01D4600F0C4
:106D300037FB30B3274B45811B6804469847E0601A
:106D40004FF02003EFF3118583F31288BFF36F8FA9
:106D500021482146FFF7C2FC85F31188BFF36F8FEE
:106D60001E4BD3E8EF2F511CC3E8E01F0028F8D1D9
:106D70001B4B1B783BB91B4B1B6813B1EAB10A2AAA
:106D800012D003B030BD4FF02003EFF3118483F332
:106D90001288BFF36F8F0020FFF7E6FD84F31188A0
:106DA000BFF36F8F03B030BD0F4813F037FC0F48AF
:106DB00003B0BDE8304012F0E1B9002000214FF4EB
:106DC0000042CDE900010023074813F0C1FB03B0E6
:106DD00030BD00BF68C80020F02D0320E42D032043
:106DE000BD3F0320142E0320E0CE002078CE0020EB
:106DF0002DE9F04182B00746884616461D4600F050
:106E000041FA00282ED001214FF400522B4BC0E94B
:106E100004781B6886614581416002810446984779
:106E2000E0604FF02003EFF3118583F31288BFF386
:106E30006F8F23482146FFF751FC85F31188BFF37C
:106E40006F8F204BD3E8EF2F511CC3E8E01F0028C1
:106E5000F8D11D4B1B7843B91C4B1B6813B1FAB119
:106E60000A2A14D002B0BDE8F0814FF02003EFF3FE
:106E7000118483F31288BFF36F8F0020FFF774FD36
:106E800084F31188BFF36F8F02B0BDE8F081104822
:106E900013F0C4FB0F4802B0BDE8F04112F06EB928
:106EA000002000214FF40042CDE9000100230848F2
:106EB00013F04EFB02B0BDE8F08100BF68C80020AF
:106EC000F02D0320E42D0320BD3F0320142E0320CA
:106ED000E0CE002078CE0020F0B583B006460D4607
:106EE00000F0D0F958B301220027294B06611B6836
:106EF00045814260078104469847E0604FF02003D7
:106F0000EFF3118583F31288BFF36F8F2148214679
:106F1000FFF7E4FB85F31188BFF36F8F1E4BD3E8B7
:106F2000EF2F511CC3E8E01F0028F8D11B4B1B7842
:106F30003BB91B4B1B6813B1EAB10A2A12D003B04C
:106F4000F0BD4FF02003EFF3118483F31288BFF3F9
:106F50006F8F3846FFF708FD84F31188BFF36F8FFA
:106F600003B0F0BD0F4813F059FB0F4803B0BDE864
:106F7000F04012F003B9002000214FF40042CDE9A7
:106F800000010023074813F0E3FA03B0F0BD00BF8F
:106F900068C80020F02D0320E42D0320BD3F03200E
:106FA000142E0320E0CE002078CE002070B5A4B0CF
:106FB00002460B4603A88121FEF786F900258128A9
:106FC000024603A928BF8122284600F049FA30B3BF
:106FD000264B45811B6804469847E0604FF020032C
:106FE000EFF3118683F31288BFF36F8F2048214699
:106FF000FFF774FB86F31188BFF36F8F1D4BD3E847
:10700000EF2F511CC3E8E01F0028F8D11A4B1B7862
:107010003BB91A4B1B6813B1DAB10A2A12D024B05B
:1070200070BD4FF02003EFF3118483F31288BFF398
:107030006F8F2846FFF798FC84F31188BFF36F8F9A
:1070400024B070BD0E4813F0E9FA0E4812F096F81D
:10705000E5E7002000214FF40042CDE900010023C4
:10706000074813F075FA24B070BD00BF68C800204F
:10707000F02D0320E42D0320BD3F0320142E032018
:10708000E0CE002078CE0020084BD3E8EF2F01326D
:10709000C3E8E12F0029F8D1054BD3E8EF2F013ADF
:1070A000C3E8E12F0029F8D1704700BFE82D032085
:1070B000E42D0320054A0346904203D3044A90423C
:1070C00000D270471846FFF755BB00BFC8F002005A
:1070D0009835030048B1054B984205D3D033984208
:1070E0002CBF00200120704700207047E0BE032025
:1070F00000B5043883B00190D0E8EF3F5A1EC0E8D5
:10710000E12F0029F8D1012B02D003B05DF804FB78
:10711000034801A911F094FD03B05DF804FB00BF22
:10712000F82D032000207047044A054B9B1AB1EB51
:10713000D30F34BF52F831000020704764F40200CE
:1071400034F502000122064B10B4C31A44681B1127
:1071500013442371436810BC19605A71FFF7F2BBE6
:1071600034F502002DE9F8431C4603899DF8208080
:10717000C3F38D03A34244D916680F4631199942CF
:1071800001D91E1B16600C2B3FD9072C45692AD844
:107190000823B34228BF334618309946B8F1000F90
:1071A0003CD01A463946204417F065F8A6EB09068C
:1071B0004F44B6B1ADB1201DC4F11C04B44228BF88
:1071C0003446284401462246B8F1000F15D039460E
:1071D00017F051F8361B2D68274402D00024002DEB
:1071E000E9D1BDE8F883083C1B2CE2D91C3C1B2CE0
:1071F0002D68FBD8002EDDD1F3E7384617F03BF8B9
:10720000E8E700231360BDE8F883B34228BF3346A4
:10721000002599461430B8F1000FC2D101191A4661
:10722000384617F028F8C1E7202302491A460248D9
:1072300011F0B4BCB0BF0320182E03200430D0E8F6
:10724000EF3F0133C0E8E23F002AF8D1704700BFAA
:10725000002330B583B00A4D019300E06CB10120EA
:10726000FFF782FB0446FFF70FFF284600220023AA
:1072700001A911F0B3FC0028F0D1019803B030BD92
:10728000182E032010B5002482B0002200230648E7
:1072900001A9019411F0A2FC10B9019802B010BD2F
:1072A000FFF7D6FF02B010BD182E0320407A000968
:1072B000704700BF437AB1EB131F4FEA131212D28B
:1072C000032A0CD9012910D943698A1E062A84BFD2
:1072D0001B68A1F1090203EB82035868704700EBB9
:1072E0008101486970470020704700EB810188697F
:1072F000704700BFF0B5027A85B00346467A019028
:10730000D00720D43609F6B100273C4607E027FA1B
:1073100004F3D9072CD40134B442019B13D018468E
:107320002146FFF7C7FF0546FFF7D4FE0028F2D03D
:10733000002FECD1019B31461869FFF749FA074647
:107340000028E4D1019B1A7A92070BD55C6903945B
:1073500044B1094D2468284603A911F071FC039437
:10736000002CF7D1044801A911F06AFC05B0F0BD6A
:107370002846FFF7BDFECEE7182E03200346021D68
:10738000D2E8EF1F0139C2E8EC1FBCF1000FF7D1C2
:107390005B6803B17047FFF7ADBF00BF006970477E
:1073A0002DE9F04F83B00F4690460190FFF76AFF3A
:1073B000044618B301230025B8F1030F436005818B
:1073C00020D90223A8F1020AAA45D34645610381C8
:1073D00000F1140907DC26E0BBF1000FC9F800003A
:1073E000814605601EDDFFF74DFFABF1070B06463A
:1073F0000028F1D12046FFF77DFF3446204603B038
:10740000BDE8F08F437A019A68F307130261437273
:1074100039464FEA8802143016F02DFF204603B09B
:10742000BDE8F08F6569637A019A68F307132261FA
:1074300063723A687B680837A261E3615646072E9B
:1074400028BF07263946B200281D174416F013FF3F
:10745000BAEB060A2D68F1D1204603B0BDE8F08FE3
:107460002DE9F04743F6FF769642144605460F464F
:1074700028BF1646FFF706FF814600283BD00121B2
:107480000289B30002F002020B4313430C2C056186
:107490000381416032D90023027A7968386842F06A
:1074A0000202083E89F80820C9F81800C9F81C1023
:1074B00007F10807C9F8143009F114081BD09A46DF
:1074C00010E01C2E354628BF1C25C8F800003946A0
:1074D000C0F800A080462A46043016F0CCFE761B89
:1074E0002F4408D0FFF7CEFE04460028E9D14846D5
:1074F000FFF700FFA1464846BDE8F087324639460F
:10750000143016F0B8FE99F8083048466FF341037E
:1075100089F80830BDE8F08710B5002482B00094E7
:10752000FFF720FE02B010BD0EB400B582B003AB71
:1075300053F8042B014604480193FEF7C1FB02B047
:107540005DF804EB03B070474D7501002DE9F84379
:107550004B68CA681C680E46944207460BD0D3E8B5
:10756000EF2F511CC3E8E01F0028F8D1B3680020BA
:107570009F54BDE8F883D3F80490D1F800808D685B
:10758000214628464A46C047241A0544F8D1736864
:107590001C60E4E72DE9F04F8FB00EAF06468A4637
:1075A000FFF7FCFE83463046FFF780FE830007337B
:1075B00023F00703ADEB030D0DF1380960B18046F0
:1075C0000024A9F1040521463046FFF773FE01347B
:1075D000444545F8040FF6D13046FFF767FE0F2803
:1075E0003ED8DFE810F0410046004D0054005E0038
:1075F0006B007B008E00A400BD00D900F8001A01CA
:107600003F0167011000D9F83810D9E900230C9127
:10761000D9F8340059460B90D9F8304050460A94B6
:10762000D9F82C400994D9F828400894D9F8244076
:107630000794D9F820400694D9F81C400594D9F84D
:1076400018400494D9F814400394D9F810400294D7
:10765000D9F80C400194D9F808400094FFF764FF72
:107660000437BD46BDE8F08F59465046FFF75CFF32
:10767000F6E759465046D9F80020FFF755FFEFE7E7
:107680005946D9E900235046FFF74EFFE8E7D9F8FD
:107690000840D9E90023594650460094FFF744FFBB
:1076A000DEE7D9F80C10D9E900230191D9F8084098
:1076B000594650460094FFF737FFD1E7D9F810102C
:1076C000D9E900230291D9F80C0059460190D9F864
:1076D000084050460094FFF727FFC1E7D9F814107F
:1076E000D9E900230391D9F8100059460290D9F83E
:1076F0000C4050460194D9F808400094FFF714FF5D
:10770000AEE7D9F81810D9E900230491D9F814008C
:1077100059460390D9F8104050460294D9F80C40CD
:107720000194D9F808400094FFF7FEFE98E7D9F8D5
:107730001C10D9E900230591D9F818005946049086
:10774000D9F8144050460394D9F810400294D9F85F
:107750000C400194D9F808400094FFF7E5FE7FE75C
:10776000D9F82010D9E900230691D9F81C00594610
:107770000590D9F8184050460494D9F81440039461
:10778000D9F810400294D9F80C400194D9F8084077
:107790000094FFF7C9FE63E7D9F82410D9E9002364
:1077A0000791D9F8200059460690D9F81C40504658
:1077B0000594D9F818400494D9F814400394D9F8E2
:1077C00010400294D9F80C400194D9F80840009474
:1077D000FFF7AAFE44E7D9F82810D9E90023089159
:1077E000D9F8240059460790D9F82040504606940D
:1077F000D9F81C400594D9F818400494D9F81440DD
:107800000394D9F810400294D9F80C400194D9F8A7
:1078100008400094FFF788FE22E7D9F82C10D9E938
:1078200000230991D9F8280059460890D9F8244036
:1078300050460794D9F820400694D9F81C40059486
:10784000D9F818400494D9F814400394D9F810409A
:107850000294D9F80C400194D9F808400094FFF73D
:1078600063FEFDE6D9F83010D9E900230A91D9F872
:107870002C0059460990D9F8284050460894D9F868
:1078800024400794D9F820400694D9F81C40059468
:10789000D9F818400494D9F814400394D9F810404A
:1078A0000294D9F80C400194D9F808400094FFF7ED
:1078B0003BFED5E6D9F83410D9E900230B91D9F86D
:1078C000300059460A90D9F82C4050460994D9F80E
:1078D00028400894D9F824400794D9F82040069409
:1078E000D9F81C400594D9F818400494D9F81440EC
:1078F0000394D9F810400294D9F80C400194D9F8B7
:1079000008400094FFF710FEAAE600BF2DE9F04FF3
:107910000E4689B09846069207469DF848A09DF805
:107920004CB0BDF95090FFF7FDFB06F00102059247
:1079300006F00203024606F00805002834D0384657
:107940003D490793FFF7F0FD079B04467BBB059B72
:1079500053B13A4A3A4B52F82A203846002A08BF17
:107960001A463849FFF7E0FD002D55D1B9F1000F57
:107970000CDB069B73B9344E49465846FFF7D4FBDF
:10798000314602463846FFF7CFFD0544281909B0B5
:10799000BDE8F08F012303FA0AFA2C4B1AF0100FFE
:1079A000294E18BF1E46E7E70446002BCFD016F03D
:1079B000440F3AD0264B19680029C8D0254B4FF404
:1079C0007A701B684FF4616EB8FBF3F8B8FBF1FCFA
:1079D00001FB1C8800FB08F8B8FBF1F601FB1688D8
:1079E00000FB08F8B8FBF1F11B4ACDE90161A2FBED
:1079F0000C32D00A0EFB10C0184B1949A3FB00C370
:107A00005B09C3EB031CA0EB8C000090D20A384644
:107A1000FFF78AFD04449AE7124B3846124953F89F
:107A20002A20FFF781FD0546A0E7424638460F4968
:107A3000FFF77AFD04448AE7C0020300280303002D
:107A4000AC02030088230300B4020300BC0203005D
:107A5000342E0320382E0320C5B3A291898888884C
:107A6000D002030064030300EC020300C40203001D
:107A70002DE9F047089C9846E3060F461646054652
:107A800005D4A1064CBF2E492E49FFF74DFDB8F194
:107A9000000F09DD0024DFF8B49049462846013480
:107AA000FFF742FDA045F8D10024DFF8A490DFF8ED
:107AB000A480DFF898A0B4420FD23A5D4146284630
:107AC0000134FFF731FD102C0ED06207F3D151467F
:107AD0002846FFF729FDB442EFD349462846013432
:107AE000FFF722FD102CF0D128461749FFF71CFDA7
:107AF0000024DFF858A0DFF86090DFF86080B4421F
:107B000015D23A5D414612F80930284613F0970F16
:107B100008BF2E220134FFF707FD102C0ED063079B
:107B2000EDD151462846FFF7FFFCB442E9D3514658
:107B300028460134FFF7F8FC102CF0D1BDE8F0879F
:107B40004C25030048280300FC020300F002030058
:107B5000A0280300F40203005F32030000030300C7
:107B600038B50C46C907054603D50A4A0A49FFF746
:107B7000DBFCE2060CD4A306284604D5BDE8384059
:107B80000649FFF7D1BC0649BDE83840FFF7CCBC39
:107B900038BD00BFAC020300882303004C2503005E
:107BA000482803002DE9F041D0E90073D3E90046ED
:107BB00080468568214628463246B847241A05443F
:107BC000F8D1D8F804301C60BDE8F0812DE9F04F01
:107BD0000B890E46897A054611F0070B8DB04DD101
:107BE000DF4317F00103059307D030462946FFF71E
:107BF000D1FC6B68D3F800A02FE098460DF1200966
:107C0000EC6843464A463046A9680894FFF784FC6E
:107C1000089C6B68D5F808B01C604CB10BEB0402F3
:107C200012F8017CA7F10A02B2FA82F25209059217
:107C30005F68D5F800A0214658463A46D047241A36
:107C40008344F8D1DDF820A06B68D0441C60BAF101
:107C5000000FD5D1059A002A50D15F682E68AC6814
:107C6000514620463A46B047BAEB000A0444F7D1E1
:107C70006B68C3F800A00DB0BDE8F08F1746DAB20C
:107C8000D2437389C1F3C201CDE900B1C3F38913B3
:107C900002933946F36802F00102FFF737FE347AA7
:107CA0008046E44314F0010430D13046FFF776FB00
:107CB000194902462846FFF737FC4FF0100A0DF12C
:107CC000200907E04346494628460097FFF7D0FEC3
:107CD000079B1C4407AA234649463046CDF81CA002
:107CE000FFF71AFC079A002AECD15A463946284673
:107CF000FFF736FF6B68D3F800A0AEE728460749C8
:107D0000FFF712FC6B68D3F800A0A6E730462946BF
:107D1000FFF740FCE9E700BF8823030004030300EA
:107D200042F20F732DE9F04306468B4283B028BF21
:107D30000B4668460521154A3568FDF7DBFA0B2727
:107D400004467368DFF84C80D3F804903946404607
:107D50004A46A8473F1A8044F8D16F467368D3F863
:107D60000480214638464246A847241A0744F8D1E1
:107D70001B247368064E5F68214630463A46A84782
:107D8000241A0644F8D103B0BDE8F083C4190300F7
:107D90003C030300580303000123074A07499042AC
:107DA0000B6005D9400890424FEA4303FAD80B60B4
:107DB000034B1860704700BF40420F00382E03206D
:107DC000342E03200122014B1A707047BE3F03205E
:107DD0000122024B02481A70FFF7E4BEBF3F0320A6
:107DE000A40303000148FFF79BBF00BFA4030300E7
:107DF00010B9074B18707047064B1B781BB141F246
:107E0000883012F01BBBA420002112F051B800BF33
:107E1000BE3F0320BF3F03202DE9F047DFF89480E9
:107E2000814698F800500F460424214EDFF888A0C0
:107E300005BB4FF0FF334FF0FF32504611F00CF806
:107E40003A46494628460DF017FD0546504611F0C2
:107E500089F8BDB9337813B93846BDE8F087013CDD
:107E60002046FFF7C5FF3378002BF5D098F8005077
:107E7000002DDED03A46494600200DF0FDFC0546B7
:107E8000002DE7D0012298F8003032703BB9E3E7CB
:107E90003378002BE0D02046FFF7AAFF2C460020C5
:107EA0000DF08AFD651E0028F2D13846BDE8F08746
:107EB000BE3F0320BF3F032038CE002010B50C4644
:107EC0000846FFF7BBF9214604480F22FFF77EFE64
:107ED0002046BDE81040FFF751BA00BFA4030300DD
:107EE00008B5044810F0B0FF034B0020C3E900338D
:107EF00008BD00BF682E0320602E0320F8B507469A
:107F0000F9F754FB0546124E4FF0FF324FF0FF33A6
:107F1000104810F0A1FF3468B4420AD04CB1A068F8
:107F2000F9F744FBA8420AD07368A34201D0246841
:107F3000F4E70024074811F015F82046F8BD2A465A
:107F40003846A16816F01FFB0028EDD1F2E700BF0C
:107F5000602E0320682E032010B5FFF7CFFF30B14D
:107F6000C36823B11B6813B1BDE8104018476FF018
:107F7000150010BD10B5FFF7C1FF30B1C36823B1C4
:107F80005B6813B1BDE8104018476FF0150010BDD5
:107F90002DE9F0410D4616461F46FFF7AFFF50B1E1
:107FA000C36843B19C6834B13B4632462946A44677
:107FB000BDE8F04160476FF01500BDE8F08100BFFB
:107FC0002DE9F0410D4616461F46FFF797FF50B1C9
:107FD000C36843B1DC6834B13B4632462946A44607
:107FE000BDE8F04160476FF01500BDE8F08100BFCB
:107FF00070B50C461546FFF781FF40B1C36833B139
:108000001B6923B12A462146BDE8704018476FF02E
:10801000150070BD38B504464FF0FF324FF0FF3306
:10802000124810F019FFECB1A068D8B1FFF766FF55
:1080300058B905460E4B5A68C4E9003214605C60BA
:108040000A4810F08FFF284638BD0A490A4B0B48F2
:10805000C91AC908890141F00101FEF73DFF6FF01F
:108060001505EDE70349044B0548F1E7682E0320A9
:10807000602E03207CF4020064F40200D0030300AD
:10808000B403030000F098BA00F0A0BA0CB40346A1
:1080900000B583B004AA084652F8041BDB680192BD
:1080A000984703B05DF804EB02B070472DE9F0414A
:1080B000124CDFF84C80444516D205460E46174652
:1080C0002368AB4200D063B93A463146284663681C
:1080D000984730B13A4631462846A368BDE8F0419A
:1080E00018470C344445EBD301F05EFA6A2203468C
:1080F0004FF0FF301A60BDE8F08100BF58F4020075
:1081000064F4020030B583B0694601AA0546FCF765
:1081100099FFA8B1044601984FF0FF324FF0FF33AA
:1081200010F09AFE009B20469B68984704460198F1
:1081300010F018FF2846FCF7EFFF204603B030BDD3
:1081400001F032FA09234FF0FF340360F5E700BF76
:1081500070B582B00E461546694601AAFCF772FF5B
:10816000B8B1009B5B69A3B1044601984FF0FF32A0
:108170004FF0FF3310F070FE009B2A463146204638
:108180005B6998470446019810F0ECFE204602B067
:1081900070BD01F009FA09234FF0FF340360F5E7E1
:1081A0002DE9F04184B08846164602A903AA1D466F
:1081B000FCF748FFE8B1029B1B6AD3B10446039861
:1081C0004FF0FF324FF0FF3310F046FE0B9B029F43
:1081D00001930A9B3246009341462B4620463C6A57
:1081E000A0470446039810F0BDFE204604B0BDE849
:1081F000F08101F0D9F909234FF0FF340360F4E76F
:108200002DE9F04184B08846164602A903AA1D460E
:10821000FCF718FFE8B1029B5B6AD3B104460398F0
:108220004FF0FF324FF0FF3310F016FE0B9B029F12
:1082300001930A9B3246009341462B4620467C6AB6
:10824000A0470446039810F08DFE204604B0BDE818
:10825000F08101F0A9F909234FF0FF340360F4E73E
:108260002DE9F04F9BB0CDE9022303468946DDE9B5
:1082700002011C46049312F0E5F80DF12C0ACDE939
:108280000601CDF820A0B9F1000F53D000264D46CD
:108290003746CB4605960CE010F1120F40D00A98F5
:1082A00010F060FEB8F1000F2FDB013D04F108046F
:1082B0003ED020680028F8DB0AAA09A9FCF7C2FE14
:1082C00081460028F1D00A984FF0FF324FF0FF337B
:1082D00010F0C2FD08AB1AAACDE900324946234688
:1082E0004FF481720998FFF7D1FE10F1780F8046A4
:1082F000D2D1002200234FF00008CDE902230A98D2
:1083000010F030FEB8F1000FCFDA01F04DF94FF068
:10831000FF37C8F10003036038461BB0BDE8F08F9B
:10832000059B002B00F0CF804FF000080127B6E737
:10833000D94617BBDDE9023453EA040205D0013403
:1083400008BFB3F1FF3F40F0C580089BA3EB0A01D3
:108350006D4B891003FB01F1DDE90223504612F059
:10836000DDF900F10B030B2B044631D901F01CF9A8
:1083700064424FF0FF370460CEE7DDE90234013498
:1083800008BFB3F1FF3F00F0BA8019465B015B1AEA
:108390004FEAD16262EB05029200980042EA9372C2
:1083A000431842EB0505ED00DA0045EA5375D30B9F
:1083B00043EA4543CDE9009331464FF48272049B72
:1083C0000598FFF763FE074638461BB0BDE8F08FFF
:1083D00040F6810828FA03F86FEA080818F0010847
:1083E000C4D1CDF820A0B9F1000F00F08B804D462C
:1083F00047464646049C21E00A984FF0FF324FF072
:10840000FF3310F029FD08AB5946009340F20312E8
:1084100023460998FFF73AFE83460A9810F0A2FD1A
:108420001BF10B0F41D0BBF1000F41D1B4F9063065
:1084300003B10137013D04F1080412D02068E68041
:108440000028F7DB0AAA09A9FCF7FCFD83460028EF
:10845000D2D12023013DE38007F1010704F1080494
:10846000ECD1B8F1000F3FF457AF002F3FF754AFF6
:10847000DDE9023453EA04023FF44EAF013408BF91
:10848000B3F1FF3F3FF461AF11F0B8FF069B1B1A39
:108490000293079B63EB01030393DDE90234012B95
:1084A00074F10003BFF651AF36E74FF00108C1E7A2
:1084B00001F07AF84FF0FF37CBF100030360384644
:1084C0001BB0BDE8F08F099B4E464FF00008012716
:1084D0000593E4E611F092FF069B1B1A0293079B9B
:1084E00063EB01030393DDE90234002B74F1000315
:1084F000BFF62BAF00230024CDE9023425E74FF06F
:10850000FF3357E74F4607E7CDCCCCCC002A70B5F8
:1085100004460D4613DB4FF4004340F2E7300021E0
:10852000C3FB02014FF47A720023F8F7F1FD024613
:108530000B4620462946BDE87040FFF791BE4FF03C
:10854000FF3229462046BDE870401346FFF788BE3B
:108550002DE9F04184B08846164602A903AA1D46BB
:10856000FCF770FDD8B1029BDB6AC3B104460398E7
:108570004FF0FF324FF0FF3310F06EFC0A9B029F6A
:10858000009332462B4641462046FC6AA0470446EB
:10859000039810F0E7FC204604B0BDE8F08101F03C
:1085A00003F809234FF0FF340360F4E7014B186030
:1085B000704700BF7C2E032010B4034C246824684D
:1085C000A44610BC604700BF7C2E0320014B1B68F3
:1085D0005B6818477C2E032001222DE9F0432B4EC7
:1085E0002B4B357D85B005F01F018A40D0436909CA
:1085F00003EB8103D3E8EF1F01EA0004C3E8E74F70
:10860000002FF7D1114238D0DFF88C9005EB4503ED
:10861000DFF888C009EB830301AC93E807006F0023
:1086200084E80700BCF1000F2AD0FEF747F84FF0AE
:108630002003EFF3118883F31288BFF36F8F154B7C
:108640001C68002C38BF002454B1A2682AB1337DC5
:1086500003EB430319F8230090472468002CF4D15E
:1086600088F31188BFF36F8F00233D44AA0009EB04
:10867000850549F80230C5E9013305B0BDE8F0834E
:108680008CF31188BFF36F8FD1E700BF543F0320F5
:10869000882E0320802E03208C2E0320BD6601002F
:1086A0002DE9F04F01248346DFF83C91484E99F8BC
:1086B00014708BB07B0907F01F0294404FEA830AC5
:1086C00006EB8306D6E8EF3F43EA0402C6E8E12F53
:1086D0000029F7D123423F4D6CD04FEA470808EB01
:1086E000070315F8230005EB8303002845D0BBF1F1
:1086F000FF3F4DD111F07CF84FF02003EFF31182D2
:1087000083F31288BFF36F8F334B01921B68002BEA
:1087100038BF00239B4673B1DBF8041031B199F8E0
:10872000142002EB420215F822008847DBF800B063
:10873000BBF1000FF0D1019B83F31188BFF36F8F62
:10874000264B9A44DAE8EF3F2343CAE8E23F002A87
:10875000F8D14744DFF894C005EB870507AB95E8EF
:10876000070083E80700BCF1000F01D0FDF792FF7E
:10877000FFF732FF11F0C0FA0120E443D6E8EF3FE3
:108780002340C6E8E23F002AF8D10BB0BDE8F08FE5
:108790004FF4004C0021D3F808E011480023ECFB13
:1087A0000E01104AF8F7B4FC0121ABEB000011F008
:1087B00093FD9FE75A46394602A807EB470800F0A9
:1087C00017F805EB880802A807C888E8070084E7BF
:1087D000982E03208C2E0320802E0320882E032029
:1087E0003F420F0040420F00543F032095660100B6
:1087F0000022C0E900228260704700BF08B510F077
:10880000F7FFBDE80840014800F064BC9C2E03203F
:1088100008B5034800F060FCBDE8084011F06CBAF0
:108820009C2E032010B50FB4FFF7E8FF0FBCF7F73D
:10883000DBFB0FB4FFF7ECFF0FBC10BD01491022AA
:108840000A60704710ED00E072B6404080F3118876
:10885000BFF36F8FBFF34F8F30BF62B6BFF36F8F21
:10886000704700BF72B6494081F3118820BF80F382
:10887000118862B6704700BF30B50546124A134CE6
:1088800083B0A41AE408A40144F001048368ADF89D
:108890000040D0E900120E48FEF714F9ADF8004090
:1088A000D5E90423E9680B48FEF70CF92246E9698B
:1088B0000948FEF7CBF92246A969084803B0BDE88C
:1088C0003040FEF7C3B900BF64F40200F4F40200C4
:1088D000000403003004030060040300700403007C
:1088E00038B505460C4611B10846FFF7C5FF2146CD
:1088F0002846BDE838400FF06DBF00BF38B50446CC
:108900000568FFF7B9FF21462846BDE838400FF05B
:1089100061BF00BF43B2002B08DB0122044900F015
:108920001F005B0902FA00F041F82300704700BF06
:1089300000E100E043B2002B0DDB012206495B0998
:1089400000F01F00203302FA00F041F82300BFF3CB
:108950004F8FBFF36F8F704700E100E00123054A9E
:10896000410952F8212000F01F0003FA00F01040E6
:10897000704700BF00E100E043B2002B01F10101AC
:1089800008DB490103F16043C9B203F5614383F891
:1089900000137047034B00F00F004901C9B20344B4
:1089A00019767047FCEC00E000210120FFF798BF2A
:1089B00008B572B6054B9A690AB962B608BD0022BD
:1089C0009A6110F023FA62B608BD00BF543F03203D
:1089D00008B500F005F8BDE8084000F0D7B800BFC2
:1089E00030BFFFF7FDBF00BF0F4A08B50F4B22F0A5
:1089F0007F029A60BFF34F8FBFF36F8FD3F8882049
:108A000022F47002C3F88820EFF3148323F00403E8
:108A100083F31488BFF36F8F0FF086FF11F030FBE4
:108A200000F05CFB0FF08AFF0000010000ED00E0A9
:108A30000A4A0B4910B493680C680A49C3E91E043A
:108A40004B68002043F080534B6080F31188BFF3E4
:108A50006F8F936810BCD86F704700BF543F0320DE
:108A6000A42E030000ED00E013498A684FF03000A7
:108A70001044EFF3098C80E8F01F202080F3128867
:108A8000BFF36F8F0D4F4FF00066CA698A603E607A
:108A9000906F0023936780F3118802F1300090E813
:108AA000F01F8CF3098802F1000004B500F036F8DD
:108AB000BDE8044070470000543F032004ED00E08F
:108AC0001EF0040F0CBFEFF30880EFF309808169FB
:108AD00011F8021C0229FFD001B5FFF70FFF01BDFD
:108AE00070B44FF0807500240B4942F8203C21F00F
:108AF0000101049B42F8081C039E059942F8183CAA
:108B0000A2F1200342F81C6C42F8045C42F8141CE9
:108B10008467036570BC7047A5560100836E83F3BC
:108B20000B887047084B9860836E83F30B88104660
:108B300081F30988002163B681F31188BFF36F8F39
:108B400000220023FCF7AEFD543F032001B572B6AE
:108B50000B4A906900281EBF0021916110F056F960
:108B600062B6EFF30580A0F110004FEAC00005499E
:108B7000014409C99847BDE801400349084700007E
:108B8000543F032050F202008D8B0100044B996882
:108B9000D869884203D003494FF080520A60704779
:108BA000543F032004ED00E038B5374B374C3848CC
:108BB000E41AE408A40144F001052946FEF78CF903
:108BC000344B9B6A9B0121D4324B9B6ADD0125D437
:108BD000304B9D6A15F480152AD12E4B9B6A1803E1
:108BE00030D42C4B9B6A590335D42A4B9B6A9A0389
:108BF0003AD4284B9B6ADB033FD4264A2846936A23
:108C00006FEA03436FEA1343936238BD2946224853
:108C1000FEF762F91F4B9B6ADD01D9D51F4844F06E
:108C20000101FEF759F91B4B9D6A15F48015D4D04C
:108C30001B4844F00101FEF74FF9164B02259B6AD1
:108C40001803CED544F001011648FEF745F9114B43
:108C50009B6A5903C9D5144844F00101FEF73CF959
:108C60000C4B9B6A9A03C4D5104844F00101FEF7EF
:108C700033F9084B9B6ADB03BFD50D4844F0010173
:108C8000FEF72AF9B9E700BF64F40200F4F4020029
:108C9000A004030000ED00E0B8040300CC040300CE
:108CA000E804030014050300340503005C05030019
:108CB000780503002DE9F041304B314C0646E41AAB
:108CC000E408A40144F001072E480D463946FEF79A
:108CD00003F92D4B9B6AD8061DD42B4B9B6A1907B1
:108CE00021D4294FBB6A9A0726D4274B9B6AD80701
:108CF0003DD4254B9B6A990633D40020224B9A6AB7
:108D0000D206214A58BF9B6A936A43F0FF039362DD
:108D10002870BDE8F08139461C48FEF7DDF81A4B93
:108D20009B6A1907DDD5184F194844F00101FEF779
:108D3000D3F8BB6A9A07D8D544F0010841461548D4
:108D4000FEF7CAF8796BBB6A1B06CED542461248BD
:108D5000FDF77CFF002EC8D0BB6A23F08003BB6206
:108D6000C3E70E4844F00101FEF7B6F8C5E70C482A
:108D700044F00101FEF7B0F8BBE700BF64F4020065
:108D8000F4F40200A405030000ED00E0BC050300BC
:108D9000F0050300040603001C060300540603004C
:108DA000340603002DE9F0412F4B304C0646E41AFF
:108DB000E408A40144F001070D462D483946FEF7AA
:108DC0008BF82C4B9B6AD90448D42A4B9B6A1A0512
:108DD0003ED4284FBB6A9B0525D4264B9B6A590578
:108DE0001BD4244B9A6AD20511D49B6A9B0408D4E5
:108DF0000020204A936A43F47F4393622870BDE8C1
:108E0000F0811D4844F00101FEF766F8F0E71B48C9
:108E100044F00101FEF760F8EAE7194844F0010167
:108E2000FEF75AF8DDE744F0010841461548FEF721
:108E300053F8B96BBB6A1804CFD542461248FDF708
:108E400005FF002EC9D0BB6A23F40043BB62C4E710
:108E50000E4844F00101FEF73FF8BAE739460C48E6
:108E6000FEF73AF8B1E700BF64F40200F4F4020040
:108E70008406030000ED00E0540603000007030031
:108E8000E4060300B0060300CC060300F00503006F
:108E90009C0603002DE9F041744B15465F688AB0CB
:108EA0000023C7F3080683F31188BFF36F8F02F026
:108EB0007F42B2F17F4F15D1EC0713D46A0680468A
:108EC0000C4630D42B072BD500250022F31E8DF83D
:108ED0000720092B09D8DFE803F06E675450080813
:108EE0000808085B1D461C46EFE7614A614B624873
:108EF0009B1ADB0817F4F87F4FEA83135F49A6F14A
:108F0000100218BF014643F001035D48FDF770FFF2
:108F100000279DF80730002B67D00AB0BDE8F0812C
:108F200004460125D1E7524B52495648C91AC9088F
:108F3000890141F00101FDF7CFFF15F00405C3D110
:108F40004446C2E731465048FDF7C6FF4DF602736E
:108F5000A26932F8022C9A427AD003F1604303F6F8
:108F600026631B78002B6CD1484B1B78002B76D1E5
:108F7000474B188887B2002FCBD0FFF715FE074666
:108F8000C7E700200DF10701FFF70CFF0746C0E718
:108F9000374B38493F48C91AC908890141F00101D6
:108FA000FDF79AFF0027B4E700200DF10701FFF756
:108FB00081FE0746ADE700272D4B2E4E3648F61AA8
:108FC000F608B60146F001063146FDF785FF274B4E
:108FD0008DF80770D86A10F0020827D1DA6A002AE3
:108FE00029DBDF6A17F08047ACD120686168A2688E
:108FF000E36802AE0FC6E36920696169A2690FC622
:10900000099B6DB1C3F3080240F2FF110AB90B438B
:109010000993384602A9FFF763FC0AB0BDE8F08166
:1090200023F4FF7323F001030993F2E731461B4851
:10903000FDF752FF6DE731461948FDF74DFF4746F2
:1090400067E701200DF10701FFF734FE074660E7EF
:10905000324621681348FDF7F9FD276859E70120DA
:109060000DF10701FFF79EFE074652E700ED00E015
:1090700064F40200F4F4020000080300E8070300AF
:109080001C080300180703008807030029ED00E00F
:109090002AED00E0C40703003C0703005407030067
:1090A00078070300A8070300044B5A6942F0100236
:1090B0005A615A6942F480625A61704700ED00E0DB
:1090C000EFF30880EFF3098101B57246FFF7E2FE86
:1090D00001BD00BF704700BF704700BF00232020C4
:1090E0000349CA180133412B82F80003F9D17047B4
:1090F00000E100E015F0E2FF202080F3118808482D
:109100004FF40061401880F30988EFF314800221C6
:10911000084380F31488BFF36F8FFFF765FC0000EE
:10912000E0660320BFF34F8F0549064BCA6802F47F
:10913000E0621343CB60BFF34F8F00BFFDE700BF7A
:1091400000ED00E00400FA05084B9B68834201D063
:1091500010F0DEBEEFF30583002BF9D0044A53680C
:1091600043F08053536010F0D3BE00BF543F032040
:1091700000ED00E040E800F010F4803FC0B208BF0E
:109180006FF01500704700BF10B50A4C84B023463D
:109190000121094A094800F031F90022084B012158
:1091A000E41A01A8CDE90134039200F031F904B0CA
:1091B00010BD00BF0000042000C5002034080300DB
:1091C000E0CE00200F28024638B513D80C7ACB68C1
:1091D0000968650923F01F0304F01F0443EA4503EF
:1091E00021F01F010A4D43F001032143A860E9600B
:1091F0002B6138BD074B084811461A1AD208920154
:10920000064842F00102FDF721FD6FF0150038BD60
:1092100090ED00E0DCF4020064F40200400803007A
:1092200030B5D1E900520B89541E897A25F01F020E
:1092300085B0224403F01F0343EA411322F01F02CA
:109240006946009503928DF80830FFF7BBFF05B023
:1092500030BD00BF2DE9F04F164685B0C9B10446B8
:109260000F464FF00008DFF890916568002D7FD021
:109270001F2D01D9EB0610D05B4B5C4A4146D21A38
:10928000D20892015A4842F00102FDF7DFFC6FF06C
:109290001506304605B0BDE8F08FD4F800A01AF0EE
:1092A0001F0FE9D15046FFF765FF034605EB0A00A3
:1092B00001381D46FFF75EFF85427ED115F1160F7E
:1092C00000F08F80731EAB42C0F28B80C9F808504B
:1092D000D9F80C10C9F80850D9F8100021F01F0176
:1092E000D4E900321A44994202F1FF3B40F01F0AD0
:1092F0004ED0C9F80850D9F81020013B23F01F03C5
:1093000002F01F021343DA452146F0B2C9F81030CB
:1093100036D0FFF785FF10F1160F36D0C9F8085088
:10932000D9F80C509DF80810D4E9003265F3040117
:109330008DF808101A44D9F8101022F01F030AF112
:10934000FF3A9DF80850534449080130A3EB0B0B3A
:109350002BF01F0361F34715C0B2694603930092D7
:109360008DF80850FFF72EFF10F1160F0DD0461C98
:1093700008F10108B84504F10C047FF476AF88E7E2
:10938000FFF74EFF10F1160FF1D16FF0150680E7D1
:10939000DA4521D0C9F80850D9F80C3022F01F0264
:1093A00003F01F031A432146F0B2C9F80C20FFF75F
:1093B00037FF10F1160FDAD1E7E76FF015010B4B0D
:1093C000094A0C489A1AD208920142F00102FDF7AC
:1093D0003DFC6FF015065CE72146E8B2FFF720FF81
:1093E000C6E72946EBE700BF64F40200DCF40200A4
:1093F000680803008C08030090ED00E010B5034CF2
:109400002278FFF727FF207010BD00BFC03F032068
:1094100000294ED02DE9F04F894606464FF000084E
:10942000244CDFF89CA0244F83B025E015F1160FE3
:1094300044F8045C3AD09AF80030AB4236DDBD60A7
:10944000BD60FA68237A62F3040323723B69227ACF
:109450005B0863F347122272FB6823F01F0323604B
:109460003B6923F01F03E36008F10108C84506F1DA
:109470000C0604F1140419DAD6F804B0BBF1000F9D
:10948000F2D0336818460193FFF774FE019B05463E
:109490000BEB03000138FFF76DFE8542C6D06FF07D
:1094A0001502064B08EB880843F8282003B0BDE8F6
:1094B000F08F7047282F032090ED00E0242F032029
:1094C000C03F03201B4BF0B41F68102F2ED8BFF3F2
:1094D0005F8F0024184D194A6C602A6327B35968BE
:1094E000087ACB680A68460923F01F03AC6000F0D5
:1094F0001F0043EA460322F01F02013443F0010338
:109500000243BC42EA6001F110012B61E8D1E4B2F0
:1095100005220B49084B0C705A60BFF34F8FBFF305
:109520006F8F0020F0BC70473C46F1E74FF0FF30F2
:10953000F8E700BFE008030090ED00E0AAFF440058
:10954000C03F0320002070474FF0FF30704700BF3E
:10955000014B1860704700BF6CC8002030B4084C45
:10956000084D2368C5F10051C21801F580218A42D7
:1095700036BF58194FF0FF30226030BC704700BF33
:10958000382F032010C503204FF0FF324FF0FF3378
:109590000FF01EBE4FF0FF324FF0FF330FF05CBCF8
:1095A0000FF0ECBD0FF0DEBC0FF00EB908B50C4C9F
:1095B0002A200C4D04F11C0607E020780A2803D16C
:1095C0000D202B689847207801342B689847B442C7
:1095D000F3D1404080F311884FF0030002DF00BF59
:1095E000B10803006CC800202DE9F04F834683B01A
:1095F000084688469246CDF804B0F7F7D7FF814673
:10960000254F4FF0FF324FF0FF3324480FF024FC7A
:109610003C68BC4235D0A4B30026B34601E02468C0
:10962000BCB1A569B54211D3A9450FD3012D04D909
:1096300018F805202F2A00D042B92A464046E16892
:1096400014F0A1FF002804BF2E46A3467A68A24268
:10965000E5D112480FF086FCBBF1000F19D0019B39
:10966000C3F800B0BAF1000F07D00020DBF81830C3
:10967000CAF8003003B0BDE8F08F504603B0BDE833
:10968000F08F06480FF06EFC6FF0010003B0BDE8EC
:10969000F08F6FF00100EDE73C2F0320442F0320F3
:1096A00008B504480FF0D0FB034B0020C3E900339A
:1096B00008BD00BF442F03203C2F0320F0B583B02A
:1096C00000294DD00546084616460F46F7F76EFFAF
:1096D000012845D93B782F2B42D16A68002A3CD11A
:1096E000394601A8FFF780FF041E19DB019B93F8A0
:1096F000202092070ED4DA691468002C3DD0394638
:10970000324628466B60A047041E16DB2E722046A8
:1097100003B0F0BD16F0120FEDD06FF01D04F6E7A8
:10972000174B18491848C91AC908890141F00101A5
:10973000FDF7D2FB204603B0F0BD114B114A214684
:10974000D21AD2089201114842F00102FDF77EFAC6
:10975000002320466B6003B0F0BD6FF00F04D6E726
:10976000074B08490A48C91AC908890141F0010193
:10977000FDF7B2FB6FF01504C9E76FF08504C6E78B
:1097800064F402008CF402001C0903003409030095
:109790000809030038B5446844B1E369DB69A3B143
:1097A00005469847041E03DB00236B60204638BD46
:1097B000074B084A2146D21AD2089201064842F0C5
:1097C0000102FDF743FA204638BD6FF08504EDE74E
:1097D00064F402008CF402004C090300436810B5E5
:1097E000BBB1DB695B688BB19847041E01DB204687
:1097F00010BD094B094A2146D21AD20892010848E5
:1098000042F00102FDF722FA204610BD6FF08504F8
:10981000EDE76FF00804EAE764F402008CF402005C
:1098200064090300436810B5BBB1DB699B688BB169
:109830009847041E01DB204610BD094B094A21460A
:10984000D21AD2089201084842F00102FDF7FEF94F
:10985000204610BD6FF08504EDE76FF00804EAE7DD
:1098600064F402008CF402007C090300436810B524
:10987000BBB1DB69DB688BB19847041E01DB204676
:1098800010BD094B094A2146D21AD2089201084854
:1098900042F00102FDF7DAF9204610BD6FF08504B1
:1098A000EDE76FF00804EAE764F402008CF40200CC
:1098B0009409030030B583B0002838D00546F7F787
:1098C00075FE012833D92B782F2B30D10022294661
:1098D00001A8FFF789FE041E1CDB019890F82030D8
:1098E0009B0731D4C369DB6B8BB329469847041EB1
:1098F00002DB204603B030BD164B174A2146D21A70
:10990000D2089201154842F00102FDF79FF9204666
:1099100003B030BD0F4B10491148C91AC90889015D
:1099200041F00101FDF7D8FA204603B030BD094BE4
:1099300009490C48C91AC908890141F00101FDF71C
:10994000CBFA6FF01504D4E76FF01D04D1E76FF088
:109950008504CEE764F402008CF40200E8090300F9
:109960001C090300AC09030030B583B0002838D0CF
:109970000546F7F71BFE012833D92B782F2B30D162
:109980000022294601A8FFF72FFE041E1CDB0198C8
:1099900090F820309B0731D4C3695B6B8BB32946A9
:1099A0009847041E02DB204603B030BD164B174A11
:1099B0002146D21AD2089201154842F00102FDF761
:1099C00045F9204603B030BD0F4B10491148C91A64
:1099D000C908890141F00101FDF77EFA204603B074
:1099E00030BD094B09490C48C91AC908890141F021
:1099F0000101FDF771FA6FF01504D4E76FF01D0453
:109A0000D1E76FF08504CEE764F402008CF4020025
:109A1000080A03001C0903000809030070B582B09E
:109A200000284DD00E460546F7F7C0FD012847D95E
:109A30002B782F2B44D1002E42D03046F7F7B6FDBD
:109A400001283DD933782F2B3AD12946684601AAFF
:109A5000FFF7CAFD041E26DB009B93F820309B070E
:109A60003BD431462846019A14F08DFD002837D1A9
:109A70000098C3699B6B002B36D032462946984725
:109A8000041E02DB204602B070BD194B194A214664
:109A9000D21AD2089201184842F00102FDF7D6F816
:109AA000204602B070BD124B12491448C91AC908A9
:109AB000890141F00101FDF70FFA204602B070BDA7
:109AC0000C490B4B0E48C91AC908890141F0010124
:109AD000FDF702FA6FF01504D4E76FF01D04D1E72B
:109AE0000449034B0748EEE76FF08504CAE700BF5F
:109AF00064F402008CF402003C0A03001C09030019
:109B000008090300240A030070B582B000283AD087
:109B10000E460546F7F74AFD012834D92B782F2B3E
:109B200031D10022294601A8FFF75EFD041E1DDB8E
:109B30000198C3691B6C002B32D0324629469847E6
:109B4000831C044601D0002802DB204602B070BD11
:109B5000154B164A0146D21AD2089201144842F017
:109B60000102FDF773F8204602B070BD0E4B0F499D
:109B70001048C91AC908890141F00101FDF7ACF983
:109B8000204602B070BD084B08490B48C91AC908E5
:109B9000890141F00101FDF79FF96FF01504D4E749
:109BA0006FF08504D1E700BF64F402008CF402007A
:109BB0007C0A03001C090300600A03002DE9F04140
:109BC000002800F0A2800546C068002800F09D80B3
:109BD000F7F7ECFC0128064640F28A80EB681B7818
:109BE0002F2B40F085804B4F4FF0FF324FF0FF336B
:109BF00049480FF031F93C68BC4222D02CB920E032
:109C00007B689C421DD02468DCB1A369B342F7D1C4
:109C10003246E168E86814F0B6FC0028F0D13F4B0A
:109C20003F494048C91AC908890141F00101FDF7BF
:109C300053F96FF00F0838480FF094F94046BDE82B
:109C4000F081394BA9685C6814B11A68914211D04F
:109C5000DC6814B19B6899420CD0304B30493348D2
:109C6000C91AC908890141F00101FDF735F96FF002
:109C70000108E0E7E36A73B3226B62B128469847B4
:109C8000B0F100081BDB7B68C5E90664C5E9007319
:109C90001D607D60CFE7224B204AE868A3EB0208F5
:109CA000FDF708FA4FEAD8084FEA881848F002088A
:109CB000014642461E48FCF7C9FFE36ADEE7174B40
:109CC000174A4146D21AD20892011A4842F00102BC
:109CD000FCF7BCFFAFE7124B104A17489A1AD2089C
:109CE000920142F00102FCF7B1FF6FF08508A2E794
:109CF0000B490A4B1148C91AC908890141F00101F1
:109D0000FDF7EAF86FF0150898E70549034B0C4892
:109D1000F1E700BF3C2F0320442F032064F402002E
:109D20008CF40200D80A0300582F0320F80A03001D
:109D30004C0B0300700B0300240B0300C00A03004C
:109D4000A00A030038B504460D464FF0FF324FF02D
:109D5000FF3317480FF080F8164B5A68C2B11A68E3
:109D600094421DD0DA685AB19B689C420CBF6FF0D8
:109D700077046FF01B040E480FF0F4F8204638BD4E
:109D8000012103EBC10243F8314055600024F2E7A2
:109D9000D9680029F5D09968A14218BF1146F0D1C1
:109DA0006FF0770402480FF0DDF8204638BD00BFA1
:109DB000442F0320582F032003685869704700BFC1
:109DC00000200149FFF7BEBFD80B0300002330B5C8
:109DD000C06883B0144601306A4601A9019309F0B6
:109DE00041FA68B94FF40075009B01995A899B6943
:109DF0005202023BC4E901232560E16003B030BD9B
:109E00006FF00400FAE700BF08B5481C09F046FBF4
:109E1000132896BF024B6FF0040053F8200008BDD2
:109E2000880B030008B5481C09F0E6FA132896BF12
:109E3000024B6FF0040053F8200008BD880B0300AC
:109E400030B5541CC7B00D462046694609F0E8F904
:109E500018B9204609F0D0FA18B92146681C09F053
:109E6000F7FB132804D8044B53F8200047B030BD4B
:109E70006FF0040047B030BD880B03000022C168BA
:109E800008B51046013108F0C3FD132896BF034BF7
:109E90006FF0040053F8200008BD00BF880B0300DA
:109EA00070B501220446D0E90310ADF5047D0131FF
:109EB00008F0AEFD0D2809D008BB94F8203043F01F
:109EC000080384F820300DF5047D70BD94F820302F
:109ED0009A0724D4DB0704D56FF012000DF5047D3A
:109EE00070BD6D460F4BE6680FCB85E80F00294625
:109EF0004FF40073701C04AA09F062FC40B11328EF
:109F000088BF6FF00400DED8074B53F82000DAE773
:109F10000122E1682069114408F07AFDCCE76FF076
:109F20001D00D0E7A4F50200880B030038B50446F5
:109F3000006809F049F90546214605480EF080FE03
:109F4000132D96BF034B6FF0040053F8250038BD66
:109F500038CD0020880B030038B50446006809F0AE
:109F60004FF82146054606480EF06AFE0023132DE1
:109F7000236096BF034B6FF0040053F8250038BDF3
:109F800054CD0020880B030008B5006808F0F2FFEC
:109F9000132896BF024B6FF0040053F8200008BD51
:109FA000880B0300012A08B519D0022A03D02AB170
:109FB0006FF0150008BD0368DB6819440029F7DB62
:109FC0000068C3688B42F3D309F02CF8132802D938
:109FD0006FF0040008BD044B53F8200008BD03686F
:109FE0005B691944EAE700BF880B0300F0B504463B
:109FF000006883B00E46C76809F014F850BBB7423A
:10A000003D46206809DD09F0ABF9132803461DDC45
:10A01000154A52F8230003B0F0BD3946466909F0ED
:10A0200001F8B8B9B7428DF8030002DBF3E7AE429E
:10A0300017DD0122206801AB0DF1030108F0BAFE23
:10A0400001350028F3D013280346E1DD6FF004004A
:10A0500003B0F0BD1328F9D8034B53F8200003B028
:10A06000F0BD0346D4E700BF880B030070B5037A48
:10A0700004469B060D461646006882B004D5C168AA
:10A0800008F0D0FF48B920683246294601AB08F0F5
:10A0900091FE10B9019802B070BD132803DD6FF076
:10A0A000040002B070BD024B53F8200002B070BD36
:10A0B000880B030000B583B0006801AB08F0D2FD47
:10A0C00018B9019803B05DF804FB132804D96FF0A8
:10A0D000040003B05DF804FB024B53F8200003B00A
:10A0E0005DF804FB880B030030B5C7B0481C694617
:10A0F000154609F095F8044690B928469DF80830B1
:10A100000DF11601C3F3001300F8013B14F017FA28
:10A11000009BC5F80431064B53F8240047B030BD0E
:10A12000132888BF6FF00400F5D947B030BD00BFD9
:10A13000880B030010B5C6B00C460068694609F0EC
:10A140004DF860B90DF11601601C14F0F8F9637850
:10A1500063B900200A4B53F8200046B010BD132805
:10A1600088BF6FF00400F5D946B010BD9DF80830E7
:10A17000009AC3F300132370C4F80421E9E700BF79
:10A18000880B030070B582B006460D4600220023FE
:10A19000124801A90EF022FDE8B90146302204461A
:10A1A000019814F075F80198691C306008F0C8FF38
:10A1B000054620B90A4B53F8250002B070BD074888
:10A1C00001A90EF03DFD132D88BF6FF0040034602F
:10A1D000F0D902B070BD6FF00B00EEE738CD002073
:10A1E000880B0300F0B583B006460D4617460023E2
:10A1F0000022144801A90EF0F1FCF8B9014628220A
:10A200000446019814F044F80198691C07F0130201
:10A21000306008F025FC054620B90B4B53F82500AB
:10A2200003B0F0BD074801A90EF00AFD132D88BF49
:10A230006FF004003460F0D903B0F0BD6FF00B0094
:10A24000EEE700BF54CD0020880B030008B500F0F6
:10A250004DF800F073F8002008BD00BF38B5054682
:10A260004FF0FF324FF0FF331F480EF0F5FD2DB1D8
:10A270002B680C33D3E8AF3FDB0731D42A68937ED9
:10A28000FBB954683CB1A4682CB101212846A04711
:10A29000041E11DB2A680C32D2E8EF3F43F00103C1
:10A2A000C2E8E13F0029F7D12B682BB15B681BB1F5
:10A2B000DB680BB1284698470B480EF053FE20464A
:10A2C00038BD0C32D2E8EF3F43F00103C2E8E13F72
:10A2D0000029F7D1002404480EF044FE204638BD82
:10A2E0006FF07704E8E700BF24CE002038B5104CAB
:10A2F000104D4FF0FF324FF0FF330F480EF0ACFD22
:10A30000AC4210D2013D2D1B25F00305231D1D4439
:10A31000236820461B6804349B6813B11B6803B193
:10A320009847AC42F4D1BDE8384003480EF01ABE5D
:10A33000C0CE0020C4CE002024CE002038B50D4C65
:10A340000D4DAC4214D2013D2D1B25F00305231DFC
:10A350001D4401E0AC420BD02046043403680C33AA
:10A36000D3E8AF3F1B07F5D4FFF778FFAC42F3D13A
:10A3700038BD00BFC0CE0020C4CE0020012302465D
:10A3800070B50C4E8AB002AD01AC039305930793F0
:10A39000099306AB006851680296049506940893E9
:10A3A000836804AA1C6808ABA04708B99DF804009C
:10A3B0000AB070BDE00C030003691B69187C70478C
:10A3C00038B50446056907480EF0BEF90122286039
:10A3D00061682369044859601A740461FDF71AFE24
:10A3E000002038BD280C030070C8002070B541F073
:10A3F000400186B0C2F307230446160C150E8DF8F3
:10A4000004208DF800100522694600208DF80150C7
:10A410008DF803308DF80260FAF7BEFD01220625A3
:10A42000104302AB8DF80500CDE90432D4E90001F8
:10A43000CDF808D00395836804AA1C680023A047C0
:10A4400006B070BDF8B504460FF0F6FF00264501D2
:10A450004B012A1A43EAD06363EB010395009B008A
:10A4600043EA92732A1843EB0101C900D30041EA81
:10A470005271DA0B42EA414202F5FA752046FFF7C3
:10A480007DFF00280DDB0DD0FF2809D02046FFF707
:10A4900075FF002805DBFF2818BF6FF0460000D1CC
:10A4A0000020F8BD0FF0C8FF132E4FEA41134FEA0A
:10A4B000401743EAD06316DD3A1A63EB01039B00B1
:10A4C000970043EA92733A1843EB0101C900D300A5
:10A4D00041EA5271DA0B42EA4142AA1A002A05DA2D
:10A4E0006FF07300F8BD013636B2C7E70FF048FCD5
:10A4F000C4E700BF30B40469012324690F48257CF8
:10A5000002E010F8023F0BB1AB43FAD14078404271
:10A5100048B90139042904D8DFE801F00C07030722
:10A5200005006FF0150030BC70474FF4007330BC6D
:10A5300013607047E36830BC13607047D80C0300A9
:10A540002DE9F04F05468BB0894616460FF074FF93
:10A55000002742014B01141A43EAD06363EB010365
:10A560009B00A20043EA9473141843EB0101C90055
:10A57000E30041EA5471DC0B44EA414404F5FA7407
:10A580002846FFF7FBFEFF28804638D10FF054FF26
:10A59000132F4FEA411C4FEA40124CEAD06C26DDE3
:10A5A000131A6CEB010292004FEA830C42EA937299
:10A5B0001CEB000342EB0101C900DA0041EA5371D0
:10A5C000D30B43EA4143E31A002B64DA374B384A92
:10A5D0004146D21AD2089201364842F00202FCF7F4
:10A5E00035FB6FF0730840460BB0BDE8F08F28468E
:10A5F000FFF7C4FE0137FF2880463FB2C6D00028CF
:10A60000F1DBFE284FD1002401270DF1080A0DF1DE
:10A61000180B331B402B28BF4023274909EB0402AA
:10A620000291CDE904A7D5E90001CDE908B7CDE94C
:10A6300006230393836804AAD3F8008008ABC047BD
:10A64000403458BBA642E4DC0323D5E900011A4A92
:10A65000CDE904A7029201AACDE908B7CDE9062306
:10A660000393846808AB246804AAA04780460028A6
:10A67000B9D19DF804309DF805403246494644EA78
:10A680000324FAF773FC844218BF6FF08908404630
:10A690000BB0BDE8F08F0FF073FB71E780464046CA
:10A6A0000BB0BDE8F08F6FF004089CE764F4020083
:10A6B00014F50200300C0300E00C0300F8B5064668
:10A6C0000FF0BAFE002542014B01141A43EAD06391
:10A6D00063EB01039B00A20043EA9473141843EB5D
:10A6E0000101C900E30041EA5471DC0B44EA414432
:10A6F00004F5FA743046FFF741FE002821DB03061B
:10A700001FD50FF099FE132D4FEA41134FEA401762
:10A7100043EAD06316DD3A1A63EB01039B0097000E
:10A7200043EA92733A1843EB0101C900D30041EAAE
:10A730005271DA0B42EA4142A21A002A05DA6FF09E
:10A740007300F8BD01352DB2D4E70FF019FBD1E746
:10A7500070B505460E46FFF749FE044608B120468F
:10A7600070BD2846FFF7AAFF192E044603D80449F6
:10A77000F140CB07F3D42846FFF700FE204670BD1A
:10A780000006060308B5FFF7E3FF002809DB4023B6
:10A79000044A02E012F8023F0BB18343FAD1507829
:10A7A000404208BD200D03002DE9F04F0446007A19
:10A7B0000D461F4687B000B9520219212046FFF707
:10A7C000E1FFB0F1000B66DB002F59D0B94601263E
:10A7D0002F460DF1040A0DF108086FF00303D4E9C8
:10A7E0000001CDE902A6CDE904868DF80430836826
:10A7F00004AA1D680023A847054600284AD1D4E9C9
:10A8000000014FF4007BCDE904860297CDF80CB02F
:10A8100082682B46156804AAA8470546002839D146
:10A8200039465A46FAF7A2FB022340BAADF80400B3
:10A83000CDE90486D4E90001CDF808A0039382682D
:10A840002B46156804AAA847054618BB2046FFF703
:10A8500095FD051E1EDB0E23134A02E012F8023F8F
:10A860000BB1AB43FAD1507845429DB92046FFF772
:10A87000E9FD054670B9B9F1010907F50077ACD1DA
:10A8800000220C212046FFF7B1FD2046FFF7DAFD3C
:10A89000834600E0AB46D4E9000183685B689847D3
:10A8A000584607B0BDE8F08FD00C0300F8B5074656
:10A8B000007A0D461E4600B9520212213846FFF7B3
:10A8C00061FF044670B916B913E0013E11D0294664
:10A8D0004FF400723846FFF733FE05F50075044665
:10A8E0000028F2D0D7E9000183685B6898472046CA
:10A8F000F8BD00220C213846FFF744FF3846FFF729
:10A90000A1FD0446EEE700BFF0B58BB00F4604464C
:10A91000FFF7D4FE04220123DFF85CC002AD0392EE
:10A92000079205936A44099306AB0646D4E90001F1
:10A93000CDF808C0049506920893836804AA1D68A0
:10A9400008ABA84705469DF805209DF804009DF832
:10A9500006109DF8073042EA002243EA012343EA49
:10A96000024320463B60FFF709FD002D14BF284637
:10A9700030460BB0F0BD00BFE00C03002DE9F04FF6
:10A98000044689B0002B00F09C8015464FF0FE0B6A
:10A990000F46D31800930DF10C0A237A002B34D103
:10A9A0006A0218212046FFF7EDFE031E22DBD4E9E0
:10A9B0000001012604ABCDE904A68DF80CB0079682
:10A9C0000693836806AAD3F800800023C047034695
:10A9D00080B9D4E900014FF4007804AACDE9062635
:10A9E0000497CDF814808268D2F8009006AAC84770
:10A9F000034660B1D4E90001009382685268904731
:10AA0000009B184609B0BDE8F08F2A46C9E74246C8
:10AA100039460190FAF7AAFA022240BA04ABADF81F
:10AA20000C00CDE90636D4E90001CDF810A005925E
:10AA30008668019B366806AAB04703460028D9D12C
:10AA40002046FFF79BFC031ED4DB0E22234902E0C5
:10AA500011F8022F0AB19A43FAD148784342002BE9
:10AA6000C8D12046FFF7EEFC03460028C2D10246BB
:10AA70000D212046FFF7BAFC03460028BAD1204634
:10AA8000FFF71CFE031E1EDB4022154902E011F8F1
:10AA9000022F0AB19A43FAD14878434220460193E3
:10AAA000FFF76CFC06462046FFF768FC019B002B75
:10AAB000A0D18EB9009B01359D4207F500777FF448
:10AAC0006CAF002396E720460093FFF757FC204623
:10AAD000FFF754FC009B8DE733468BE7D00C030057
:10AAE000200D03002DE9F0410C46016915460E6961
:10AAF0001F461B4A0123317C02E012F8023F0BB1D2
:10AB00008B43FAD15078404240B93B462A46214611
:10AB10003046FFF7CBFE08B9BDE8F08110F1740FA5
:10AB200004D0431D02D010F18A0FF5D100220D216F
:10AB30003046FFF727FE0123317C094A02E012F874
:10AB4000023F0BB18B43FAD1507840420028E3D149
:10AB50003B462A4621463046BDE8F041FFF7A6BEF7
:10AB6000D80C03002DE9F0411F460369022F1E692E
:10AB70000C4615464FF00103317C334A33D902E0CD
:10AB800012F8023F0BB18B43FAD15078404230B9F2
:10AB90003B462A4621463046FFF706FE78B310F1C1
:10ABA000740F04D0421D02D010F18A0F28D1002268
:10ABB0000D213046FFF7E6FD0123317C224A02E0F9
:10ABC00012F8023F0BB18B43FAD150784042B8B92A
:10ABD0003B462A4621463046BDE8F041FFF7E4BD3A
:10ABE00012F8023F0BB18B43FAD15078404248B97A
:10ABF0003B462A4621463046FFF7C0FE10B90020EA
:10AC0000BDE8F08110F1740F04D0431D02D010F1A3
:10AC10008A0FF5D100220D213046FFF7B3FD012345
:10AC2000317C094A02E012F8023F0BB18B43FAD1A2
:10AC3000507840420028E3D13B462A462146304620
:10AC4000BDE8F041FFF79ABED80C03002DE9F04FA4
:10AC50000127D0F8108091B0D8F81050D8F80430FF
:10AC60002F746B600FF0E8FB00264FF00A0A4201D8
:10AC70004B01141A43EAD06363EB01039B00A2006B
:10AC800043EA9473141843EB0101C900E30041EA5D
:10AC90005471DC0B44EA414404F59C5408340DF132
:10ACA0000809804BD5E90001CDE9023ACDE90697C4
:10ACB000836806AAD3F800B00023D847D5E900017D
:10ACC00083685B689847002228461146FFF740FDDD
:10ACD00000280CDB012842D04022734B02E013F81D
:10ACE000022F0AB18243FAD15B785B42BBB30FF00B
:10ACF000A3FB132E25DD4FEA411C4201131A4CEA37
:10AD0000D06C6CEB010292004FEA830C42EA937222
:10AD10001CEB000342EB0101C900DA0041EA537168
:10AD2000D30B43EA4143E31A002B12DA6FF0010719
:10AD3000D5E9000183685B689847384611B0BDE8E3
:10AD4000F08F013636B200214FF424700FF0B0F8C6
:10AD5000A7E700214FF424700FF0AAF8A1E74FF401
:10AD6000D57208212846FFF741FB824600286CD0A7
:10AD7000BAF1000F20DBBAF1010F0FD040234A4A8D
:10AD800002E012F8023F13B133EA0A03F9D192F854
:10AD900001A0CAF1000ABAF1000F0DD1069BDAB288
:10ADA000AA2A40F0818103F47063B3F5807F0CBF61
:10ADB0004FF0000A6FF0850A01223B212846FFF779
:10ADC000C7FC071EB4DB012F0BD04023364A02E03C
:10ADD00012F8023F0BB1BB43FAD150784742002F23
:10ADE000A6D1BAF1000F0CBF4FF080470027002218
:10ADF00037212846FFF7ACFC3A4629212846FFF7C1
:10AE0000C1FCC8B30FF018FB132E4FEA411C4FEAE8
:10AE100040124CEAD06C21DD131A6CEB0102920057
:10AE20004FEA830C42EA93721CEB000342EB0101F0
:10AE3000C900DA0041EA5371D30B43EA4143E31AF4
:10AE4000002B13DA6FF0730772E7284606A9FFF7A5
:10AE50005BFD8246BAF1000F8DDAADE7013636B2FE
:10AE600000214FF424700FF023F8C0E700214FF4C5
:10AE700024700FF01DF8BAE70190BAF1000F40F00E
:10AE8000DF8000223A212846FFF7B0FA18B9284699
:10AE900001A9FFF739FD0028C0F2CA804022024B09
:10AEA00007E000BFE00C0300200D030013F8022FA1
:10AEB0000AB18243FAD158784042002840F0B88065
:10AEC000019B002B1EDB0FF0B7FA132E40F3A88076
:10AED0004F014201131A47EAD06767EB0102920063
:10AEE0009F0042EA93723B1842EB0101C900DA006D
:10AEF00041EA5371D30B43EA4143E31A002B80F23A
:10AF00009980019B5B0040F19B8001232B72002202
:10AF100009212846FFF736FC074600287FF408AFD2
:10AF2000102249462846FFF70BFB074600287FF40E
:10AF3000FFAE9DF808309B0900F09280012B40F095
:10AF40008C8041F20F029DF80F109DF80E309DF895
:10AF5000100041EA03239DF8111041EA002141EA63
:10AF60000341C1F31501914277D901318902E960AA
:10AF70004F4B504C50481C1BE408A40144F0030400
:10AF80002246C90AFBF762FE00220A212846FFF783
:10AF9000F9FB074600287FF4CBAE4946102228462D
:10AFA000FFF7CEFA074600287FF4C2AE9DF81110D5
:10AFB0009DF813309DF812009DF8142040EA0120FE
:10AFC00042EA032242EA00429DF80A0023469DF825
:10AFD0000B609DF80C400F9208909DF80D209DF895
:10AFE0000E009DF808E09DF809C009960A949DF8A6
:10AFF0000F609DF810400B920C900A222F4806A972
:10B00000CDE90D64CDF818E0CDF81CC0FBF78CFE3F
:10B01000D8F80430D8F810200C335360177487E642
:10B02000013636B200214FF424700EF041FF28E7BC
:10B0300007467DE600214FF424700EF039FF20E72B
:10B0400000234FF40072102128462B72FFF79AFB61
:10B05000074600283FF45BAF6AE66FF0850767E6B6
:10B060009DF80D2002F00F02A2F10903022BF4D883
:10B070009DF811409DF810109DF80E609DF80F008E
:10B080009DF8123044EA012140EA062043EA0423F5
:10B0900041EA0041073AC3F3C213C1F38B311344B1
:10B0A00001319940E96063E76FF0010A84E600BF6F
:10B0B00014F5020064F40200500C03006C0C030051
:10B0C0000369C9B201EB410103EB8101086C00F097
:10B0D0000700704770B5C9B204694FF02003EFF361
:10B0E000118683F31288BFF36F8F01EB410304EBEA
:10B0F00083031D6C4B0015F0C00501D0AA420FD18F
:10B100000122194404EB81042264890086F311882A
:10B11000BFF36F8F436819444B689847002070BD98
:10B1200086F31188BFF36F8F4FF0FF3070BD00BF03
:10B130008022FFF7CFBF00BFF8B5069E0469C9B2F1
:10B140004FF02005EFF3118785F31288BFF36F8F5F
:10B1500001EB410104EB8104256C05F0070CBCF107
:10B16000010F0CD005F0C005AE4287F31188BFF384
:10B170006F8F0CBF6FF077004FF0FF30F8BD890084
:10B18000266487F31188BFF36F8FC4E90E234368E9
:10B190005B5898470020F8BD10B5802482B0009419
:10B1A000FFF7CAFF02B010BD094B70B5C31A0D46B8
:10B1B00008499B10044601FB03F140220648FFF7B3
:10B1C00089FF2B4601462046BDE87040184700BF66
:10B1D0008C2F0320B76DDBB690F102000069C9B275
:10B1E000C1EBC10100EB81000021104730B50546DD
:10B1F0000C4640200B4A0C49AA1A83B0921001FB5E
:10B2000002F100902346094A0948FFF795FF011E05
:10B2100001DB03B030BD2846234603B0BDE8304013
:10B22000184700BF8C2F0320B76DDBB6DDB10100DE
:10B2300090F10200002009F0B3B800BF074BD3E83B
:10B24000EF2F22F00201C3E8E01F0028F7D1D30757
:10B2500002D4012009F0D8B8704700BFDC2F0320CA
:10B26000002009F0D1B800BF10460DF087BF00BF25
:10B2700030B580230024012289B00093049402ABEE
:10B28000059206AC084ACDE90233CDE90644FFF742
:10B2900053FF002805DB4FF48042002302A80DF085
:10B2A00097FF09B030BD00BF69B2010070B5002240
:10B2B000012104460520FDF75FFB0520FDF72AFB71
:10B2C0000F4809F051F80F4B984215D109F05CF87E
:10B2D00025690D492846FAF779F900280BDB012684
:10B2E0002E642469084904F11C00FAF76FF900285C
:10B2F00001DB0020E66470BD6FF0040070BD00BF8C
:10B300005DB301000000AD0BC00D0300014600203D
:10B31000104B01EB410203EB820330B4D3E90E5230
:10B3200098634FF02004EFF3118084F31288BFF389
:10B330006F8F1C6C04F0C00444F002041C6480F3A2
:10B340001188BFF36F8F1DB12B4630BC02481847E0
:10B3500030BC70478C2F032090F1020020B10128EF
:10B3600001D1FFF7D3BF7047024B1B6C5B07F8D0CE
:10B37000704700BF8C2F03204FF02003EFF31181A3
:10B3800083F31288BFF36F8F174A136843F00200EC
:10B390001060DA0706D481F31188BFF36F8F0120A4
:10B3A00008F0FEBF114BD3F80C24D3F80C34D307AC
:10B3B000F1D54FF02003EFF3118083F31288BFF330
:10B3C0006F8F0B4A136C03F0C00343F00203136446
:10B3D00080F31188BFF36F8F81F31188BFF36F8FF4
:10B3E0000020FFF793BF00BFDC2F03200050004078
:10B3F0008C2F03202DE9F843012504463F4BD3E869
:10B40000EF2FC3E8E15F0029F9D122B1631E012BC0
:10B410000BD9BDE8F8833A493A484A60CA608D6062
:10B42000FAF7E8F8631E012BF3D8012C06D1364B4E
:10B43000D3F81C3403F00303022BEAD00DF03AFCDE
:10B4400018B9324B1B78002B4AD14FF02003EFF391
:10B45000118683F31288BFF36F8F4FF001082A4DD6
:10B460002B4FDFF8B490D5F81834D5F81824D20350
:10B4700022D4B8F1000F2ED03046FDF7F3F9D5F8FD
:10B480001835DBB2012BEED13A682249002AEAD006
:10B490004FF0000C20220220C7F800C0D7F800C0EF
:10B4A000C5F81805C1F88021C9F80030D5F818345E
:10B4B000D5F81824D203DCD503F00303022B01D006
:10B4C000012CD6D1B8F1000F11D086F31188BFF34B
:10B4D0006F8FBDE8F883002121200EF0E9FCCEE754
:10B4E0000222094B06468046C3F80823B7E702222A
:10B4F000054BC3F80423BDE8F88300BFE02F032009
:10B500007C2F0320A82F032000500040FF40032081
:10B510000451004000E100E00850004010B5044C28
:10B520002046F9F7BDFE2046FEF712F8002010BDB8
:10B5300035B501002DE9F0410746032582B0DFF85B
:10B540006080164E8DF807004FF0FF334FF0FF324A
:10B5500030460DF081FC01220DF1070100200AF0B8
:10B56000E7F9044630460DF0FDFC9CB998F8003030
:10B5700063B1013D08D00DF09DFB0028E4D100210E
:10B5800042200EF095FCDFE788F80050384602B004
:10B59000BDE8F081012388F80030F7E738CE0020BD
:10B5A000C13F0320436800205B681B690B60704744
:10B5B000436810B45B6800205C6862400A406240E7
:10B5C0005A6010BC704700BF436800205B689960F8
:10B5D000704700BF436800205B68D960704700BFB8
:10B5E000436800205A6853684B405360704700BF5F
:10B5F00070B406697068D0B10346002500E02346A8
:10B6000099420BD01C681D46002CF8D102B308608B
:10B61000B068716098B1002070BC70470B688DB144
:10B620002B60B368994208BFB56000230B60002A05
:10B63000F1D070680860B06871600028EBD1B1602B
:10B6400070BC7047B06873608142EED1B360ECE7C4
:10B650006FF01500E0E700BF30B5406801F01F044F
:10B66000057BB2F5005F85B044EA451444D000255F
:10B67000B2F5804FCDE9025534D0B3F5C02F39D0A3
:10B68000B3F5003F0CBF0225012583688DF80850F3
:10B6900023FA01F1C9070AD4B2F5A03F07D1204A25
:10B6A00004F01F03803352F82330DB070FD500234B
:10B6B0002046194602AA08F06DFF1A4B984221D184
:10B6C0002046012109F0F6F8002005B030BD0DF14B
:10B6D00007052946204609F09DF8134B984214D0DF
:10B6E0000395E4E7B3F5003F0CBF042305238DF871
:10B6F0000830DCE70325C8E7204609F02DF90020D3
:10B7000005B030BD6FF00400DFE7284609F0CCF843
:10B71000044B984218BF6FF00B00E1D0D5E700BF93
:10B72000002584400000AD0B0400AD0B2DE9F04175
:10B73000476801F01F053B7B84B045EA4315002AAA
:10B7400073D00E464FF000080DF103013046144649
:10B75000CDE9028809F05EF8844643464146284612
:10B7600002AAE04608F016FF454B98427DD180457D
:10B770007ED0A30514D4E3064FF000034CBF03248E
:10B78000C4F340141A46284601A98DF8044008F075
:10B7900001FF3B4B984268D1002004B0BDE8F08126
:10B7A000384B394A2340934267D031D8062B0AD010
:10B7B00004D9B3F5801F58D1012304E01BB1022B3B
:10B7C00008BF042351D1E0068DF8043048BF03239D
:10B7D00084F4807258BFC4F34013C2F300222105E1
:10B7E0008DF805208DF8063037D501237A6803FAE5
:10B7F00006F696602846002201A908F071FF204B4A
:10B80000984214BF6FF01500002004B0BDE8F0812D
:10B810001E4A93421FD0B3F5A00F08BF0323D2D016
:10B82000B3F5800F21D10223CDE702A9284608F005
:10B83000F1FF0446284609F0D1F8114B984207D190
:10B840008442A9D19DF8080009F028F8A042A3D0AD
:10B850006FF00400A1E70523B5E76205CAD501230F
:10B860007A6803FA06F6D660C4E76FF0150094E72D
:10B870009DF8030009F012F87BE70723A3E700BF58
:10B880000000AD0B0600F0000600100002004000B2
:10B8900010B508F0F9FF08B1002010BD044608F00B
:10B8A000CBFF084B98420AD12146074808F0ACFF6D
:10B8B000224605213120FDF75FF8204610BD6FF0CC
:10B8C000040010BD0000AD0BCDB80100420918D135
:10B8D0000D4A5168A9B170B50C680125002C38BF1C
:10B8E00000240A4E85408A682A4002D030464B68C0
:10B8F00098473CB123682146002B38BF00231C46E3
:10B90000F1E7704770BD00BFE42F0320A8F10200EB
:10B9100008B54368D3E9020109F0ECFE034B9842F5
:10B9200014BF6FF00F00002008BD00BF0000AD0B7A
:10B930000378012B08D0022B12D05BB10B4B0B63A9
:10B9400001F118000DF01ABC094B0B6301F118004E
:10B950000DF014BC074B0B6301F118000DF00EBC89
:10B96000054B0B6301F118000DF008BC0100AD0B95
:10B970000100AE0B0000AD0B0200AE0B10B504468B
:10B98000002201210A20FCF7F7FF606823690C4AB6
:10B9900000F1080109F0B2FB0A4B984208BF0020F1
:10B9A00000D110BD084B094A2168D21AD208920171
:10B9B000074842F00102FBF749F96FF00F0010BD94
:10B9C00031B901000000AD0B64F40200ACF40200D8
:10B9D000040E03002DE9F04F0027D0F804A08FB02B
:10B9E00090460390BAF818200069099705460C465E
:10B9F000CDE90A77CDE90C77D0F838900190009224
:10BA00008DF825304FF0FF324FF0FF330DF0E0FBA3
:10BA100005F1180B0022002358460DF0D9FB5046C3
:10BA200009F0C8FB3D46B8F1000F52D1A9E01CF067
:10BA3000020F56D1237D8CEA030202F0010203F0CB
:10BA4000040313434DD162680098A91881424FF056
:10BA500001034ED81CF0010F08D1216809EB050045
:10BA6000029312F008FC6268029BA9188DB25BBBBE
:10BA700094F808C0002D5CD0CDF830900A950CF0F9
:10BA800001031CF0020F0CBF20220022504609A91E
:10BA90008DF8243009F0C0FB5F4B98427FD14FF402
:10BAA0008042002358460DF093FB00287FD1019B74
:10BAB000196B594B994240F08F80237ADB0702D5EE
:10BAC0000C9B994549D00025464504F10C0458D0FB
:10BAD000374694F808C01CF0080F5DD17E1C46451F
:10BAE000A5D3EDB162680098A91881424FF0000318
:10BAF000B0D9104649494A4B039A5B1A1268DB08D1
:10BB0000009C9B01089206900422464843F00103E2
:10BB100005A9079405956FF01B04FBF705F931E0C3
:10BB20001CF00103216808D0626800250C910A927C
:10BB3000A7E721680CF00103F7E701F06042B2F1DA
:10BB4000005F6268F1D0BAF81A309A4252D848467B
:10BB500012F091FB626895B28AE762689542B2D3AF
:10BB6000231D02961F460646AD1AADB2A05909EB39
:10BB700005010C3E12F07FFBBA599542F4D2029EA9
:10BB8000A1E70024504609F027FB01980DF0F6FAD2
:10BB900020460FB0BDE8F08F6FF08504F2E70B335D
:10BBA00098420CBF6FF00F046FF00404EAE71B4BE0
:10BBB0001B4A3946D21AD208920142F001021A48B1
:10BBC000FBF744F8504609F007FBDAE9020109F0F7
:10BBD00091FD6FF00404D5E71048114B3A461B1A4B
:10BBE000DB089B01114843F00103FBF701F96FF0FB
:10BBF0000404C7E710460949094B039A5B1ADB089E
:10BC00009B01014612680A4843F00103FBF7F0F874
:10BC10006FF01504B6E700BF0000AD0B64F402003E
:10BC2000ACF40200240E03001C0F0300480F0300B5
:10BC3000B40E0300CB07426822D4C1F34203012BA8
:10BC400010B517D0022B08D14FF0C8641368C3F8A1
:10BC5000244503690020596310BD0B4B0B490C4868
:10BC6000C91AC908890141F00101FBF735F96FF0E4
:10BC7000150010BD4FF0CC741368C3F82445E8E7F5
:10BC80006FF01500704700BF64F40200ACF40200CE
:10BC9000700F0300F0B504694768A66D256E85B086
:10BCA000002E61D015B1AE4228BF2E46616D00292D
:10BCB0003ED10023B9680093B14228BF31461E46E9
:10BCC000A166E36DCDE90163002B4BD0002D18BFB9
:10BCD0000D46384600226946039509F013F92D4BAD
:10BCE000984223D06FF004052368BBB19A68AAB1CB
:10BCF000116899B19B88DB0410D490680EF09EFB0C
:10BD0000012123689B6818681A79036991401B68B0
:10BD1000194283680CBF1B69DB689847256404F1EE
:10BD200028000DF02BFA002384F86C3005B0F0BD2C
:10BD300001F06043B3F1005F21D0082E28BF082630
:10BD400004F16E033246184612F095FABA68E36DB4
:10BD5000964228BF164600903146CDE90163A6669B
:10BD6000002BB3D11D46B4E7002DBDD0636D73B178
:10BD7000B9680093A94228BF2946A166A1E7BB681C
:10BD800000919E4228BF1E463146A66699E72E4680
:10BD90008FE700BF0000AD0B0378EBB98B6D10B5DA
:10BDA0000C46896E43B199423FD85B1AA365A3B193
:10BDB000636D0BB10B446365236E43B18B4243D378
:10BDC0005B1A2366EBB1E36D0BB11944E165606E5C
:10BDD000BDE81040FFF75EBF7047D4E91123083279
:10BDE000013BC4E911232BB940E00832C4E9112317
:10BDF000002B3BD05068013B0028F6D01368A065AB
:10BE0000D9E7D4E913230832013BC4E9132323B94A
:10BE100029E00832C4E913232BB35168013B002900
:10BE2000F7D013682166E365D1E7124B1249134836
:10BE3000C91AC908890141F00101FBF74DF8236EC9
:10BE4000A16E002BBAD1C2E70A4B0B490B48C91AA5
:10BE5000C908890141F00101FBF73EF8606EBDE8B9
:10BE60001040FFF717BF00232366DCE70023A3651C
:10BE7000A1E700BF64F4020024F50200C80F03002C
:10BE800038B504692368994223D194F86C301BBB00
:10BE9000A1B18B6893B11A6882B198680EF0CEFA9E
:10BEA000012123689B6818681A79036991401B680F
:10BEB000194283680CBF1B69DB689847A5690DB1FF
:10BEC000002038BD656004F110000DF057F92846D8
:10BED00038BD6FF0150038BD6FF00F0038BD00BFE2
:10BEE0002DE9F8430646002201210B20FCF744FD12
:10BEF0003569D5E9024304EBC3039C423CD20127D8
:10BF000004F1080805E0D5E9023203EBC2039C42C4
:10BF100031D258F8080C0CF04BFC002848D058F8E7
:10BF2000080C18F8041C18F8033CDA07D0F810C005
:10BF300054BF43F4B05383F4D05313F0010F23F4F0
:10BF40008052DCF8003007FA01F9D0F808E00ABFA7
:10BF500007FA01F949EA030323EA0903CCF80030A0
:10BF6000DEF800309847002804F1080408F10808BA
:10BF7000C9DABDE8F88335692B68A3B19B6893B132
:10BF80001A6882B198680EF059FA01212B689B68F3
:10BF900018681A79036991401B681942836814BFB5
:10BFA000DB681B699847AC699CB10020BDE8F88349
:10BFB0000C490D4B22685B1ADB089B0111680B488A
:10BFC000227943F00103FAF713FF6FF01200BDE886
:10BFD000F8836C6005F110000DF0D0F82046BDE844
:10BFE000F88300BF64F4020024F50200E80F0300A8
:10BFF0002DE9F04F0E46898889B0CDE900238A04E7
:10C000008046046903D5A369002B00F0FB804FF044
:10C01000FF324FF0FF3304F110000DF0D9F86660E5
:10C02000D8F81090D8F804A099F86DB0DAF80C7030
:10C03000BBF1000F03D0D9F800309E425FD0B58825
:10C040002B0500F14B81E80700F13981290700F148
:10C050003281C5F34513082B40F012813368AE4A94
:10C06000934240F248819F4228BF1F460DF10C0CBD
:10C070000AF1100EBEE80F00ACE80F00A74BDEF887
:10C0800000209F42CCF8002040F2E080A44B9F4269
:10C0900040F2E880A34B9F4240F2CC80A24B9F42EB
:10C0A00040F2E680A14B9F4240F2E580A04B9F42C8
:10C0B00034BF4FF080474FF00047AA07059740F183
:10C0C000A68015F0040F14BF03230223C5F3001547
:10C0D0008DF819508DF81830BBF1000F40F0A38097
:10C0E0004B465046934A03A908F0F8FD924B9842FC
:10C0F00040F0D3800123C9F8006089F86D30012336
:10C1000084F86C30009B002B00F0A780009B1B681C
:10C110006364002B00F0B280009A5268A26432B9C6
:10C120009DE00833C4E91132002A00F09880596874
:10C13000013A0029F5D01B68A1656365019B002BBE
:10C1400000F09380019B1B68E364002B00F081806A
:10C15000019A526822652AB97CE00833C4E9133297
:10C16000002A77D05968013A0029F6D01B68216669
:10C1700000212268E36521649AB193688BB1186845
:10C1800078B1012105691A792B68914019428368B9
:10C1900014BF1B69DB68984723689B6898680EF09A
:10C1A0004DF94046FFF776FD236EA16D4FF4FA522C
:10C1B0008B4238BF0B46254602FB03F355F8281B7C
:10C1C0004FF400420E6840F2E730B3FBF6F3002173
:10C1D000C833E2FB03014FF47A720023F4F798FFAF
:10C1E00002460B4628460CF0F3FF002840F08780FB
:10C1F000256C23689B8813F400531ED0284609B091
:10C20000BDE8F08F63689E427FF401AF08E7C5F395
:10C210008003C5F300158DF819508DF81830BBF167
:10C22000000F3FF45DAF504608F00CFE002389F884
:10C230006D3055E74FF000673FE7636004F1100091
:10C240000CF09CFF284609B0BDE8F08F4FF0007756
:10C2500033E72365002323668AE7C4E9113300230B
:10C26000A3656AE74FF0806727E7C4E91333F1E776
:10C270004FF0805721E74FF000571EE7A364EEE729
:10C280002E492F4B2F48C91AC908890141F00101D5
:10C29000FAF722FE6FF01505ABE7284B284A014656
:10C2A0009A1AD2089201284842F00102FAF7CEFC0D
:10C2B0006FF004059DE72149214B2448E3E7204B1B
:10C2C0001E4AD8F80010D21AD2089201204842F033
:10C2D0000102FAF7BBFC6FF015058AE7184B174906
:10C2E0001C48C91AC908890141F00101FAF7F4FD97
:10C2F0006FF085057DE71149114B1748C3E7104BD7
:10C300000E491648C91AC908890141F00101FAF716
:10C31000E3FD6FF073056CE747E801008FD0030081
:10C320001FA107003F420F007F841E00FF083D0051
:10C3300000127A0099BD01000000AD0B24F5020047
:10C3400064F402006C100300D01003004C100300D2
:10C35000281003000C1003009C100300F8100300C9
:10C360002DE9F8430646002201210920FCF704FBD1
:10C370003569D5E9024304EBC3039C423CD2012753
:10C3800004F1080805E0D5E9023203EBC2039C4240
:10C3900031D258F8080C0CF00BFA002848D058F8A5
:10C3A000080C18F8041C18F8033CDA07D0F810C081
:10C3B00054BF43F4B05383F4D05313F0010F23F46C
:10C3C0008052DCF8003007FA01F9D0F808E00ABF23
:10C3D00007FA01F949EA030323EA0903CCF800301C
:10C3E000DEF800309847002804F1080408F1080836
:10C3F000C9DABDE8F88335692B68A3B19B6893B1AE
:10C400001A6882B198680EF019F801212B689B68B0
:10C4100018681A79036991401B681942836814BF30
:10C42000DB681B699847AC699CB10020BDE8F883C4
:10C430000C490D4B22685B1ADB089B0111680B4805
:10C44000227943F00103FAF7D3FC6FF01200BDE844
:10C45000F8836C6005F110000CF090FE2046BDE8FA
:10C46000F88300BF64F4020024F50200E80F030023
:10C4700000207047E2B1F0B50F4616464FF48064D5
:10C48000002583B002E088B9B5420FD2731BB3F523
:10C49000806F38BF1C467819214601AAFCF7C2F903
:10C4A000019B2544A342EED06FF0150003B0F0BD10
:10C4B0006FF01500704700BF704700BF0123834035
:10C4C00010B5DC430C4AD2E8EF1F01EA040CC2E8C5
:10C4D000EECFBEF1000FF6D14FF48032074C02FAD6
:10C4E00000F0C4F80803BFF35F8FBFF36F8F0B42F8
:10C4F00014BF0120002010BD043003200050014073
:10C50000F8B5204D22F07F462968A6F500170446AD
:10C51000501AB7F5400F6B602A600BD30DF0F8FE90
:10C52000A30003F1804303F5A833D3F840259642D6
:10C530001CD0F8BD1449154D09680A0692194FEA36
:10C54000112343F10003C5E900230DF0E1FE104B78
:10C5500004F5A87253F822309E42EAD14FF480309D
:10C560000B4B00FA04F4C3F84443F8BD4FF4000247
:10C570004FF48030C3F84025054B00FA04F4C3F8AB
:10C580004443F2E7C0CF002008300320A8CF0020AA
:10C590000050014001230E4A8340D2E8EF1F1943A7
:10C5A000C2E8EC1FBCF1000FF7D14FF48033094A09
:10C5B0008340C2F80433084BD3E8AF3F23FA00F0BE
:10C5C000C30704D54FF40012044BC3F80021704791
:10C5D00004300320005001400030032000E100E05F
:10C5E0002DE9F04F87B0904699460446FFF766FF65
:10C5F0006249054609680B0A0A06BFF35F8F604966
:10C60000D1F80415521843F10003B1F5801F06D28A
:10C610005C49D1E900018B4208BF82427DD34B4582
:10C6200008BF424580F0828000214FF08070B8EB57
:10C63000020669EB0307B94208BFB042C0F09B8015
:10C64000514B210103EB0412D2E902ABD94508BFDB
:10C65000D0450DD1002610985A185850C2E902ABA7
:10C66000119B5360002D70D1304607B0BDE8F08FAC
:10C670004FF4803204F1500A4FEA8A0A4FEA840BE1
:10C680001FFA8AFA0BF1804B0AF1804A0BF5A83B9E
:10C690000AF5A83A02FA04F728F07F46CDE90289A4
:10C6A000DBF84005D1460495A2465D463C468B46E4
:10C6B000334A0196059320E007F1020CA6EB0C002B
:10C6C00020F07F40B0F5000F88BF6646002326F0BB
:10C6D0007F40C9F80030D9F80030C2F84443C5F8AB
:10C6E0004005D2F80435F01A02389F4220F07F400E
:10C6F00032D0B0F5000F2FD93046D2F80475C01BE8
:10C7000020F07F4027F07F430128C5F84035D3D182
:10C7100013200DF093FE1A4ACEE712F1807243F116
:10C7200000034B4508BF4245FFF47EAF0123174A83
:10C73000A340D2E8EF1F1943C2E8E01F0028F8D158
:10C74000C246CB46104B210184E72046FFF722FF6B
:10C75000304607B0BDE8F08F019ADDE90289B61ACC
:10C7600026F07F46544618EB060A5946049D059B61
:10C7700049F1000B6EE76FF0150673E708300320F0
:10C7800000500140A8CF0020B0CF0020003003208F
:10C790002DE9F04300244FF0FF384FF0FF39022617
:10C7A0004FF480324FF40011154D164BC5F8084573
:10C7B000C3E90289144B83B0C5F80423152022462F
:10C7C000C5F80463C3F880110121FCF7D5F81520E2
:10C7D000FCF7A0F801210D4A0D4B0E4F11602046C9
:10C7E00029600D4ACDE9003400233960FFF7F8FED7
:10C7F0003046FEF7FFFD204603B0BDE8F08300BFE2
:10C8000000500140B0CF002000E100E0085001409E
:10C8100001C5010004300320FFFF7F00454BD3F822
:10C820000433990702D5444B1A688AB94FF02002A5
:10C83000EFF3118382F31288BFF36F8F3D4AD2F872
:10C840000423D2030CD483F31188BFF36F8F704796
:10C8500000213A4A19601B68136801331360E5E749
:10C86000F0B5374A83B0D2E8EF1F21F00100C2E8EB
:10C87000E40F002CF7D119B9324A1268002A53D0BC
:10C880000021304A1160126883F31188BFF36F8F63
:10C890002A4909680B0A0A06BFF35F8F2549D1F8B8
:10C8A0000445101943F10001B4F5801F06D2264B50
:10C8B000D3E90023994208BF904230D34FF02003C0
:10C8C000EFF3118283F31288BFF36F8F1F4BD3E90D
:10C8D0000245A94208BFA04205D282F31188BFF3E6
:10C8E0006F8F03B0F0BD00204FF0FF364FF0FF37E1
:10C8F0004FF4803EDFF83CC01968C3E90267186056
:10C900005B68CCF848E382F31188BFF36F8F00298E
:10C91000E7D0009322462B46884703B0F0BD10F1C4
:10C92000807041F10001C9E783F31188BFF36F8F75
:10C93000D7E700BF005001400451014008300320F8
:10C940000030032040510140A8CF0020B0CF00208C
:10C95000F0B5431C83B039D00138002831DC002009
:10C960001B4B1B681D0A1C06BFF35F8F194BD3F8C6
:10C970000435E41845F10005B3F5801F08D2164BC5
:10C98000D3E900239D4208BF944201D214F1807480
:10C99000124B134AD3E90067A31BB3F5000F28BF5E
:10C9A0000020013303449A4228BF1A4600200D4953
:10C9B000B218CDE9001047F10003FFF711FE03B0F4
:10C9C000F0BD074B9842A8BF1846C9E70648C7E71D
:10C9D0000830032000500140A8CF0020C0CF002025
:10C9E000FFFF7F0001C50100FEFF7F000D4B1B68AC
:10C9F000190A1806BFF35F8F0B4BD3F80435C01824
:10CA000041F10001B3F5801F08D2084BD3E90023A0
:10CA1000994208BF904201D210F18070044B1B680C
:10CA2000C01A70470830032000500140A8CF0020F2
:10CA3000C0CF00200C4B1B68190A1806BFF35F8F8C
:10CA40000A4BD3F80435C01841F10001B3F5801F3B
:10CA500008D2074BD3E90023994208BF904201D284
:10CA600010F18070704700BF083003200050014073
:10CA7000A8CF002038B51A4D1A4C2B7843B30022AA
:10CA80002A201146FBF778FF002117480BF0D0FD54
:10CA9000164B18604FF0FF324FF0FF3314480CF084
:10CAA000DBF9206878B10468002C38BF002405E069
:10CAB00023682046002B38BF00231C4604300CF0AE
:10CAC0005DFB002CF4D10A480CF04CFA002038BD74
:10CAD000C4E9003306480CF0B7F901232B70CEE708
:10CAE000C23F032010300320B01103000C3003209C
:10CAF00018300320684620F007018D4619B50F4B0A
:10CB0000D3E8EF2F0132C3E8E12F0029F8D109F073
:10CB100005FA0B4B1C68002C38BF00242CB1201DDB
:10CB20000CF02CFB2468002CF8D1FBF741FFFCF73C
:10CB30002DF8BDE819408546704700BF78300320C6
:10CB4000943003200DF07ABC2DE9F04F0C468BB0E9
:10CB50000DF072FC2368002B00F00981B8BF4FF084
:10CB6000FF3305460E46B8BF23600122002104A80A
:10CB70000CF0F4FA4FF02003EFF3118283F31288E4
:10CB8000BFF36F8F01920DF0ADF9874A4FF0000CA3
:10CB90001346DFF818A202F1500EDAF80070196897
:10CBA000884200F0DD80002900F0DD805968791AA4
:10CBB0006145C8BF1A4603F10803C8BF8C467345D8
:10CBC000EDD1791EC2E90001B94209D05760019B3D
:10CBD00083F31188BFF36F8F00200BB0BDE8F08F97
:10CBE0000023DFF8CCB10393DBF80430002B00F016
:10CBF000C68003AF1F60CBF80470019B83F31188DC
:10CC0000BFF36F8F23685A1C00F0A6804FF40042D8
:10CC100040F2E730002123EAE373C2FB03014FF443
:10CC20007A720023F4F774FA02460B4604A80CF05B
:10CC3000CFFA4FF02003EFF3118283F31288BFF392
:10CC40006F8FDBF80030019243B1BB4202D19FE00D
:10CC5000BB4275D01A461B68002BF9D1524F0DF01C
:10CC600041F93B464FF0000EDAF8002007F1500A78
:10CC70001968884279D000297FD05968511A7145C6
:10CC8000C8BF1F4603F10803C8BF8E465345EFD106
:10CC9000531EC7E90003019B7A6083F31188BFF339
:10CCA0006F8FD4F800A0BAF1FF3F45D00DF0C4FB60
:10CCB0006A017301521B43EAD56363EB06039700D5
:10CCC0009B007D1943EA927346EB0303EA00DB0005
:10CCD00043EA5573D60B46EA434616EB0A064FEA7B
:10CCE000D3374FEA40124FEA411347EBEA7743EA62
:10CCF000D063121A63EB01039B009500281843EAE6
:10CD0000927343EB0101C900C30041EA5071D80B93
:10CD100040EA4140B6EB00084FEAD13167EB010928
:10CD2000B8F1000F79F10003B8BF4FF00008C4F864
:10CD30000080B8F1000F35D000200BB0BDE8F08FB7
:10CD4000DBF8041003989942106002D0002303938B
:10CD500084E7CBF80420F9E74FF0FF32134665E78C
:10CD60001A46596830E71A462BE71F4693E70DF03D
:10CD700007F874200BB0BDE8F08F1F4688E703AFBB
:10CD8000CBE90077019B83F31188BFF36F8F39E7FD
:10CD9000DBF80410039BB942CBF80030D6D1CBF8B6
:10CDA0000430D3E7742018E79C3003207830032048
:10CDB0009430032010B50446FCF7F6FB046010BD68
:10CDC0000BF078BFF0B4054600680B4E08B1B042D6
:10CDD0000BD20A4F3C7804EB440306EBC30001344A
:10CDE0003C702860F0BC0CF0B9B906F148039842D9
:10CDF000EFD2F0BC0CF0B2B930300320C33F0320B7
:10CE00000CF0BCB94B1C10B504461AD04FF40040CE
:10CE100040F2E732002321EAE171C0FB0123104612
:10CE200019464FF47A720023F4F772F902460B4662
:10CE300020460CF0CDF910F10B0F0CBF7420002030
:10CE400010BD4FF0FF321346F2E700BF4FF08052A3
:10CE5000014BC3F80021704700E100E04FF0805221
:10CE6000014BC3F88021704700E100E04FF0005211
:10CE7000014BC3F80021704700E100E04FF0005281
:10CE8000014BC3F88021704700E100E008B51C2089
:10CE900000220621FBF770FDBDE808401C20FBF7CF
:10CEA00039BD00BF01460022002301480BF024BE1B
:10CEB00098CD0020014601480BF02ABE98CD0020F5
:10CEC00001460022002301480BF016BE80300320EB
:10CED000014601480BF01CBE8030032038B5002409
:10CEE0000B4A0C4BC2E90044D3E8EF2FC3E8E14FF3
:10CEF0000029F9D1FFF7CAFF074B084D1C602C60D1
:10CF00004FF40052BDE83840054906480BF0A2BD79
:10CF100094300320783003207C3003202C30032011
:10CF2000E88400208030032000207047012810D0C2
:10CF3000B0F58D7F0AD101390B2907D8DFE801F060
:10CF4000908C88847C800606069C98944FF0FF3075
:10CF5000704702393529F9D801A353F821F000BFF1
:10CF6000A9D001004DCF010039D001004DCF010003
:10CF70004DCF01004DCF01004DCF01004DCF01003D
:10CF80004DCF01004DCF01004DCF01004DCF01002D
:10CF90004DCF01004DCF01004DCF01004DCF01001D
:10CFA0004DCF01004DCF0100A1D0010099D001006B
:10CFB0004DCF01004DCF01004DCF010091D00100B8
:10CFC0004DCF01004DCF01004DCF01004DCF0100ED
:10CFD00081D00100E1D00100D9D001004DCF010086
:10CFE0004DCF01004DCF01004DCF01004DCF0100CD
:10CFF0004DCF01004DCF01004DCF01004DCF0100BD
:10D000004DCF01004DCF01004DCF01004DCF0100AC
:10D010004DCF01004DCF01004DCF01004DCF01009C
:10D02000D1D00100C9D00100C1D00100B9D00100A8
:10D03000B1D0010089D001000423002013607047A3
:10D0400001230020136070470723002013607047FE
:10D0500006230020136070470523002013607047EB
:10D0600002230020136070470823002013607047DC
:10D0700009230020136070470323002013607047CA
:10D080001E23002013607047372300201360704771
:10D090001923002013607047152300201360704788
:10D0A000142300201360704728230020136070476A
:10D0B000362300201360704735230020136070472B
:10D0C000342300201360704733230020136070471F
:10D0D0003223002013607047202300201360704724
:10D0E0001F230020136070474FF0FF32054B0020D4
:10D0F0001A609A601A619A611A629A621A639A6354
:10D10000704700BF7031032010B504464FF0FF3365
:10D110004FF0FF320D480BF09FFE00230C4951F8F1
:10D120003320013208D00133082BF8D100240748FE
:10D130000BF018FF204610BD41F8334001EBC3044B
:10D1400002480BF00FFF204610BD00BFD4CD0020D9
:10D15000703103202DE9F0410C46002186B0DDF846
:10D1600030800668D8F80000012C15461F46CDE92E
:10D17000030105910CD0B4F58D7F33D0FCF714FA80
:10D180006D234FF0FF360360304606B0BDE8F081F6
:10D190002946204602AAFFF7C9FE0028EEDBA5F1CA
:10D1A0001403012B26D93B4603AA304600922146A0
:10D1B000029A10F0ECFF06460028E5D1002FE3D0DC
:10D1C000039B012CC8F80030DED1042D16D0143D8D
:10D1D000012DD9D8DDE904120823C7E90012C8F8E7
:10D1E0000030D1E72946204602AAFFF79FFE00281B
:10D1F000D9DAC3E70823039304ABD5E738680028DE
:10D20000C2D0FFF7D7FDFCF7CFF903683B60BBE75F
:10D21000002300B583B00068CDE9003310F020FF93
:10D2200003B05DF804FB00BF006810F060BF00BFF2
:10D230002DE9F04FA1F58174134693B0032C00F251
:10D240009280DFE804F00802150E6FF05E073846A2
:10D2500013B0BDE8F08F6FF01107384613B0BDE88A
:10D26000F08F00271B684360384613B0BDE8F08F8D
:10D270005C681E689B684022002102A8019300940C
:10D2800011F006F8002C234666DD00270DF1080892
:10D290003446BA464546DFF80CB106EBC30919E03F
:10D2A00086225946F7F7AEFE002851D003682B605E
:10D2B000A388DA0703D5AA8842F00102AA805B0797
:10D2C00003D5AB8843F00203AB8008344C4505F12D
:10D2D00008050CD02068A5F804A00028A4F806A032
:10D2E000DEDA08344C45286005F10805F2D1002F3C
:10D2F000ADDCDDE9001202A810F06AFF07463368D2
:10D30000002B1FDBB8F80630DC0703D5F28842F0AB
:10D310000102F280980703D5F28842F00402F280FD
:10D32000590703D5F28842F00802F280DA0603D5E5
:10D33000F28842F02002F2801B0703D5F38843F005
:10D340001003F38008364E4508F10808D7D17EE770
:10D3500020230137E380ABE702A8DDE9001210F0DB
:10D3600037FF074673E70329006808D004290ED069
:10D37000FCF71AF916234FF0FF37036067E7002226
:10D38000022110F027FF870307F480475FE71A6840
:10D3900032F48043ECD10121921310F01BFF0746B9
:10D3A00055E700BF8C120300034601201968034AA9
:10D3B000887603481360FBF7F9B800BF6C3103208F
:10D3C0008412030060B138B5044625462468A86974
:10D3D0000DF018FC28460DF015FC002CF5D138BDD9
:10D3E000704700BF0A4B187878B90A4B1B780BB905
:10D3F00001207047A2F58073022BFAD9A2F588723A
:10D40000012A94BF0020012070470020704700BF10
:10D41000C43F0320C53F032070B4034602240A46DC
:10D420000D89458023F8044B52F8106F55689468B5
:10D43000D26846605D609C60DA600B6A70BC037500
:10D44000704700BF2DE9F0478CB005460E46914667
:10D450001C464068149F0BF085FD002F36D04FF01E
:10D46000240A0DF10C0852460021404610F010FF2E
:10D4700014F0400318BF0223A20748BF43F008037B
:10D48000A10648BF43F02003E20502AC286848BF6C
:10D4900043F0100301944A463146CDF80080CDF8A0
:10D4A00008A010F0F8FD041E04DB049B022B28D01A
:10D4B0000A2B31D0686828B14FF0FF324FF0FF33AC
:10D4C0000BF0CAFC20460CB0BDE8F08714F0400316
:10D4D00018BF0223A20748BF43F00803A70648BFAE
:10D4E00043F02003E1054FF0000428684A46CDE9E7
:10D4F0000044314648BF43F0100310F0CCFD044611
:10D50000D8E7012208233A80BDF8142006997A80D2
:10D51000159A79601360CDE741463846FFF77CFFE6
:10D520001823159A1360C5E7002300B583B0CDE931
:10D530000033FFF787FF03B05DF804FB2DE9F047E8
:10D54000002514468AB006460F462022294602A826
:10D550009846019510F09CFE002C33D06268CDE90E
:10D56000045502F48063D20448BF43F4805302930D
:10D570002389E268032BCDE90655CDE908550395CB
:10D58000049200F2A880744A52F8232012F16A0F24
:10D5900000F0A18023690392112B00F0D78040F3A3
:10D5A000A080B3F5817F00F0CD8040F2111293424C
:10D5B00008BF4FF4877340F0CC800593E36902AC59
:10D5C00003B108934FF0FF324FF0FF3363480BF085
:10D5D00043FC39462246304601AB10F0F3FD0746C6
:10D5E000002840F09A80019DC8F8000005B3044669
:10D5F0000646DFF8709150200DF00CFBA246044661
:10D60000002800F09680D5E901230A2A0660C66149
:10D610004660C36016D920460DF0F4FA6FF0080793
:10D62000D8F80000FFF7CEFE0023019DC8F80030B7
:10D63000284610F0C9FD49480BF094FC38460AB062
:10D64000BDE8F08759F8223013F16A0FE3D0E9689A
:10D65000836002295ED01EDC00294AD001294ED108
:10D6600006230361022A21D00A2A4DD118200DF089
:10D67000D1FAA06100285FD0182369696361FFF7C0
:10D68000CBFEBAF1000F23D0CAF80040ED69002D9F
:10D69000B1D1019DCCE7B1F5827F2CD0B1F5877F68
:10D6A0002DD140F21113022A0361DDD108200DF0C3
:10D6B000B1FAA06100283FD0082101226B696161A5
:10D6C000D9681B89416043800280BAF1000FDBD129
:10D6D000C8F80040DAE76FF0080738460AB0BDE83E
:10D6E000F087002B3FF469AF062B32D1012305935D
:10D6F00064E70161B6E74FF481730361B2E76FF04D
:10D700007A0200232261A36120460DF07BFA6FF0BC
:10D71000060785E711230361A4E76FF480731F44B4
:10D72000142F02D94FF0FF3785E70D4B53F82770C0
:10D7300081E76FF0090773E720460DF063FA6FF099
:10D7400009076DE74FF48273059337E702230593CA
:10D7500034E76FF0060771E7F4110300FCCD0020F9
:10D76000301203000412030070B424220C460A2174
:10D7700003460646227042886160228153F8040FF6
:10D7800004F1100559689A68DB680FC5337D236280
:10D7900070BC70472DE9F0438DB0149D0E46904645
:10D7A0001C460768002D4ED02B88012B24D0022B5D
:10D7B00064D10DF10C0928464946FFF7D5FF14F056
:10D7C000400318BF0223A00748BF43F00803A10687
:10D7D00048BF43F02003E2054FF02404424631469F
:10D7E000384648BF43F01003CDF80090019410F084
:10D7F00037FC0DB0BDE8F08302231022049314F02F
:10D80000400318BF02238DF80C206A6869880692CD
:10D81000A20748BF43F00803A5064FF0100548BF14
:10D8200043F02003E40503ACADF814104246314642
:10D830003846CDE9004548BF43F0100310F010FC16
:10D840000DB0BDE8F08313F0400318BF0223A50715
:10D8500048BF43F00803A00648BF43F02003E1059A
:10D860004FF0000431463846CDE9004448BF43F04C
:10D87000100310F0F5FB0DB0BDE8F083FBF794FE4C
:10D88000862203464FF0FF301A60B2E770B54FF0C2
:10D89000FF3205460C464FF0FF33074E30460BF083
:10D8A000DBFA4FF0FF3200232A6023603046BDE8E8
:10D8B00070400BF057BB00BFD4CD002038B50546F3
:10D8C000006810F0C0FB044608B1204638BD284669
:10D8D000291DFFF7DBFF204638BD00BF2DE9F043CF
:10D8E0008BB006460C461746F7F7C6FB0546002DDB
:10D8F00030684FDB74B357B33B686A46082B0CBFE4
:10D90000102324230DF104090093494610F0FEFB77
:10D91000B0F1000838DBFFF7F7FB064600283CD0E3
:10D9200064B15FB1D9F80430022B16D00A2B1ED196
:10D93000182320463B6001A9FFF76EFD31462846BB
:10D940001A4AF7F7D3FB28460BB0BDE8F0833A46F6
:10D95000B946DAE72246A146D7E7082301213B6012
:10D96000049ABDF80C30218062606380E6E740468F
:10D9700010F069FB3046311DFFF788FF2846F7F7A6
:10D98000CBFB4FF0FF35DEE7B8F1FF3FF6D010F0EC
:10D990005AFBF3E74FF0FF35D5E7FBF705FE0C2206
:10D9A000034640461A6010F04EFBE7E78C12030076
:10D9B000F0B501290C4615461F46066887B00BD006
:10D9C000B1F58D7F1CD0FBF7EFFD6D2203464FF0C4
:10D9D000FF301A6007B0F0BD2946204603AAFFF7C2
:10D9E000A5FA0028EFDB143D012D16D90C9B21462A
:10D9F000009330463B46039A10F0AEFB07B0F0BDF3
:10DA00002946204603AAFFF791FA0028DBDB0A2DFE
:10DA10000C9B08BF01230C93E8E7D7E90023CDE96D
:10DA20000423082304AF0C93E0E700BF2DE9F04F77
:10DA300083B0002900F08380CD68804691460E4671
:10DA4000002D38D0896800220B4601EBC5045868C8
:10DA500008339C420244FAD1802A2CD90027BA46C6
:10DA600001EBCA035A684FEACA0B42B90AF1010A2C
:10DA7000AA45F5D33C46204603B0BDE8F08F00250B
:10DA8000284606E0B168284601EB0B035A68954228
:10DA90000FD21968121AD6E900430144CDE90043B8
:10DAA00040464B46FFF776FE041E25442744E9DA3C
:10DAB000E1E7F568DAE74FF0FF334FF0FF32234834
:10DAC0000BF0CAF9F3686BB300242746B368DFF89C
:10DAD00080A003EBC40253F8341052680AEB07002D
:10DAE00010F0C9FBB368E2001A445168F2680134CF
:10DAF000A2420F44EDD8002F14DD0025BB46D6E925
:10DB000000324046CDE900320AEB05014B465A4649
:10DB1000FFF740FE041E0DDD2544AF4203DDA7EBF9
:10DB2000050BECE7002409480BF01CFA204603B073
:10DB3000BDE8F08FAF42F6DD002CE0D0F3E7FBF755
:10DB400033FD16234FF0FF34036094E74CCE0020E2
:10DB5000EC30032070B50C880568012C8AB013D016
:10DB6000022C06D0284610F0B1FA00281CDB0AB0BF
:10DB700070BD084601A9FFF7F7FD2846242201A938
:10DB800010F0A4FA0AB070BD102202264C884B682F
:10DB9000284601A98DF804200296ADF80C400493A4
:10DBA00010F094FA0AB070BDFBF7FEFC8622034623
:10DBB0004FF0FF301A60DAE72DE9F0410D1E0646FE
:10DBC00014465BDB6B0040D4F7F756FA071E5DDBAB
:10DBD000B3B2032B24D8334A52F8230010F16A0F52
:10DBE0001ED0112C50D025DDB4F5817F43D040F2FA
:10DBF00011139C4208BF4FF4877421D12246294655
:10DC000010F010FA041E0FDBFFF77EFA0146002821
:10DC10003FD03846244AF7F769FA3846BDE8F08124
:10DC2000FBF7C2FC6A2303603846F7F775FA4FF03A
:10DC3000FF37F2E7002CE1D0062C08BF0124DDD02D
:10DC4000FBF7B2FC7B230360EEE70BF0D1FD012371
:10DC5000DFF8588088F80030224625F040413046F1
:10DC6000FAF724FA0023074688F800300CF044F84D
:10DC70003846BDE8F0814FF48274BFE70BF0B8FD81
:10DC8000DFF82C800123E5E70224B7E74FF0FF37E8
:10DC9000C3E7FBF789FC0C22034620461A6010F00C
:10DCA000D2F9C1E7F41103008C120300C53F032031
:10DCB000C43F032070B50B880468012B8AB00CD0D8
:10DCC000022B1AD1084601A9FFF74EFD2046242257
:10DCD00001A910F030FA0AB070BD102202264D885A
:10DCE0004B68204601A98DF804200296ADF80C502F
:10DCF000049310F020FA0AB070BDFBF755FC8622A1
:10DD000003464FF0FF301A60E5E700BF2DE9F84306
:10DD1000DFF85480DFF84890104D00220023404681
:10DD20000BF0E4F90746B0B1A9450FD20C4C3E1DEB
:10DD3000237A43B9216819B1304610F07DFC10B147
:10DD40003046636898470C34AC42F1D339460548F5
:10DD50000AF0DEFEE1E7BDE8F88300BFACCC0020AE
:10DD60004CCC002084CD0020A8CE002008B5094866
:10DD70000AF084F908B9002008BD074B074A01469C
:10DD8000D21AD2089201064842F00102F8F75EFF6B
:10DD9000002008BDA5DD010064F4020064F4020067
:10DDA000C412030070B5264C264E0546B4420DD26F
:10DDB000237A43B9216819B1284610F03DFC10B10F
:10DDC0002846636898470C34B442F1D31E4C1F4E6A
:10DDD000B4420AD2237A2BB9216839B1284610F00F
:10DDE0002BFC18B90C34B442F4D370BD2846F3F7B9
:10DDF000DDFB0022411D002315480AF07DFE04468C
:10DE000060B12946043010F09AFB214611480BF00E
:10DE100061F9BDE8704010480BF056BB0F4B104C39
:10DE20002846E41AF9F746F9E408A40144F002048C
:10DE300001462246BDE870400A48F8F707BF00BF18
:10DE4000ACCC0020ACCC00204CCC0020ACCC0020D2
:10DE500084CD0020A8CE0020B4C9002064F40200C4
:10DE600064F40200F4120300F8B506460A4D0B4CA8
:10DE700005F10C072046F3F799FB21460246304690
:10DE800010F081FB30B1BD4202D055F8044BF1E7F0
:10DE90000020F8BD0120F8BD941303002C130300EB
:10DEA0002DE9F0470568A2B02B78002B44D0164628
:10DEB000834A044692F800900F46B9F1060F1FD02E
:10DEC000B9F1070F51D0B9F1080F74D0B9F1020FB1
:10DED00037D0B9F1030F73D0B9F1010F00F097807B
:10DEE000B9F1040F00F0D380B9F1050F79D0B9F181
:10DEF000090FA8461AD118F8013F002BFBD10EE0FC
:10DF00007048691C884611F8013BC25C02F00302AC
:10DF1000022A04BF203BDBB2413B192BF2D9394620
:10DF200030462A46A8EB050300F03CFB0020C4F86D
:10DF3000008022B0BDE8F0874FF0FF3022B0BDE88E
:10DF4000F0870D2BA84660D00A2B04D01BB118F81F
:10DF5000013F0D2BF8D1A8EB05032A463946304680
:10DF600000F020FB08F10108E0E7AB780D2B07D8A3
:10DF700042F20142DA40D10702D505F1020802E07F
:10DF8000EB7805F103084F48C35C5A070DD1A8EBA5
:10DF90000503394630462A4600F004FB98F8003065
:10DFA0003D2B17D03F2BC1D1DCE718F8013FC35CF4
:10DFB0005B07FAD1EBE7304600F0ACFAA846B5E7CC
:10DFC000222BA84621D018F8013F222BC3D0002BCA
:10DFD000C1D0F8E798F801303F2BA7D108F102082B
:10DFE000A4E73848A846C35C13F0440F61D018F882
:10DFF000013FC35C13F0440FF9D1A8EB05032A4697
:10E000003946304600F0CEFA90E70023A5E72846CF
:10E010000A2201A90EF0E2FA019D02902B78292B29
:10E0200045D0DFF8A480A3F12C02D2B22BB3112A81
:10E0300028FA02F339D813F0010F09F1010A34D09C
:10E04000013501A90A2228460EF0C8FA034622AA81
:10E0500002EB8909284649F8803CF3F7A7FA814684
:10E060000198F3F7A3FA814527D0BAF1200F019D5B
:10E0700021D0D1462B78292BD5D14FEA89033946B7
:10E08000304602AA05F1010800F0C6FA4EE728461C
:10E090000A2202A90EF01EFA02460B463046394605
:10E0A000DDF8088000F058FA40E70135E2E7042384
:10E0B000E5E70023A3E78023E1E74FEA8A03DEE7F1
:10E0C000C73F03205F3203000140020070B50446E1
:10E0D000056871B92B782B2B78D0252B76D0774B10
:10E0E0001B78002B47D00222754B1A700020256048
:10E0F00070BD724B1B78002BF5D1002973DD2A46C9
:10E10000137816460D2B02F10102F9D00A2BF7D035
:10E110003046F3F74BFA032840F283803278694B9C
:10E12000995C01F00301022908BF203A412A78D105
:10E130007278995C01F00301022908BF203A542A41
:10E140006FD1B278995C01F00301022908BF203A2F
:10E150002B2A0AD0252A64D1F2789B5C03F00303B2
:10E16000022B08BF203A582A5BD00922544B6FF08B
:10E1700001001A7070BD2846F3F718FA0128B2D9C9
:10E180002978504B5A5C02F00302022A08BF20395A
:10E190004129A8D16A789B5C03F00303022B08BFD6
:10E1A000203A542A9FD1AB78252B0BD003F0F702ED
:10E1B000232A07D00D2B96D842F2014222FA03F30C
:10E1C000D90790D507223E4B1A708FE706203C4BAB
:10E1D000052218703C49284610F0D5F970BB012380
:10E1E000364A137082E72B78364A9A5C520721D45C
:10E1F0002D2B1FD02B2B1DD0222B44D0282B57D0BA
:10E200000D2B45D00A2B43D02C3BDBB2112B0DD864
:10E210002E4A22FA03F3DB0708D50822284B1A708E
:10E2200064E72B782B2B01D0252BDDD14FF0FF306D
:10E23000256070BD0422224B1A7057E7052228463C
:10E24000234910F0A0F90028C9D00B222846214903
:10E2500010F099F90028C2D00A2228461E4910F071
:10E2600092F90028BBD00B2228461C4910F08BF9EC
:10E270000028B4D007222846194910F084F9B0FAD2
:10E2800080F35B09ACE703220D4B01351A702DE7D3
:10E290000B490A78042A04D0082AC7D126E715F8C2
:10E2A000013F0D2BFBD00A2BF9D005230B701DE786
:10E2B0000122034B15441A7018E700BFC63F032024
:10E2C000C73F03205F320300341303000140020004
:10E2D0003C13030044130300501303005C130300BA
:10E2E00068130300002800F0B8802DE9F04F1646AF
:10E2F00085B0002A00F0AA8099465368002B00F0F0
:10E30000A580054600271046884600F0EDF8544BDE
:10E31000544A28781F7003953368177000284FD02F
:10E32000994528BF9946B9F1000F41D02C46BB460C
:10E33000DFF838A11AF8003003A8190748BF0134E4
:10E34000594648BF0394FFF7C1FE421C7CD00230FF
:10E3500008BF4FF0000B3246594603A808BF03958B
:10E36000FFF79EFD01306FD0039C2078A0F12C03B5
:10E37000DBB2112B0DD83C4A22FA03F3DB070CD594
:10E3800063780D2B48D00A2B46D0631C039360782A
:10E390001C460D281CD00A281AD00BF1010BCB45C6
:10E3A00008BF012788B3D945C4D8002F51D12546CD
:10E3B0002846FFF759FD002814BF00206FF00A001F
:10E3C000B8F1000F01D0C8F8005005B0BDE8F08FDB
:10E3D00000220134204614F8013B01320D2BF9D004
:10E3E0000A2BF7D0019263B32B2B2AD0252B28D0F0
:10E3F000FFF73AFD019A10BB039C0BF1010B20784B
:10E40000CB4508BF01270028CDD1254617BB2B7867
:10E41000002BCDD13846D3E70BF1010BCB4518D0FB
:10E42000594603A8FFF752FE01300DD03246594637
:10E4300003A8FFF735FD013006D0039CA5E703983C
:10E44000104405460390E1E7039DDFE76FF01500F8
:10E45000BBE725466FF00600B2E76FF01500704786
:10E46000C63F0320C73F0320014002005F32030084
:10E470001368FFF737BF00BF2DE9F8430368EBB11E
:10E4800000248146264608E047F808606E60AE60CA
:10E49000EE60D9F800309C4210D2D9F804704FEAEF
:10E4A000041817F8083007EB0415023B012B04F1A0
:10E4B0000104E9D8A8680CF0A5FBE5E7BDE8F883FE
:10E4C00058B138B50D460446102128460CF0AAFB79
:10E4D000606028B10020256038BD6FF015007047DE
:10E4E0006FF00B0038BD00BF18B143680BB1FFF7E8
:10E4F000C3BF704760B138B5436804463BB10025DF
:10E50000FFF7BAFF606825600CF07CFB656038BDE2
:10E51000704700BFE0B170B54568B5B10368994276
:10E5200013D215EB01144FEA01160ED0AB5D023B7E
:10E53000012B06D9002000210423C4E90201AB55B8
:10E5400070BDA0680CF05EFBF4E76FF0150070BDC5
:10E550006FF01500704700BF00B32DE9F04145682A
:10E56000C5B11F460368994214D215EB01144FEA56
:10E5700001160FD0A95D90460239012906D9012361
:10E58000AB550020C4E90287BDE8F081A0680CF01B
:10E5900039FBF4E76FF01500BDE8F0816FF015006E
:10E5A000704700BF88B32DE9F84346684EB317465D
:10E5B0003AB31D460368994223D216EB01144FEA81
:10E5C00001191ED0681C0CF025FB804600B33946AB
:10E5D0002A460FF050FE16F80930023B012B0CD9E9
:10E5E0000022002302210020C4E90223656006F80E
:10E5F0000910C4F80880BDE8F883A0680CF002FB9D
:10E60000EEE76FF01500BDE8F8836FF01500704776
:10E610006FF00B00EFE700BF88B32DE9F8434668C1
:10E620004EB317463AB31D460368994223D216EB00
:10E6300001144FEA01191ED028460CF0EBFA80466F
:10E6400000B339462A460FF016FE16F80930023B91
:10E65000012B0CD90022002303210020C4E902234E
:10E66000656006F80910C4F80880BDE8F883A06862
:10E670000CF0C8FAEEE76FF01500BDE8F8836FF014
:10E68000150070476FF00B00EFE700BFE0B1436883
:10E69000D3B1CAB10068814216D2080113EB01114F
:10E6A00012D01B5C012B0FD1D1E9023130B413F52C
:10E6B000004441F10005002D08BFB4F5803F06D2AB
:10E6C0000020138030BC70476FF0150070476FF06A
:10E6D0001500F7E7B0B14368A3B19AB10068814271
:10E6E00010D2080113EB01110CD01B5C012B09D1D6
:10E6F000D1E90201002908BFB0F5803F02D21080A5
:10E70000002070476FF01500704700BFD8B1436814
:10E71000CBB1C2B10068814215D2080113EB0111DF
:10E7200011D01B5C012B0ED1D1E9023130B413F1B1
:10E73000004441F10005012D08BF002C06D2002045
:10E74000136030BC70476FF0150070476FF0150014
:10E75000F7E700BFA0B1436893B18AB10068814276
:10E760000ED2080113EB01110AD01B5C012B07D15B
:10E7700030B4D1E902450020C2E9004530BC704701
:10E780006FF01500704700BF38B50446D0B11D4684
:10E790004368BBB11046AAB1A5B12268914211D21B
:10E7A0000A0113EB01110DD09B5C022B0AD14C68BE
:10E7B0002B68A34209D3224689680FF05CFD002034
:10E7C0002C6038BD6FF0150038BD6FF00B0038BD00
:10E7D000B8B14368ABB10068B0B110B41978002289
:10E7E00003F1100451B10132824208D0103305D038
:10E7F0002346197803F110040029F4D1104610BC07
:10E8000070476FF015007047704700BF10B50446A1
:10E8100090B04022002168460FF03AFD20460122C8
:10E8200002A900F0F9FE38B9032368468DF80030DC
:10E8300000F0BCFD10B010BD064B074A0146D21ACD
:10E84000D2089201054842F00102F8F7FFF910B032
:10E8500010BD00BF64F40200C4F40200A013030062
:10E8600010B5044690B00021684640220FF010FD1C
:10E87000204602A9F2F760FF38B9022368468DF8F6
:10E88000003000F093FD10B010BD064B064A014663
:10E89000D21AD2089201054842F00102F8F7D6F9DF
:10E8A00010B010BD64F40200C4F40200C8130300E9
:10E8B00010B5044690B00021684640220FF0E8FCF5
:10E8C000204602A901F01CF890B9DDE902010023FD
:10E8D00041F28832994208BF904201D010B010BD79
:10E8E000062368468DF8003000F060FD10B010BDC2
:10E8F000064B074A01469A1AD2089201054842F08F
:10E900000102F8F7A3F910B010BD00BFC4F4020073
:10E9100064F40200E413030030B5054691B04022D0
:10E92000002168460FF0B4FC284601F05BF804466D
:10E9300000F0F6FCD0B934B1204610210CF072F989
:10E940000446002837D0284602A90F9401F074F835
:10E95000C31D0DD0012822D8072368468DF800304A
:10E9600000F024FD14B120460CF04CF911B030BD7C
:10E97000164B174D1748ED1AED08AD0145F002058D
:10E980002946F8F7A9FA2A460A211348F8F75EF94A
:10E99000072368468DF8003000F008FDE2E70C4BD5
:10E9A0000A4A01469A1AD20892010C4842F0010222
:10E9B000F8F74CF9D6E7054B05490948C91AC908C3
:10E9C000890141F00101F8F787FACFE764F402000A
:10E9D000C4F402004814030070140300AC140300D4
:10E9E0001814030010B5044690B000216846402278
:10E9F0000FF04EFC204602A901F096F9E0B99DF80F
:10EA000008305A1E012A03D9042B01D010B010BDC2
:10EA10000021DDE9042341F288308B4208BF8242A5
:10EA200017D013430CBF09230A238DF80030684622
:10EA300000F0BCFC10B010BD084B094A01469A1A00
:10EA4000D2089201074842F00102F8F7FFF810B02F
:10EA500010BD08238DF80030E9E700BFC4F40200C0
:10EA600064F40200D814030010B5044690B00021ED
:10EA7000684640220FF00CFC204602A901F0D4F9B0
:10EA800038B90B2368468DF8003000F08FFC10B0C9
:10EA900010BD064B064A0146D21AD208920105481B
:10EAA00042F00102F8F7D2F810B010BD64F4020091
:10EAB000C4F402001415030030B522488FB009F0E9
:10EAC000E3FA80BB204809F0DFFA08B90FB030BD87
:10EAD0001E4A1F4C0146A41AE408A40144F0020592
:10EAE0002A461C48F8F7B2F829461B48F8F7F4F90B
:10EAF00032211A4A01A809F0EFFA054610B10020A8
:10EB00000FB030BD164901A80FF096FD00B1057099
:10EB100001A8F8F7CFFA44F0020401462246114852
:10EB2000F8F794F8EBE70A4B084A01469A1AD2081C
:10EB300092010D4842F00102F8F788F86FF00D00DD
:10EB4000C4E700BF44150300CC1A030064F40200BC
:10EB5000C4F4020088150300C0150300F415030077
:10EB6000FC150300041603005015030008B100F063
:10EB7000DFBB0549054B0648C91AC908890141F0A0
:10EB80000301F8F7A9B900BFC4F4020064F402005D
:10EB90002816030008B598B12048F2F707FD0828A9
:10EBA00014D01E48F2F702FD08281CD01C48F2F7CA
:10EBB000FDFC08281ED01B4809F066FA00BB08BD02
:10EBC000194809F061FA0028F9D019E01448F2F761
:10EBD000EDFC0828E5D1124A1049144809F054FA0E
:10EBE0000028ECD00CE00D49114809F04DFA00283E
:10EBF000E5D005E00A490F4809F046FA0028DED0C2
:10EC00000D4B0E4A01469A1AD20892010C4842F066
:10EC10000102F8F71BF86FF00D0008BDE0C90020F5
:10EC2000D4C90020DC160300E41A03009C1603007C
:10EC3000B4160300C8160300C4F4020064F4020012
:10EC4000E81603000023F0B58DB0CDE90333CDE91C
:10EC50000633CDE909338DF814308DF820308DF866
:10EC60002C30002863D00F46002960D0384C06466F
:10EC7000A0212046374A237009F02EFA002859DBDC
:10EC800020462C210FF04EFC0C250446601C8CB352
:10EC90002C210FF047FC013D0446F7D150B3A11CD5
:10ECA000082203A80FF081FC601C2C210FF03AFC15
:10ECB0000446F8B10822A11C06A80FF076FC2C210E
:10ECC000601C0FF02FFC09AB28B1811C08221846EC
:10ECD0000FF06BFC03461A4606A903A801AB00F02F
:10ECE000FBFB0446A8B9DDE9012332603B60204606
:10ECF0000DB0F0BD6FF00D04174B18491848C91A34
:10ED0000C908890141F00101F8F7E6F820460DB085
:10ED1000F0BD114B114A0146D21AD2089201114896
:10ED200042F00102F7F792FF20460DB0F0BD6FF000
:10ED30001504DCE7094B084A01469A1AD2089201E9
:10ED4000094842F00102F7F781FF6FF00D04CEE7AA
:10ED5000E03103201817030064F40200C4F4020039
:10ED6000481703006417030028170300F0B50024B8
:10ED70000546A3B04022214612A80FF089FA214689
:10ED8000302206A88DF80E4004AE0FF081FA0DF186
:10ED90000F0200922846012106AB0DF10E027460AD
:10EDA000049400F0A1FC00285FD19DF80E3003F020
:10EDB000FB03012B52D000F0B3FA0346C0B94E4911
:10EDC0009DF80E200878904224D130224B4906A8A5
:10EDD0000FF043FA00285BD1494A9DF80F301178B3
:10EDE000994207D19DF80E4004F0FB04012C1AD083
:10EDF00023B0F0BD052112A813708DF850308DF8A6
:10EE0000481000F0D3FA9DF80E4004F0FB04012CEA
:10EE1000EED108E012A80A708DF848308DF8502025
:10EE200000F0C4FAD1E7304605A9FFF70BFF002830
:10EE300051D1344D0822294630460FF00EFA0028F1
:10EE4000D6D096E8030014AB85E8030083E80300FE
:10EE500012A88DF8484000F0A9FAC9E7089B0133D1
:10EE600045D029480AF08AF9A5E7284B284A0446E4
:10EE700028469D1AF8F71EF9ED08AD0145F0010589
:10EE800002462B4621462348F7F7B2FF23B0F0BDD8
:10EE9000042506ACA4460FCC184F8DF848500FC778
:10EEA0000FCC0FC794E80F0014AD87E80F00BCE843
:10EEB0000F000FC5BCE80F000FC594E80F0085E8F0
:10EEC0000F0012A800F072FA0D4A9DF80F30117869
:10EED000994287D08EE70E4B0C490F48C91AC908D2
:10EEE000890141F00101F7F7F7FF23B0F0BD0423DA
:10EEF0008DF80E305FE700BFCC3F0320C8CF002065
:10EF0000CB3F0320C8310320B0310320C4F40200FA
:10EF100064F4020094170300C017030005232DE9D1
:10EF2000F04782B00193002845D0DFF8F0A000261A
:10EF30005046F2F73BFB04284FF004042E4D2F4FB0
:10EF4000DFF8DC80DFF8DC901AD02146384609F083
:10EF50009BF8002842D12846F2F728FB042815D058
:10EF60000524274DDFF8C0A01EB1002002B0BDE887
:10EF7000F0875046F2F71AFB04284FF00106E4D15F
:10EF800052462146404609F07FF8E2E72A462146EC
:10EF9000484609F079F80028E2D01A4B1A4A01468F
:10EFA0009A1AD2089201194842F00102F7F74EFE70
:10EFB0006FF00D00DAE7164809F066F80028D4D0A3
:10EFC000104B114A01469A1AD2089201114842F098
:10EFD0000102F7F73BFE6FF00D00C7E7094B0A4A45
:10EFE00001469A1AD20892010B4842F00102F7F743
:10EFF0002DFE6FF00D00B9E7D0310320201803007B
:10F00000D8310320C4F4020064F402007018030035
:10F01000D81A0300E017030030180300C4C9002009
:10F020000C1803005C180300CCC90020072838B571
:10F03000044621D804290D4611D81D4A1D4B525CA7
:10F0400053F820101C4809F01FF818BB1B4B1C4933
:10F050001C701C4A1C4B0C7015701D7038BD1B4B6E
:10F060001B4A1C48D21AD208920142F00102F7F75B
:10F07000EDFD6FF0150038BD144B154A0146D21A4C
:10F08000D2089201144842F00102F7F7DFFD6FF059
:10F09000150038BD0E4B0D4A01469A1AD20892014E
:10F0A0000E4842F00102F7F7D1FD6FF00D0038BDB8
:10F0B000101B0300F01A0300E8180300CD3F0320E3
:10F0C00048CC0020C93F0320CA3F032064F402005B
:10F0D000C4F40200C01803009C18030000190300C8
:10F0E000002800F08C8030B587B005AA04ABCDE9CC
:10F0F000003205460C464A484A4903AB02AA09F0C9
:10F1000051F804286DD1DDE90232002B14BF02232F
:10F1100000230AB143F00403049A0AB143F0080340
:10F120000E2B09D8DFE803F05708510854081608D9
:10F130003E084B084E085A003B4B3C493C48C91A14
:10F14000C908890141F00101F7F7C6FE6FF00D0013
:10F1500007B030BD06232B7044B30599042951D85C
:10F16000DFE801F01D1A1714030004232370314B4C
:10F170002A781978914200D01A702F4B227819788A
:10F18000914218BF1A70002007B030BD03232370CE
:10F19000EDE702232370EAE701232370E7E700236A
:10F1A0002370E4E703232B70002CD6D1214B2A785F
:10F1B00019789142E7D020461A7007B030BD042379
:10F1C0002B70C9E705232B70C6E701232B70C3E71B
:10F1D00002232B70C0E700232B70BDE707232B70A1
:10F1E000BAE7124B104A01469A1AD2089201134804
:10F1F00042F00102F7F72AFD6FF00D00A8E76FF06B
:10F2000015007047094B084A0D489A1AD208920116
:10F2100042F00102F7F71AFD6FF00D0098E700BF0A
:10F22000441903002819030064F40200C4F4020026
:10F230007C190300CD3F0320C93F0320541903006C
:10F24000A8190300F8B5274E317811B100242046E3
:10F25000F8BD254F254D0122254809F07FFF39468D
:10F260002846FFF73DFF0446C0B9224A2B781078A4
:10F27000834210D1204A3B7811788B4203D0FFF7AC
:10F28000D5FE044608BBFFF717FC044690B90123DE
:10F2900020463370F8BD184B1978F0E7174B184A21
:10F2A0000146D21AD2089201164842F00102F7F73D
:10F2B000CDFCCCE7114B12491348C91AC908890182
:10F2C00041F00101F7F708FEC1E70C4B0C4A01467B
:10F2D000D21AD20892010D4842F00102F7F7B6FCAB
:10F2E000B5E700BFC83F0320C93F0320CD3F03203F
:10F2F000B031032048CC0020CA3F032064F4020050
:10F30000C4F40200C8190300201A0300F81903000E
:10F3100008B5FFF797FF002818BF6FF00D0008BD74
:10F32000024B1868B0FA80F0400970478032032021
:10F3300038B504461B4D4FF0FF334FF0FF321A48EB
:10F3400009F08AFD2B68002B38BF00232BB90CE095
:10F350001B68002B38BF00233BB15A68A242F7D18B
:10F36000114809F0FFFD002038BD08200BF052FCC9
:10F3700090B100226B68C0E9002433B11860686066
:10F38000094809F0EFFD0020EEE7C5E90000064856
:10F3900009F0E8FD0020E7E7034809F0E3FD6FF01E
:10F3A000680038BD8032032010CE002038B5134CE1
:10F3B00023680BB305464FF0FF334FF0FF32104880
:10F3C00009F04AFD236893B11C682846002C38BF19
:10F3D00000245B68984754B122682346002A38BF4E
:10F3E0000022144628465B689847002CF4D1BDE8FB
:10F3F0003840034809F0B6BD38BD00BF8032032055
:10F4000010CE002070B598B114468AB1054610465A
:10F410000E46F2F7CBF8864201D2002070BD32468C
:10F42000214628460EF019FFB0FA80F0400970BD61
:10F43000054B06490648C91AC908890141F001016E
:10F44000F7F74AFD002070BD64F40200CCF402001E
:10F45000181B030070B582B004460D461646FAF735
:10F46000A3F800232A46036001A920460CF092FF6E
:10F47000019BA34210D01B7873B900F10043013BFC
:10F480000333054603D80020356002B070BDFAF79B
:10F490008BF80368222BF6D16FF03C00F5E700BF34
:10F4A00070B5102586B001AB144602AA0195FFF78E
:10F4B0006BF9034668B9019E224606AC294602A8AC
:10F4C000264406F8103CFFF7C5FF031E18BF6FF077
:10F4D0003C03184606B070BD2DE9F0414FF000081E
:10F4E00082B00C4617461E460546CDF80480F2F75A
:10F4F0005DF8082871D12046F2F758F808286CD139
:10F50000A17823888DF806100222414601A8ADF8A3
:10F5100004300DF063F80728034664D8DFF8F4C020
:10F52000E01C5CF82340414602220DF057F814B36A
:10F5300000FB04F03060013020D02A88AB78ADF8B1
:10F5400004200021022201A88DF806300DF046F8B3
:10F55000072803464BD8284C022254F823400021A8
:10F56000E81C0DF03BF85CB304FB00F40020746071
:10F5700002B0BDE8F0814FF0FF333360002FDCD0E4
:10F580003846F2F713F80828D7D13888BB78ADF899
:10F5900004000222002101A88DF806300DF01EF8AB
:10F5A000072803460FD8154C022254F823400021A7
:10F5B000F81C0DF013F89CB100FB04F03060BCE7C0
:10F5C0004FF0FF34D2E70E490E4B0F48C91AC90855
:10F5D000890141F00101F7F77FFC6FF01500C7E7E3
:10F5E0004FF0FF30EAE70649064B0848EEE70449CA
:10F5F000044B0748EAE700BFE0200300E0200300D7
:10F60000CCF4020064F40200AC1C0300741C030080
:10F61000D81C030000210300F0B5002485B0054686
:10F620000F4602A80421CDE902441646FEF748FF22
:10F63000044620BB014602AA2846FEF719FF0446ED
:10F6400060B9314601AA02A8FFF760F8044630BB52
:10F65000019911B301292ED139700AE01C4A1D4BC2
:10F660000146D21AD20892011B4842F00102F7F774
:10F67000EDFA02A8FEF73EFF204605B0F0BD154B9F
:10F68000134A0146D21AD2089201144842F00102EC
:10F69000F7F7DCFA204605B0F0BD3870E9E70D4B0E
:10F6A0000B4A0146D21AD20892010D4842F00102DB
:10F6B000F7F7CCFADDE7064B064A0A489A1AD20851
:10F6C000920142F00102F7F7C1FA6FF01504D0E79A
:10F6D000CCF4020064F40200FC1C0300341B0300A1
:10F6E000281D0300541D03002DE9F0414FF0090CC3
:10F6F00000244FF0070E8AB005460F4605A80B21DF
:10F700000394ADF810408DF8124090461E46CDF897
:10F7100000E0CDF804C0FEF7D3FE0446002857D120
:10F72000014605AA2846FEF7A3FE044600283DD15F
:10F7300001466B4603AA05A8FFF726F804460028F1
:10F740006DD1654A009903A8FFF75CFE002838D008
:10F75000002F14BF0121022107AA05A8FEF7D6FF3A
:10F76000011E40F09C800799082902D03FDD5A29EC
:10F770003FD1B8F1000F01D088F800102EB15A29FE
:10F7800059D14FF0FF33C6E90233109BCBB1002FA4
:10F7900014BF0421052102AA05A8FEF7B7FF00281F
:10F7A0007BD19DF80830109A13700AE04B4A4C4BFD
:10F7B0000146D21AD20892014A4842F00102F7F7F4
:10F7C00045FA05A8FEF796FE20460AB0BDE8F0818E
:10F7D000434B424A0146D21AD2089201424842F0B3
:10F7E0000102F7F733FA20460AB0BDE8F081052997
:10F7F000BFD93A4C3A4D3D48621BD208920142F0C3
:10F800000102F7F723FA6FF01501621BD20892018B
:10F81000374842F001020C46F7F718FAD1E7304BAF
:10F820002E4A0146D21AD2089201324842F0010211
:10F83000F7F70CFAC5E705A8FEF7CAFF0328A0D919
:10F84000002F14BF0221032101AB07AA05A8FEF770
:10F850009BFF014640BB019B0AAA134403F80C0C12
:10F86000102207A80CF0BAFE0925002F14BF0321AF
:10F870000421F06001AB07AA05A80195FEF784FFFB
:10F880000146E8B9019B0AAA134407A8102203F80D
:10F890000C1C0CF0A3FEB06077E7002383E7BFF6F3
:10F8A00068AF0E4C0E4DB0E70C4B0D4A12489A1A39
:10F8B000D208920142F001020C46F7F7C7F980E73F
:10F8C000064B074A0D489A1AD208920142F00102EB
:10F8D0000C46F7F7BBF974E77C1A0300CCF402007E
:10F8E00064F40200701D0300341B0300CC1D0300F0
:10F8F000F41D0300A01D0300241E0300501E03007E
:10F90000002370B582B0CDE90033002959D00646F6
:10F91000002856D00D4668460421FEF7D1FD044666
:10F9200040BB01466A463046FEF7A2FD0446A8B930
:10F930002A4602216846FEF70DFF0446002834D10E
:10F94000D5E9002308212048994208BF90421FD3DF
:10F950006846FEF7CFFD204602B070BD1B4B1C4A27
:10F960000146D21AD20892011A4842F00102F7F772
:10F970006DF9EDE7154B164A0146D21AD2089201ED
:10F98000154842F00102F7F761F9204602B070BD58
:10F990000E4B0F491148C91AC908890141F00201EB
:10F9A000F7F79AFA6FF01504D2E7084B084A0146B8
:10F9B000D21AD20892010A4842F00102F7F746F93A
:10F9C000C6E76FF01504C6E700E0995064F4020042
:10F9D000CCF40200741E0300341B0300D41E030089
:10F9E000A41E030010B5044690B10346002213F88C
:10F9F000010B2C280AD00028F9D10A2A05D90A4B74
:10FA0000A2F10900A3FB0030800810BD0132EEE72F
:10FA1000064B07490748C91AC908890141F0010185
:10FA2000F7F75AFA204610BDCDCCCCCC64F40200D6
:10FA3000CCF40200041F03002DE9F0430023064626
:10FA40000B200D46324619468DB0CDE9093304909E
:10FA5000CDF82B3012F8013B2C2B2BD0002BF9D1F9
:10FA60004FF0FF3285F830300331AA6007A8FEF767
:10FA700027FD044628BB014607AA3046FEF7F8FCDE
:10FA80000446C8B90746002109AA04AB07A8FEF737
:10FA90007BFE0446002840F013819D4A049909A882
:10FAA000FFF7B0FCE0B907A8FEF724FD20460DB033
:10FAB000BDE8F0830131CDE7C31D40F00D81012782
:10FAC000E1E7944B944A0146D21AD2089201934836
:10FAD00042F00102F7F7BAF820460DB0BDE8F08316
:10FAE000012101AA07A8FEF711FE002840F0E680D8
:10FAF000019B002B40F0FC80022102AA07A8FFF71F
:10FB0000CFFC002840F0DA80029BB3F1805F03DB7A
:10FB10004FF0FF32134602924FF00708AB6003210B
:10FB200005AA03AB07A8CDF80C80FEF72DFE002830
:10FB300040F0C480039B0CA90B4403F81C0C0A2161
:10FB40002A1D0DF11700FFF785FC0346002840F041
:10FB5000DA802A460A2105A88DF81730FFF77AFCCB
:10FB60000346002840F0CF80042102AA07A8FFF72F
:10FB700097FC0346002840F0C680029B0521EB60FD
:10FB800002AA07A8FEF7C2FD0346002840F0BB808A
:10FB9000029B0621AB8205F1100207A8FEF7B6FD15
:10FBA0000346002840F0AF80414605F1280207A82F
:10FBB000FEF76CFD0346002840F0A580082102AA4C
:10FBC00007A8FEF7A3FD0346002840F09C80029B97
:10FBD00009216B8502AA07A8FEF798FD03460028B5
:10FBE00040F09180029B0A21AB8505F1200207A815
:10FBF000FEF7B0FD0346002840F085803046FFF751
:10FC0000F1FEC6B285F8300007A8FEF7E1FD06EB6D
:10FC100086060B3686426DD300220023C5E90623F3
:10FC200095F83030002B6ED06A6B002A6DD00F260D
:10FC30004FF0000839E06A6B07A802EB0812FEF7E4
:10FC400065FD4FEA08190346F11E00285BD16B6B76
:10FC500007A84B4403F10802FEF718FDB11E034646
:10FC6000002850D102AA07A8FEF750FD711E0346D6
:10FC7000002848D16B6B029A4B445A8107A802AA0C
:10FC8000FEF744FD034600283DD16A6B029B4A44BF
:10FC900093813146043207A8FEF738FD0536034646
:10FCA00088BB95F8303008F101089845A6F10401A9
:10FCB000C1D3002F18BF6FF00604F4E60446F2E645
:10FCC000144B154A0146D21AD2089201144842F048
:10FCD0000102F6F7BBFFE6E60E4B0F4A0146D21AC9
:10FCE000D20892010F4842F00102F6F7AFFFDAE6C0
:10FCF0000124D8E6314605F1180207A8FEF72AFDCF
:10FD0000034600288CD01C46CDE61446CBE600BF47
:10FD1000581A030064F40200CCF40200341B030000
:10FD2000A01D0300301F0300002370B584B0CDE98F
:10FD30000233002968D00546002865D00E4602A887
:10FD40000421FEF7BDFB044678BB014602AA284603
:10FD5000FEF78EFB0446B8B901210DF1060202A898
:10FD6000FEF7B8FC0446002842D1BDF8063002A8D0
:10FD70003370FEF72DFD022825D84FF0FF324FF0EB
:10FD8000FF33C6E902230AE0214A224B0146D21A78
:10FD9000D2089201204842F00102F6F757FF02A86C
:10FDA000FEF7A8FB204604B070BD1A4B184A014666
:10FDB000D21AD2089201194842F00102F6F746FF22
:10FDC000204604B070BD022106F1080202A8FEF729
:10FDD000C1FC04460028E2D00E4B0D4A0146D21A5F
:10FDE000D20892010E4842F00102F6F72FFFD6E743
:10FDF000084B074A0146D21AD2089201094842F03C
:10FE00000102F6F723FFCAE76FF01504CAE700BF47
:10FE1000CCF4020064F40200641F0300341B0300EE
:10FE2000C41F0300981F030078B3F8B50E46E1B174
:10FE30000821174A0546FFF7E5FAC8B108352946F3
:10FE400014480024144FF1F7A7FB48B10134052CE6
:10FE500008D0294657F8040BF1F79EFB0028F5D18E
:10FE60003470F8BD6FF03C00F8BD6FF01500F8BDC0
:10FE70000A4B0B490B48C91AC908890141F0010115
:10FE8000F7F72AF86FF00400F8BD6FF0150070471F
:10FE900010200300FC1F0300D020030064F40200C4
:10FEA000CCF402001C20030008B5F6F783FE064BD5
:10FEB00006490748C91AC908890141F00101F7F745
:10FEC0000BF80020F9F72EF964F4020084F4020024
:10FED0002021030008B500F031F9002008BD00BF63
:10FEE00038B5002800F09180036804463D2B79D88E
:10FEF000002563683B2B68D8A368172B58D8E368A4
:10FF0000013B1E2B38D823690B2B20D840F2F96215
:10FF10006369733B934272D8BDB92046F5F7CEFBB7
:10FF20000C4642014B01121A43EAD06363EB010312
:10FF300099009300181841EA92716141C90041EAA1
:10FF400050710222C00000F09DF9284638BD354DA1
:10FF5000354BED1AC5F3C905AD01344845F0010133
:10FF6000F6F7BAFF40F2F9626369733B934219D81E
:10FF70006FF01505284638BD2B4B2A4D2C48ED1A3D
:10FF8000E908890141F00101F6F7A6FF2369C5F3ED
:10FF9000C9050B2BE0D840F2F9626369733B9342C9
:10FFA000E6D9AD01234845F00101F6F795FFDFE7FB
:10FFB0001D4B1C492048C91AC908890141F001019B
:10FFC000F6F78AFF6FF0150599E7174B15491B489F
:10FFD000C91AC908890141F00101F6F77DFF6FF0E8
:10FFE000150589E7104B0F491548C91AC908890139
:10FFF00041F00101F6F770FF6FF0150579E7094D43
:020000040002F8
:10000000094BED1AC5F3C905CBE7074B05490D4868
:10001000C91AC908890141F00101F6F75DFF6FF0C7
:10002000150592E774F4020064F402002422030030
:10003000F821030054220300C82103009821030083
:10004000682103004021030010B5A8B1044600F068
:10005000D7F820B12046BDE8104000F075B80D4B30
:100060000D490E48C91AC908890141F00201F6F785
:1000700033FF6FF03C0010BD064B07490848C91A12
:10008000C908890141F00101F6F726FF6FF015005C
:1000900010BD00BF64F4020074F402008422030067
:1000A0004021030000F0ACB800F0A4B800F094B810
:1000B000014809F063B800BF90CE002010B5064893
:1000C00009F040FA00B110BD4FF0E152BDE8104018
:1000D0000023014809F074BA00C50020037803B179
:1000E0007047037A013B072BFAD801A252F823F09C
:1000F000110102001B010200E1000200E100020008
:1001000011010200E1000200E10002001101020001
:1001100010B5FFF7C7FF10B110BD00F0B5BA064823
:1001200009F010FA0028F7D1BDE810404FF4004262
:100130000023014809F044BA00C500200148FEF739
:1001400015BD00BFDD000200F0B5064685B00120F8
:100150006946F1F735FA28BBDDE900174A017B0152
:10016000521A43EAD16363EB07034FEA820C9B0008
:100170001CEB010443EA927343EB0705EB00E2003A
:1001800043EA547314461D460F49029BDA1781FB5C
:100190000313C2EBA343E41845EBE375C6E900453E
:1001A00005B0F0BD094B0A4CE41AF9F7FDF9E40873
:1001B000A40144F00204016822460648F6F746FD11
:1001C0006FF03C00ECE700BF83DE1B4364F40200E9
:1001D00074F40200B422030008B508B1034B1860A0
:1001E000034808F0CBFF002008BD00BF8832032081
:1001F00090CE0020014B1860704700BF883203206A
:10020000034BD3E90023134314BF012000207047A0
:1002100078D000202DE9F843184ED6E90023134387
:1002200029D00AF009F94FF0000947014B013A1AA9
:1002300043EAD06363EB01039B00970043EA9273A8
:100240003A1843EB0101C900D30041EA5271DA0BBD
:100250003368706842EA4142DFF82480D41A4FEADA
:10026000D13161EB0005444575EB0903B8BF0020AF
:1002700001DABDE8F8836FF03C00FAE778D000209F
:1002800080EE360000232DE9F0438FB005460C4682
:1002900016461946242205A8CDE90033CDE90233DC
:1002A0000DF0F6FF0AF0C8F847014B013A1A43EA8D
:1002B000D06363EB01039B00970043EA92733A1803
:1002C00041EB0303DB00D10043EA5273CA0B25491B
:1002D00042EA4342DB0BC1E90023FFF7EFFE4FF494
:1002E0007A72002328462146F0F7C2FE80468946EE
:1002F0004FF47A72002328462146CDE90089F0F7B1
:10030000B7FE194B694603FB02F201200292F1F796
:10031000BFF990B905A968460AF01EFD05A800F0CE
:1003200079F9FF2E1CBF114B1E70114B1B680BB1CE
:100330000E4898470FB0BDE8F0830E4B0E4A0146B9
:10034000D21AD20892010D4842F00102F6F77EFC63
:100350000322074B05481B680270002BE9D10FB040
:10036000BDE8F08378D0002040420F008C3203209B
:100370008832032064F4020074F40200D4220300E3
:100380002DE9F043DFF8649000260027C846154D9C
:10039000154C83B04FF0FF324FF0FF33204608F08A
:1003A00017FFFFF737FF38B9FFF788FE2B68002BE0
:1003B000F0D040469847EDE76846CDE9006700F089
:1003C000DDF8024640B1FFF779FE03222B6889F879
:1003D0000020002BEDD1DDE7DDE90001FFF752FF42
:1003E000D8E700BF8832032090CE00208C32032053
:1003F000002800F082800122F0B5594B8DB00446F0
:100400001A70FFF707FF08B90DB0F0BD2C21204688
:100410000EF088F8054600287DD0F1F7C7F81028BF
:1004200040F285806B78222B68D10C210623A81C12
:1004300001AAF4F7ABFE0528014640F284809DF83E
:1004400004509DF8054005F00F0000EB80002D09D9
:100450009DF8066005EB400504F00F009DF80710BD
:1004600000EB8000240904EB400406F00F009DF827
:10047000082000EB8007300901F00F0606EB860626
:1004800009099DF8093001EB460102F00F0606EB61
:100490008606120902EB460203F00F0606EB8606FB
:1004A0001B0900EB470003EB4603EDB2E4B2C6B212
:1004B000D2B2DBB26435013CC9B203A8CDE906640F
:1004C000CDE9042103930895F5F7F8F80C464201AD
:1004D0004B01121A43EAD06363EB010399009300C6
:1004E000181841EA92716141C90041EA5071002235
:1004F000C000FFF7C7FE0DB0F0BD7047194B1A4A98
:100500002146D21AD2089201184842F00102F6F7A9
:100510009DFB0DB0F0BD134B134A2146D21AD208F1
:100520009201134842F00102F6F790FB6CE70D4B85
:100530000D4A2146D21AD20892010E4842F0010219
:10054000F6F784FB60E70748074B22461B1ADB08D7
:100550009B01094843F00103F6F74AFC6FE700BF2F
:10056000CE3F032064F4020074F40200542303001D
:1005700000230300302303008C23030030B58FB029
:1005800006A907AA08AB05ADCDE90032CDE90215F1
:1005900004461B491B4809AB0AAA07F003FE0628BC
:1005A00020D1DDE9093228466432013BCDE9093228
:1005B000F5F784F845014B012A1A43EAD06363EB4F
:1005C00001039B00950043EA92732A184FF0000044
:1005D00043EB0101C90041EA5271D200C4E9002194
:1005E0000FB030BD084B094A01469A1AD208920151
:1005F000074842F00202F6F729FB6FF03C00EFE7F4
:10060000C0230300DC23030074F4020064F402003E
:10061000E8230300164B1B7803B17047642130B503
:100620004469144D85B0039385FB0435E317C3EB90
:1006300065130568026901FB1341D0E90143CDE967
:1006400001450093C36801320B4807F01DFD08B94E
:1006500005B030BD0146094B094A0A489A1AD2082A
:10066000920142F0010205B0BDE83040F6F7EEBA63
:10067000CE3F03201F85EB517824030074F4020061
:1006800064F40200A824030008B5094807F0FCFC44
:1006900000B908BD074B084A0146D21AD208920198
:1006A000064842F00102BDE80840F6F7CFBA00BFA5
:1006B000C824030064F4020074F40200D42403008C
:1006C00030B56FF461740319622B83B013D9274CD2
:1006D000E068421C01D0F7F715FDA068431C08D064
:1006E000F7F710FD4FF0FF330022C4E90233227107
:1006F000236103B030BDA0F28630009103282CD8CE
:10070000DFE800F0131B23024FF431720021184B75
:1007100018480DF0D3FE154C16486569F0F746FFF2
:100720000146144889B2A847D2E74FF4317200213C
:10073000114B10480DF0C2FEEDE74FF4317200216D
:100740000E4B0C480DF0BAFEE5E74FF43172002174
:100750000B4B08480DF0B2FEDDE74FF4317200217B
:10076000084B04480DF0AAFED5E700BF90320320E5
:100770008C250300C43203203025030050250300DC
:1007800068250300182503002DE9F04182B0A9B3C4
:10079000002407460D462646DFF8808001E0AC4283
:1007A0002CD2D8F808002A1BB2F5317F28BF4FF4AD
:1007B000317239190023CDE90066F7F7F1FC002802
:1007C0000444ECDA114B124CE41AF8F7EDFEE4089D
:1007D0000168A40144F0010422460E484942F6F79C
:1007E00035FAF8F7E1FE0368732BC3F1000406D174
:1007F000214640F28930FFF763FF00E00024002229
:100800002046054B1A7002B0BDE8F08164F4020086
:100810009CF40200A8250300CF3F03209032032060
:1008200070B5292186B004460DF0F2FE002800F0D4
:10083000A08005462C2120460DF0EAFE0446002843
:1008400000F0978000262A1A0823013A611C04A8A8
:10085000CDE904660DF0BCFE04A80DF0ECFC464D9D
:1008600014F8013C0646EA5C611E520704D511F8F3
:10087000013DEA5C5007FAD42C2B7AD10025621A8C
:100880000823013A013104A8CDE904550DF0A0FE7A
:1008900004A80DF0D0FC394D06EB00242B69286824
:1008A000A4B2002B4FF00101D4BF06224FF4817295
:1008B000F7F7FCFB0028E86020DB2B695A1C11D1FC
:1008C0002B68012B4FEA042343EA1424EC832C49C0
:1008D0000CBF08221822F7F73BFC002823DB00207E
:1008E00006B070BD03930423012200934FF48D7171
:1008F00003ABF7F72DFE70BBE868E1E7214B224C14
:10090000E41AF8F751FEE4080168A40144F0010478
:10091000224649421D48F6F799F9F8F745FE006866
:10092000404206B070BD174B174CE41AE408F8F7C4
:100930003BFEA40144F001042246016814484942E8
:10094000F6F784F9E868F7F7DDFBF8F72DFE0068A5
:10095000404206B070BD0B4B0B4CE41AF8F724FE76
:10096000E4080168A40144F0010422460948494210
:10097000E6E76FF01500B3E75F3203009032032023
:10098000AC32032064F402009CF40200BC25030096
:10099000EC250300D425030030B5ADF5377DFFF716
:1009A0003FFF002837D10122244CADF81020E36826
:1009B000039313E0BDF81230DB0726D5E06800236F
:1009C00005A94FF43172CDE90033F7F719FC011E88
:1009D00089B223DB19D0A36905A8984742F21072A7
:1009E000012103A8F7F792FD0028E3DC144B154D15
:1009F000ED1AF8F7D9FDED080168AD0145F00105E4
:100A00002A4611484942F6F721F9E068F7F77AFBE0
:100A100000220E4B1A700DF5377D30BD084B094D85
:100A2000ED1AF8F7C1FDED080168AD0145F00105CB
:100A30002A4607484942F6F709F9E6E790320320CB
:100A400064F402009CF4020008260300CF3F032058
:100A500020260300054B9B68013303D00449054859
:100A600008F010BD044809F0D9BD00BF9032032042
:100A7000ECC9002080D0002000CD0020027C03467D
:100A8000012A3ED002B170472DE9F041D0E90507B7
:100A900082B0DD69FFF7C4FE044678BBA5B3064605
:100AA000DFF87C8001E0A54221D9D8F80C002A1B90
:100AB000B2F5317F28BF4FF4317239190023CDE9E7
:100AC0000066F7F76DFB00280444ECDA104B114C7C
:100AD000E41AF8F769FDE4080168A40144F0010490
:100AE00022460D484942F6F7B1F8F8F75DFDD8F80F
:100AF0000C00F7F707FB0022084B1A7002B0BDE8A4
:100B0000F0814069FFF748BFDFF81480EFE700BFCE
:100B100064F402009CF4020038260300CF3F032057
:100B20009032032001232DE9F041594F86B0BA6875
:100B300006460C460492ADF8143042F21072194683
:100B400004A8F7F7E3FC0028C0F288804AD0BDF97A
:100B50001610CA068BB25BD413F020056BD1DB07ED
:100B600043D5B868DFF834812B4641464FF43172E3
:100B7000CDE90055F7F744FB00281DDD08F80050CB
:100B80001EB181B27B69404698470021414B1970E4
:100B90001CB9204606B0BDE8F08106223E4B009409
:100BA00002A80DF08BFC3D4802A90DF045FD002880
:100BB00008BF4FF4FA74ECE7394B3A4CE41AF8F7F3
:100BC000F3FCE4080168A40144F001042246494210
:100BD0003548F6F73BF8F8F7E7FC0068404206B006
:100BE000BDE8F0816FF07300D4E72E4B2C4A2F48FC
:100BF0009A1AD208920142F00102F6F727F84FF450
:100C000062706FF00A01FFF75BFD6FF00A00C1E749
:100C1000234B24492648C91AC908890141F001011A
:100C2000F6F75AF940F285306FF06701FFF748FD9B
:100C30006FF06700AEE71A4B1A491E48C91AC90877
:100C4000890141F00101F6F747F940F286306FF073
:100C50007001FFF735FD6FF070009BE7104B114CF2
:100C6000E41AF8F7A1FCE4080168A40144F00104C7
:100C7000224649421048F5F7E9FFF8F795FC01686C
:100C800040F287304942FFF71BFD6FF0040081E717
:100C900090320320CF3F0320A0260300C43203205C
:100CA00064F402009CF40200882603007C26030002
:100CB00068260300702603005026030008B5084B81
:100CC0001A7812B901221A7008BD06210548FFF7EB
:100CD0005BFD0028F8D1BDE80840C821FFF722BF1E
:100CE000CF3F0320A426030030B5002583B0E221C6
:100CF0000120FFF717FFE228044604D010F1740F1B
:100D000004D00028F3DA204603B030BD3B2D01DCCF
:100D10000A35ECE740F28E3200210092084B4FF486
:100D2000317208480DF0CAFB074B06485D69F0F7C1
:100D30003DFC0146034889B2A847204603B030BDB8
:100D4000AC260300C4320320903203202DE9F04387
:100D50006F4D99B02E79002E40F0CC8004464FF0B4
:100D60000108894617463146502204A80DF090FA32
:100D70003146204604AA03ABCDE90688F7F782F98D
:100D8000002840F0AA80DDF80CC005F11C04DCF856
:100D9000186030687168B268F368C5F800800FC4E5
:100DA0003069716903C46046F7F76EF928687A1CE8
:100DB0000CBF06224FF481724146F7F777F90028FD
:100DC000A8605DDB7B1C4ED12E68012E21D0514ADC
:100DD000514B5248D21AD108890141F00101C2F3A6
:100DE000C904F6F779F8F8F7DFFBA40144F0010431
:100DF000224601684A484942F5F728FFA868F7F7F4
:100E000081F9F8F7D1FB04686442204619B0BDE8C7
:100E1000F08399FA99F9A868A5F81E90082241492B
:100E2000F7F796F9002844DBDC213046FFF77AFE1D
:100E3000DC28044636D13C4A00213C4B00923C4819
:100E40004FF431720DF03AFB3948F0F7AFFB014631
:100E50003748FFF799FC044620BB01463046FFF7B0
:100E600061FEC824D1E7A868049704224FF48D716D
:100E7000009204AB0122F7F76BFB00BB2F61A3E7E5
:100E8000254B244CE41AF8F78FFBE4080168A40111
:100E900044F00104224649422648F5F7D7FEF8F708
:100EA00083FB8FE7A868F7F72DF9204619B0BDE856
:100EB000F083184C184AA41AC4F3C90493E7164BDC
:100EC000144CE41AF8F770FBE4080168A40144F03C
:100ED00001042246184849428EE70F4B0D49174836
:100EE000C91AC908890141EA0801F5F7F5FF6FF051
:100EF00075048AE7084B07491148C91AC9088901CE
:100F000041F00101F5F7E8FF6FF015047DE700BF40
:100F1000903203209CF4020064F4020010270300C6
:100F200020270300AC320320482703003C2703009E
:100F3000C4320320F8260300D4250300DC26030076
:100F4000C426030030B583B04FF43172224B0090B9
:100F50000D46224800210DF0B1FA2048F0F726FB9B
:100F600001461E48FFF710FC044610B1204603B0AE
:100F700030BD40F24B110120FFF7D4FD40F24B137E
:100F80009842044610D0E62CF0D10122144B4FF4C5
:100F9000F01000211A714FF40042CDE90001002346
:100FA000104809F0D5FAE1E74FF4317200210E4BF9
:100FB0000A4800950DF082FA0848F0F7F7FA014662
:100FC0000648FFF7E1FB04460028CFD1E6210120C7
:100FD000FFF7A8FD0446D6E750270300C4320320DC
:100FE0009032032000CD00205C27030008B5094B98
:100FF0001B794BB106210848FFF7C6FB00B108BDBD
:10100000DD210120FFF78EFD0021C820FFF758FBEE
:10101000DD2008BD903203206827030008B568B1C1
:10102000012812D108210A48FFF7AEFB00B108BD24
:10103000C821BDE808400120FFF774BD082105481C
:10104000FFF7A2FB0028F2D1F2E76FF0150008BD10
:101050007C2703007027030000B583B000214FF404
:1010600031720C4B00900C480DF028FA0A48F0F74A
:101070009DFA01460848FFF787FB10B103B05DF801
:1010800004FB40F20111012003B05DF804EBFFF70F
:1010900049BD00BFB4270300C4320320022B62D82D
:1010A0002DE9F0411C4634F0020307460D46164672
:1010B000A2B024D1002859D0002957D0002A38D115
:1010C0007CB3012C1CD0802200212B4B009702A85E
:1010D0000DF0F4F902A8F0F769FA014602A8FFF74B
:1010E00053FB48B9002D3AD0002E38D0234924486C
:1010F00008F0C8F9FFF7F8FD22B0BDE8F081B1B9FA
:10110000204B93E803000B0C029002A8ADF80C10E2
:101110008DF80E30F0F74AFA014602A8FFF734FBCB
:10112000DFE721468022184B009702A8D0E7002A6B
:10113000E6D006211548FFF727FB8046C8B9E32112
:101140000120FFF7EFFCE328D6D10C4B104AC3E98E
:10115000065683F810805A61002CB2D1E1E7E220F4
:1011600022B0BDE8F0816FF0150070476FF01500F8
:10117000C2E76FF00400BFE7D427030088350320DF
:1011800080D00020C0270300C82703008827030061
:10119000C4320320D8B1D1B170B500254FF0FF366D
:1011A0000C4C82B00E234FF400626061A1610A48CA
:1011B0000A490095C4E902662571266108F08AF99A
:1011C0000749084808F058F9284602B070BD6FF08A
:1011D000150070479032032080D00020A04D0320DE
:1011E0007D0A0200883503202DE9F04FDFF8B49026
:1011F00085B0D9F83830002B42D00023284E1F4646
:10120000DFF8A4B0DFF8A4A009F13C0401AD10E0C0
:101210005046F4F74BF8404080F311884FF004003B
:1012200002DFD9F83830E2680137BB42144427D9CD
:10123000636AD3F8008096E8070085E80700404617
:101240000C2229460DF009F840B9B8F1000F05D07D
:10125000636A21691B681A69914215D0D4F820800D
:10126000B8F1000FD4D15846F4F720F8636A01377B
:10127000C3F80080D9F83830E268BB421444D7D8AC
:10128000002005B0BDE8F08F9A69A1699142E5D8C8
:10129000E1699142E2D95A6963699343DED1C0E7BB
:1012A000B4F502000002010018280300EC27030037
:1012B0000268002A50D02DE9F04F9446814601E0A3
:1012C0003A2B06D01CF8013B1F2BF9D80020BDE8B3
:1012D000F08F92F800B0ABF13000C3B2092B21D9E6
:1012E00052240020DFF87CA01D4E02F10108474681
:1012F0005B46A3F161010A46A4F16105192DA4F131
:10130000200EC9B2D2B216D819295FFA8EF402D8CB
:10131000203BDBB29CB19C4213D116F8014F17F869
:10132000013BE6E7931C9C45DAD1072810DCC9F89D
:1013300000C0BDE8F08F192AEAD9002CEBD1BC45DA
:10134000F5D00130082803D05AF8046B3478CEE782
:101350004FF0FF30BDE8F08F4FF0FF30704700BF17
:101360004C2803005C29030038B50D4640B10368E2
:1013700004462BB11A781AB18188DA88914203D0D9
:10138000092000232B6038BD587802F079FE10F058
:101390000100F5D12368F5E770B500F13406044685
:1013A000026B31460123407802F08EFE60B9216B5A
:1013B000636AE269CB1A93420546E07002D2A378D1
:1013C000022B04D0284670BD0125284670BD0A4472
:1013D00001233146607802F077FEF3E738B5C37831
:1013E00004460D466BB92A460123607804F13401A6
:1013F00002F05EFE00281CBF4FF0FF350120256380
:1014000038BDFFF7C9FF0028EDD038BD38B54FF023
:10141000FF33002299420446C270036303D0FFF7F2
:10142000DDFF002871D194F8343094F8332294F819
:101430003252EB2B45EA022509D01833DBB2012BDF
:1014400005D94AF655239D4211D1022038BD4AF6EE
:1014500055239D420DD094F8402094F83F3043EA44
:1014600002235A1E1A4202D1B3F5007F4FD0032047
:1014700038BD08222A4904F186000CF0EEFE00284F
:1014800041D094F8402094F83F3043EA02235A1E9A
:101490001A42DAD1B3F5007FD7D194F84130002B4E
:1014A000D3D05A1E1A42D0D194F8432094F8423037
:1014B00053EA0223C5D094F84430013B012BC0D835
:1014C00094F8462094F8453053EA0223B9D094F8B2
:1014D000482094F8473043EA02237F2B0CD8B4F815
:1014E000561094F8552094F8543042EA012243EA09
:1014F0000223B3F5803FA4D394F84B2094F84A30EC
:1015000053EA02239DD0002038BD042038BD94F852
:101510004130002BABD05A1E1A42C5D0A7E700BFFE
:10152000502803002DE9F84303780446022B0D46AA
:10153000164606D0032B52D0012B1BD00220BDE84B
:10154000F883416A036B01EB1521994203D0FFF741
:1015500045FF0028F3D101218D4005F4FF7504F10A
:1015600034035E555819C6F307264670E170002013
:10157000BDE8F883416A036B05EB550701EB572182
:10158000994203D0FFF72AFF0028D8D1EB0707F1D3
:10159000010804F13409C7F3080743D5012219F8FB
:1015A000073003F00F0343EA061309F80730616AB6
:1015B000236B01EB58219942E27004D02046FFF7DB
:1015C0000DFF0028BBD1C8F30808C844C6F30716AE
:1015D000012388F80060E3700020BDE8F883416AC9
:1015E000036B01EBD511994203D0FFF7F7FE0028FA
:1015F000A5D10127AD0005F4FE7504F134014819A9
:10160000438826F070461B0403F070431E434E557A
:10161000320A330C360E42708370C670E7700020B9
:10162000BDE8F883012209F80760616A236B01EBCA
:1016300058219942E27005D02046FFF7CFFE0028DE
:101640007FF47DAFC8F30808C84498F80030C6F3AB
:10165000032223F00F061643BAE700BF01290ED973
:10166000F8B583690C469942054606D20378022BE9
:1016700046D0032B2CD0012B03D00120F8BD012034
:101680007047436A026B01EB510703EB572191420C
:1016900005D0FFF7A3FE00283BD16B6A2A6BC7F386
:1016A0000800013703EB57212844914290F8346039
:1016B00003D02846FFF792FE58BBC7F308073D4406
:1016C00095F83400E30746EA00202FD50009F8BD5D
:1016D000416A036B01EBD411994202D0FFF77EFE01
:1016E000B8B9A40004F4FE7434352A19518853782B
:1016F000285D43EA012340EA032020F07040F8BD52
:10170000416A036B01EB1421994205D0FFF766FE95
:1017100010B14FF0FF30F8BD640004F4FF743435AD
:101720002B195B78285D40EA0320F8BDC0F30B005D
:10173000F8BD00BFB1F5001F42D2CA06F8B50D468C
:1017400020D18168064607680561E9B17B89B5EB60
:10175000432F4FEA432435D3384607E0012811D9F7
:10176000BB6983420ED9AC422DD83068FFF776FFB3
:10177000431C0146A5EB0405F0D10120F8BD002370
:10178000C6E905130220F8BD3B78022B13D83B892C
:10179000B3EB551FF6D9BA6AB2617161002AF1D074
:1017A000C5F3080107F1340302EB55250B44002073
:1017B000C6E90653F8BDBB6A002BE8D01946C5E759
:1017C00002207047BB69023B881E9842D7D27A89B3
:1017D000FB6A00FB0232B261DFE700BF2DE9F04196
:1017E000064688460768002951D13D69002D46D03C
:1017F000BB69AB4298BF01257B69002B43D0BB6915
:101800002C4606E0012868D001306AD0AC423AD0BC
:10181000BB6901349C4202D3012D34D902242146F4
:101820003068FFF71BFF0028ECD1012C55D9BB69AC
:10183000A34252D94FF0FF3221463846FFF772FEDD
:10184000002848D1B8F1000F0CD0B8F1010F44D9ED
:10185000BB69984541D2414622463846FFF762FEB1
:10186000002838D1D7E90523023B9A423C6101D8D0
:10187000013A7A613B7943F001033B7104E07B69F3
:101880000125002BBBD100242046BDE8F08138465D
:10189000FFF7E4FE012804461FD9421C21D0BB6992
:1018A0008342F1D87A69002AEDD008F10104A342FD
:1018B00098BF022430682146FFF7D0FE01280CD0E3
:1018C000431C0ED090B13D69BB69012D12D9AB42CA
:1018D00098BF454694E7012803D001242046BDE87F
:1018E000F0814FF0FF342046BDE8F081002C9ED1FE
:1018F000454684E7454683E70129F8B5076828D9B6
:10190000BB690C468B4224D90646F2B938462146BB
:10191000FFF7A4FE054670B301281AD0431C2CD053
:10192000012C16D9BB699C4213D2214600223846AD
:10193000FFF7F8FD70B9D7E90532911E8B420AD343
:10194000AA4218D92C463068E1E7012A01D993420E
:1019500008D80220F8BD3979013341F001017B61DB
:101960003971EDE7114638464FF0FF32FFF7DAFDE7
:101970000028E8D0F8BD0020F8BD0120F8BD00BF68
:10198000F8B5C37805460E463BBBAB69B11E023BBA
:10199000994228D26E89EB6A01FB063605F13407BD
:1019A00038464FF4007200212E630CF071FC6889F8
:1019B000044670B1002403E068890134A04208D9CC
:1019C000012339466878A21902F07EFB0028F3D083
:1019D0006889201A18BF0120F8BDFFF7DDFC002838
:1019E000D3D00120F8BD0026D8E700BF2DE9F0478D
:1019F000056904462035B5F5001F04D300230420F3
:101A0000A361BDE8F0878369002B4FD0C5F30807B9
:101A10000668002F38D18846416901338361002967
:101A200039D07389013B13EA55292DD13046FFF790
:101A300015FE0128824635D9B0F1FF3F30D0B36999
:101A4000834213D8B8F1000FD8D020466169FFF760
:101A5000C5FE824640B3012824D0B0F1FF3F1FD01D
:101A600001463046FFF78CFFD0B9B369023BAAF1BB
:101A700002029A42C4F814A004D2B6F80A90F36A9B
:101A800002FB0939C4F8189034363E440020E66160
:101A90002561BDE8F0873389B3EB551FF4D8ADE776
:101AA0000120AEE70220ACE70720AAE70420A8E760
:101AB000C16A2DE9F0414B1C0446056806691AD13C
:101AC0004FF0E508012704E000212046FFF78EFFD4
:101AD000B8B9A1692B6B994203D02846FFF77EFC69
:101AE00078B9E36983F80080EF702369B342EBD3E0
:101AF0000020BDE8F081FFF71DFE0028E0D0BDE822
:101B0000F081042808BF0220BDE8F0812DE9F04FE4
:101B1000002185B005460768FFF70CFE83460028C4
:101B20003CD14FF0FF334FF0FF099846CA46EB62B5
:101B30000BE00F2B36D04FF0FF0AC5F82C800021A8
:101B40002846FFF753FF834640BBA9693B6B994288
:101B500004D03846FFF742FC8346F8B9EC69267892
:101B6000002E00F0888094F80BB0E52E0BF03F03B8
:101B7000AB71E0D01BF0080BDBD10F2B12D0BAF108
:101B8000000F68D095F82B30DB07D4D420460B2209
:101B900005F120010CF061FB0028CCD1584605B0BE
:101BA000BDE8F08F95F82B305806C8D471064DD596
:101BB0002B6994F80D9006F0BF06EB62637B4B45F2
:101BC00046D1E27EA37E53EA022341D1012294F85A
:101BD00000B0364B0BF03F0BF8680BF1FF3B0BEB03
:101BE0004B010BEB810B029603F10C01264601958C
:101BF0001C46054613460390009714E0BBF1FF0F07
:101C00001FD8504602F0DEFA844635F81B00E34642
:101C100002F0D8FA834514D15346BB462449A14269
:101C20002FD014F8012FB018407816F802A00BF14D
:101C300001074AEA002A002BE0D14FF6FF729245D5
:101C4000EDD04FF0FF0ADDE9007578E7B245B5D079
:101C50004FF0FF0A73E7224604F10B0112F8013B33
:101C600003EB5A0303EBCA1A8A425FFA8AFAF5D1E8
:101C7000D14587D192E74FF0040B584605B0BDE837
:101C8000F08F34469C462378009F5A06029E019DA1
:101C900007D5BCF1000F04D0039B33F81B30002B99
:101CA000D6D1013E5FFA86FA49E700BF4829030012
:101CB000542903002DE9F04F8046036885B0009356
:101CC0000D4611F8013B2F2BFAD05C2BF8D00021E8
:101CD000C8F808102B781F2B40F25D81009ADFF8BE
:101CE00028B30024D2F80CA005F10109AAF10207DB
:101CF0004D4698B293B904264CB10AEB440232F82F
:101D0000023D202B01D02E2B36D1013CF7D10023F0
:101D10000620AAF8003005B0BDE8F08F40F2B511FA
:101D200002F03CFA064618B31F28E4D92F2E0BD038
:101D30005C2E09D07F2E15D9FF2C19D027F8026F01
:101D400019F8013B0134D3E799F800304D462F2BA9
:101D500009F10109F8D05C2BF6D01F2B8CBF0026AF
:101D60000426C9E7314658460CF0DCFB0028E3D0D6
:101D7000062005B0BDE8F08F00222AF81420BAF83A
:101D80000030202B08BF0AF1020340F0C38019463F
:101D900033F8020B9146202802F10102F7D009F135
:101DA000020946F00306F6B20AEB440333F8022DAB
:101DB0002E2A01D0013CF9D14FF02033C8F824304D
:101DC000C8F82030C8F82730098800294CD00822EC
:101DD00040460027D046034692462A4625463C46C2
:101DE00020296DD02E2975D0A24512D94D4573D02A
:101DF0007F2900F29F808248CDE9022301910CF0F7
:101E000091FBDDE90112039B002800F0E0800196C0
:101E1000A8E0BAF10B0F00F0C7804D455FD046F047
:101E20000306F6B25BD2984693F820301546E52BB0
:101E300008BF0523524608BF88F82030082A70D012
:101E400007F00C030C2B51D007F00303032B4DD0EC
:101E5000B40709D4F80744BF46F01006F6B2790774
:101E600044BF46F00806F6B2404688F82B60FFF7FC
:101E70004DFE98F82B30002844D15A073FF54BAF60
:101E800098F80630DB0640F1AB800099D8F81020B6
:101E90000B46C2F30802343313440978D87E9A7E85
:101EA000032942EA002205D1597D1B7D43EA012323
:101EB00042EA0342C8F808202B78D8F8002010E73F
:101EC00046F00306F6B238F8191009F101090029A5
:101ED00086D1A8E74D45F3D1BAF10B0F64D0BF000E
:101EE000A9464FF00B0A0824FFB2ECE746F00206C1
:101EF000F6B2404688F82B60FFF708FE98F82B30C2
:101F00000028BAD004287FF406AF13F0040F08BFEE
:101F1000052000E72E2B51464FF001097FF444AF16
:101F20003FE7BB0003F00C020C2ADFB2DED0B307A0
:101F300095D599E746F0020CCDE9022308465FFAF1
:101F40008CF340F2B511019302F00CF9DDE90223A4
:101F500010F0800F01460FD000F07F012948415C4E
:101F600000294AD1019941F003065F21F6B2181900
:101F700080F820100134A6E7FF28F1D90AF1FF30DC
:101F8000A0421FD918194FEA112C019E013480F884
:101F900020C0C9B2EBE78023404688F82B3005B05B
:101FA000BDE8F04FFFF7C6BB984693F8203046F0E7
:101FB0000306E52B1546F6B27FF442AF052388F8F9
:101FC00020303DE746F003065446F6B27BE7A1F128
:101FD000410080B2192805D847F00207C9B2C6E708
:101FE000052098E6A1F1610080B2192897BF203939
:101FF000C9B2C9B247F00107B9E7019EFBE600BFCD
:1020000068280300C82803005C2803002DE9F84372
:10201000C378044663B92378032B10D0002260787C
:10202000114602F05DF8003818BF0120BDE8F883C2
:10203000FFF7B2F90028F9D12378032BEED12579E7
:10204000012DEBD104F1340318464FF40072002146
:102050000CF01EF903464FF0520C72204FF0AA0EFE
:10206000612741264FF05508626919464FEA122947
:102070002B4684F81C22150E84F81D924FEA124953
:10208000226984F81F52150A84F8202284F821520C
:10209000150C120E84F82322226A84F818020132E9
:1020A00084F8190284F81E92607884F8225284F829
:1020B0003282226384F833E284F834C084F835C075
:1020C00084F8367084F81B7284F8376084F81A62DA
:1020D00001F0FAFF00232371A0E700BF2DE9F843C8
:1020E000002407688C758369002B74D0C36A064688
:1020F00001330D4671D0FA681088B8B14FF002086C
:10210000A1462CB900F520539BB2B3F5006F78D3EC
:1021100040F2B51140EA044002F024F8FF28C9F16A
:10212000FF035CD9012B6ED8002304B100230022E9
:102130002B449A75AF7DD6F81CC000244FF02E0EAC
:102140000CF1FF320CF10A0604E029194B7201343C
:10215000964212D0104612F8013F0738202B99B250
:10216000F6D0052908BFE5236045EED10B2CECD84D
:10217000291981F809E00134E7E700222B195A7286
:102180005FB9002C48D13F230124AB7500232C44B8
:10219000A3759CF80C3003B96B729CF80B3003F0FC
:1021A0003F032B72BCF81E109CF81D209CF81C30BD
:1021B00042EA012243EA02232B609CF817209CF894
:1021C000163043EA0223EB809CF819209CF8183063
:1021D00043EA0223AB80BDE8F8832746ABE7C8B1EA
:1021E000002BA2D0012305EB090290750024FA68A8
:1021F000994432F8080008F10208002881D14B46C2
:1022000093E70446F5E705EB0903020AD8759A75CA
:102210000223EBE7034688E76B7A3C46002BB5D0F8
:102220006FF007060827761B05F109020EE0192852
:1022300006D89CF80C1003F120000F4200D0C3B266
:102240005373B41812F8013F002B9FD099B22E2B74
:10225000A1F14100EBD10B461027F1E72DE9F04F3A
:1022600090F82B308BB013F0A00B009340F0068158
:1022700007680446FB681A88002A00F08A8133F850
:10228000022F0BF1010B002AF9D1009B04F1200A67
:102290000DF11C08DB079AE8070088E807005CD40A
:1022A000009B3D469B0740F1E680BC4B0BF10C09BF
:1022B000A3FB09394FEA990909F1010900212046D8
:1022C000FFF738FA0646002840F0C280804609E051
:1022D000B3B14FF0000801212046FFF787FB00282B
:1022E00040F0B580A1692B6B994205D02846FFF7D5
:1022F00075F8002840F0AB80E3691B78E52BE7D147
:1023000008F10108C145E6D1B9F10103009340F09D
:10231000BF80A1693B6B994205D03846FFF75EF854
:10232000002840F0B08020220021E0690BF0B0FFCF
:102330005346012503CBE2691060516019889B78F0
:102340001181937294F82B30E26903F01803137330
:10235000FD7030460BB0BDE8F08F40265346012596
:1023600084F82B6003C3110C23F8022B19702B4641
:10237000DFF82C9207220DF11B0602E0BCF10F0FD3
:1023800052D903F00F0000F13001392988BF00F164
:102390003701013A9C4606F801194FEA1313EDD1B3
:1023A0007E238DF8143013461F332344072A88BF39
:1023B00020200AA9114498BF11F8140CA3F11E01A2
:1023C000A1EB040198BF01320729587003F1010302
:1023D000ECD92046FFF79AFB0646002840D101358C
:1023E000642D38D098E807005346FE6803C3052DD6
:1023F0004FEA124123F8022B197026D9328822B3F2
:1024000030462B46102102F0010606EB4303DE03A3
:1024100048BF83EA090301394FEA5202F3D130F889
:10242000022F002AEED1A5E77E210AAB134403F860
:10243000141C002304F11F0102E001339A42B3D9B6
:1024400011F8010F2028F8D1AEE72B4692E7064697
:10245000042E7FF47EAF072630460BB0BDE8F08F28
:1024600004287FF476AF009B256884F82B30009B0E
:102470009B073FF51AAF4FF001091FE706263046CC
:102480000BB0BDE8F08F064630460BB0BDE8F08FCC
:102490002169009B2046A1EB4311FFF74BF9014650
:1024A0000190002877D1534604F12B0213F8010B59
:1024B00000EB510000EBC1119342C9B2F6D1CDE956
:1024C000026ADFF8E0900191A1693B6B994204D068
:1024D0003846FEF783FF0028D5D19DF800A0E069BB
:1024E0000AF1FF3101EB410301EB8301019B00265F
:1024F000D7F80CE043734FF00F033246C372012547
:102500004FF6FF784FF0FF0C334606738676C6769B
:1025100019E03EF8112001314FEA122B425586F89E
:1025200001B05AB901330D2B20D04FF6FF7219F8C4
:10253000035000F805C0054485F801C001330D2B98
:102540000DD019F80350424500EB0506E1D10133E7
:1025500046190D2B00F805C086F801C0F1D14FF6E1
:10256000FF739A4202D03EF811300BB94AF0400A8C
:10257000012380F800A000212046FB70FFF736FA07
:10258000002880D1009B013B00939DD1DDE9026AC8
:10259000BFE6934679E6019EDBE600BF4FECC44EF2
:1025A000211001004829030000232DE9F0430B60AE
:1025B00085B00F461546FEF77BFE061EC0F2D5809D
:1025C000C14B53F82640002C00F0FD803C6023787E
:1025D00005F0FE056BB1607801F052FDC70708D425
:1025E0001DB110F0040540F0E980284605B0BDE8B3
:1025F000F0830023F0B26070237001F04DFDC60738
:1026000000F1A58015B1450700F1D88000212046D2
:10261000FEF7FCFE022800F0AD80042800F09E804A
:10262000012800F29D8094F8402094F83F3043EA5E
:102630000223B3F5007F40F0938094F84B2094F888
:102640004A3053EA022309D1B4F85A1094F85930A9
:1026500094F8582043EA012342EA032394F84420E3
:10266000216B501E0128E361A27079D894F8415083
:10267000A8B26081002873D0681E284270D194F8F7
:10268000466094F8450040EA0620074606B22081DD
:10269000380765D194F848C094F8470050EA0C20F8
:1026A00009D1B4F856E094F855C094F854004CEAB7
:1026B0000E2C40EA0C2094F843E094F842C05CEA07
:1026C0000E2E4DD003FB02F90EEB171202EB090898
:1026D000404545D3A0EB0800A842B0FBF5FC3FD332
:1026E0007A4A94453CD84FF6F57294456DD840F639
:1026F000F5720CF102000EEB0105944501EB0802A6
:10270000A0616562E262216200F2948047B300EB4F
:10271000400100F0010202EB510201214D44A5628B
:1027200002F2FF12B3EB522F1AD34FF0FF33802087
:10273000C4E90433CAB22071654966480B88002594
:1027400001339BB222700B80E380E0604DE70325EC
:10275000284605B0BDE8F083042801D1012544E7EF
:102760000D25284605B0BDE8F0830B25284605B0A9
:10277000BDE8F0836D462346284604F14007B3F8D0
:10278000FC6193F8FB1193F8FA2141EA062110331A
:1027900042EA0122BB4240F8042BF0D105F11006B9
:1027A00002E00320B542D7D055F8041B0029F8D029
:1027B0002046FEF72BFE0128F4D834E70A252846E8
:1027C00005B0BDE8F0830C250FE794F85F2094F87E
:1027D0005E000CF1020740EA022030430EEB0105D7
:1027E00001EB080200B2A7616562E2622162002883
:1027F000B6D1B4F8626094F8615094F86000BA0001
:1028000045EA062502F2FF1240EA0520B3EB522FFB
:10281000A062A5D34FF0FF32802094F8655094F861
:102820006430626143EA0523012B2261207108D0E4
:10283000032281E7002F93D04D440221A56242007C
:102840006EE720460131FEF7C9FD03460028EFD1AF
:102850004AF6552194F8330294F83222237142EA61
:1028600000238B42E4D1E18E94F8352094F8343083
:1028700042EA0122184943EA02238B42D8D1B4F834
:102880001A1294F8192294F8183242EA01221349D4
:1028900043EA02238B42CBD194F81D1294F82132E3
:1028A000B4F81E52B4F8220241EA052543EA00209A
:1028B00094F81C1294F8203241EA052143EA0023DF
:1028C0000322C4E9043137E7A8350320F5FFFF0FE1
:1028D000AC3F0320C83503205252614172724161FE
:1028E0002DE9F84FFF26044607683546042006E028
:1028F000FF2500212046FFF779F800285BD1A16968
:1029000000295CD03B6B8B4204D03846FEF766FD55
:10291000002850D1E1690A78002A4BD0CB7AE52A09
:1029200003F03F03A371E3D02E2AE1D023F020006F
:102930000828DDD00F2B56D1500638D523694E7BA1
:1029400002F0BF05E3624B7BB342D1D1CA7E8B7EDE
:1029500053EA0223CCD1012291F800C02B482CF07D
:10296000400C0CF1FF3C0CEB4C034FF6FF79964604
:10297000D7F80CA00CEB830C00F10C080BE0BCF1B9
:10298000FF0FB5D89E462AF81C300CF1010C80458B
:102990001AD010F8012F8B1893F801B08B5C43EA22
:1029A0000B23BEF1000FEAD14B45F0D0A0E7AA42BD
:1029B0009ED1C8E704200023A361BDE8F88F00285A
:1029C000F9D10020BDE8F88F0B785B0608D5BEF181
:1029D000000F05D0BCF1FF0F8AD800232AF81C3065
:1029E000013DEDB285E765B901F10B0211F8013B3C
:1029F00003EB550303EBC5159142EDB2F6D1B54299
:102A0000DFD04FF0FF330020E362D6E74829030010
:102A100010B584B0019003A8144600910391FEF70D
:102A200047FC002816DB0D4A52F820300BB100217C
:102A30001970019B0BB10021197042F8203014B9B4
:102A4000204604B010BD0022684601A9FFF7ACFD86
:102A500004B010BD0B2004B010BD00BFA83503208A
:102A60002DE9F04190B0019100287DD002F03F07A0
:102A7000164604463A4603A901A8FFF795FD054608
:102A800028B100232360284610B0BDE8F081039BE5
:102A9000019904A80493FFF70DF980B99DF93B3023
:102AA000002B66DB16F01C0F10D09DF8163013F0CB
:102AB000110F60D1720740F1B6800825E1E716F0EA
:102AC0001C0F01D004285AD00546DAE79DF81630CD
:102AD000DA0652D4B60701D5D8074CD4039B1A6B3B
:102AE000390748BF47F040070B9EC4E908261A780B
:102AF000F07EB17E032A41EA002105D1707D327D4E
:102B000042EA002241EA02410022A160B6F81EC05A
:102B1000707F367F40EA0C20B3F806C046EA0026F4
:102B20002774BF06E66023606274A4F804C0E26103
:102B30006261A8D5002EA6D05A896661B6EB422FF5
:102B40004FEA422707D873E0481CA6EB070668D077
:102B5000B7426DD223681846FEF780FD0128014672
:102B6000F2D80225A1618CE70925284610B0BDE8FE
:102B7000F081062585E7072583E7042581E704A87A
:102B8000FFF76CFB47F0080700289DD100212126A4
:102B900050200B9A039B167450749173D1730B9A47
:102BA000167650769175D1750B9A1978D07E967EEF
:102BB000032946EA002605D1507D117D41EA002116
:102BC00046EA014620200021D0720B9A9176D176F8
:102BD0001878032801D111755175002201200B9935
:102BE0000A774A778A77CA77D870002E3FF477AF92
:102BF000314604A8D3F83080FEF77EFE00287FF42B
:102C000063AF039B1A6B904529D018464146FEF7E7
:102C1000E5FB039B013E1E6100283FF460AF0546C3
:102C20002FE701259EE73307B0D4039B1A6B5BE7C0
:102C3000C6F30803A161002B3FF425AF039A0239C4
:102C40009369023B994208D25389D26A01FB03235C
:102C50001BB103EB5623E36115E7022511E7013EA3
:102C60001E613DE72DE9F04F002485B01C608946C8
:102C700003A9984617460446FEF776FB0646002849
:102C800036D1667CA6BB94F810A01AF0010A00F0B9
:102C90008E806569E268521B974228BF17463FB392
:102CA000C5F30801039839B3E569C1F5007B036BEF
:102CB000BB4528BFBB46AB4208D02946FEF78EFB7A
:102CC00000286DD161690398C1F3080134300144D3
:102CD0005A4648460BF0CFFAD8F80030B7EB0B074E
:102CE0005B44C8F800306569D9445D446561D7D15B
:102CF000304605B0BDE8F08F4389013B13EA552308
:102D00002ED0A5698169023D02398D4235D24189B3
:102D1000C26A01FB052585B3B7F5007F1D4432D398
:102D200003EB57228A424FEA572B88BFA1EB030BD4
:102D30005B462A464946407801F0BAF980BB0399C0
:102D4000CB7853B10A6B551B5D4506D24FF4007228
:102D5000343109EB45200BF08EFA4FEA4B2BBBE7E1
:102D6000B5B9A568012D08D96A1C19D00398A561C9
:102D70008169023D02398D42C9D30226304666740C
:102D800005B0BDE8F08F6169E561C1F308018CE72A
:102D9000A16920680193FEF761FC019B0546E1E70C
:102DA000564601233046637405B0BDE8F08F072610
:102DB0009EE700BF2DE9F04F002485B01C608946D6
:102DC00003A9984616460446FEF7CEFA07460028A1
:102DD00043D1677C002F40D1227C910740F1B28023
:102DE0006369F34228BFDE43002E33D04FF0010A5F
:102DF000C3F308010398002933D0E269036BC1F5DE
:102E00000075B54228BF35469A4209D01146FEF7F3
:102E1000E5FA002840F0908061690398C1F3080149
:102E2000343008442A4649460BF025FA039B83F8C0
:102E300003A0D8F80030A9442B44C8F800306369D7
:102E4000E2682B449A4238BF1A46761B6361E260FF
:102E5000CED1227C42F040022274384605B0BDE853
:102E6000F08FB0F80AB00BF1FF3B1BEA532B0DD1EA
:102E7000002B51D1A368002B6BD0012B22D05A1C00
:102E80005AD0A2680398A36102B9A360026BE369F8
:102E90009A4249D0A2698369023A023B9A4211D20E
:102EA0004389C16A03FB021262B1B6F5007F5A443E
:102EB0000ED26169E368994246D2036BE261C1F3C5
:102EC00008019CE702273846677405B0BDE8F08F1B
:102ED0000BEB562199424FEA562588BFA3EB0B0511
:102EE0002B4649464078019201F0EEF8834618BB24
:102EF000039B019A196B891AA9420BD203F1340082
:102F00004FF4007209EB412101930BF0B4F9019BDE
:102F100083F803B06D028CE72046A169FEF75EFCE2
:102F20000346002BA9D194E7C378002BB2D0FEF75B
:102F300033FA08B90398ADE701273846677405B03E
:102F4000BDE8F08F072788E7C37853B913460263BB
:102F5000B4E759462046FEF741FC0346002B8CD1CE
:102F600077E70192FEF718FA0028E5D10398616926
:102F7000019AEBE7F0B583B001A90446FEF7F4F936
:102F800000283BD1207C10F0400037D00198216A06
:102F9000036B994203D0FEF721FA78BB0198636A6C
:102FA000DA7A42F02002DA72A2682168C2F30725B9
:102FB000DD769A760978032903D1120C110A1A7565
:102FC00059750021212750260125E26899754FEA9D
:102FD000122C1A7783F81DC04FEA124C120E83F898
:102FE0001EC0DA77D9759974D9741F765E76C5706C
:102FF000FFF70CF8237C23F04003237403B0F0BDEB
:1030000010B582B00446FFF7B5FF08B102B010BD9D
:10301000204601A9FEF7A8F90028F7D1206002B0E8
:1030200010BD00BFF0B583B00D4601A90446FEF700
:103030009BF90646002866D1667C002E63D1E368C2
:10304000AB4204D2227C12F0020F08BF1D460022C0
:1030500063696261002D56D0019A57897F02002B67
:1030600054D0013B6A1EB3FBF7F1B2FBF7F28A4280
:103070004CD37A421340A1696361ED1A002933D021
:10308000BD4212D81DE02046FEF7A8FB01460028ED
:1030900052D04B1C4DD0012948D9019B9B698B42D2
:1030A00044D9AF426369A1610BD2227C3B449207B1
:1030B0006361A5EB0705E6D42068FEF7CFFA014669
:1030C000E7E72B44C5F308026361002A36D0019F6D
:1030D0000239BA69023A914228D27A89F86A01FB28
:1030E000020119B301EB5521E2689A4204D2227C15
:1030F000E36042F040022274C3F308031BB1E369AA
:103100008B4218BFE161304603B0F0BDA16811B138
:103110000023A161B2E72046FEF760FB01280146CB
:1031200004D0481C05D06369A160F2E702266674EA
:10313000E9E701266674E6E76369D5E71146D3E758
:1031400030B585B00191002838D00446002203A98B
:1031500001A8FFF729FA18B10023236005B030BD9C
:10316000039B204601992360FEF7A4FD10BB94F950
:103170002B30002B25DBA379DB061DD5039AE169F3
:103180001078CD7E8B7E032843EA052305D1487D48
:10319000097D41EA002143EA0143A360D38800216D
:1031A0002046A380FEF7C6FA042805D00028D3D114
:1031B00005B030BD0428CFD10520CDE7092005B0EA
:1031C00030BD039AEAE700BF10B582B001A90446FA
:1031D000FEF7CAF800B9206002B010BD70B582B029
:1031E0000D4601A90446FEF7BFF888B995B12046FF
:1031F000FFF776FB10F0FB060AD129462046FEF7C2
:103200006DFF31462046FEF7F1FB042808BF002081
:1032100002B070BD01462046FEF78CFA02B070BDC8
:1032200030B58FB001900D46002202A901A8FFF72A
:10323000BBF9044610B120460FB030BD019902A879
:10324000FEF738FD04460028F5D19DF93330002BF8
:1032500006DB002DEFD0294602A8FEF73FFFEAE784
:103260000624E8E72DE9F04784B001900F461446A4
:1032700003A9002201A8FFF797F9804638B9039DFA
:10328000D5E90536B21E9342256004D83B6040461E
:1032900004B0BDE8F0872B78012B35D00446814679
:1032A000696A5CB92B6B01F1010A99424FD028463B
:1032B000FEF794F800284CD15146039D2B78022B41
:1032C00039D005F1340000EB040CBCF802E09CF8A6
:1032D0000120035D42EA0E2243EA022333F07043E9
:1032E00008BF09F101090434013EC4F30804D8D130
:1032F0004046C7F800902B79C5F8149043F00103BD
:103300002B7104B0BDE8F0870224814608E0012853
:1033100021D008B909F10109039B9A69A2421DD97C
:1033200021462846FEF79AF9431C04F10104EED128
:103330004FF00108ABE705F134031A1952781B5D11
:10334000023453EA022308BF09F10109CCE75146D0
:10335000B4E780469BE74FF0020898E71D46C7E7B1
:1033600030B583B001A90546FDF7FEFF0446B0B9AC
:103370006C7CA4B92B7C9A0714D56B69EA689342DC
:103380000DD28BB922462846A968FEF7B5FAAC6083
:103390002B7C6A6943F040032B74EA6000BB204633
:1033A00003B030BD0724FAE7A9692868FEF756F98B
:1033B000431C18D001280AD0019B9B69834214D872
:1033C0002B7C6A6943F040032B74EA60E7E7022430
:1033D0002B7C6A6943F040032B74EA606C74DEE76F
:1033E00004466C74DBE70124F2E70146AA6928462B
:1033F000FEF782FACCE700BF30B59DB00190022203
:1034000003A901A8FFF7D0F808B11DB030BD039B98
:10341000019904A80493FEF74DFC0028F5D19DF90D
:103420003B30002B20DB9DF81630DA071AD4039DC1
:103430000B9A2978D07E947E032944EA002405D192
:10344000517D127D42EA012244EA0244DB060DD49A
:1034500004A8FEF72DFB0028D7D1BCB90398FEF7CE
:10346000D5FDD2E70720D0E70620CEE7002110A83F
:1034700010951294FEF75EF90028C6D110A8FFF748
:103480002FFA0028EED00428BFD1E1E702462146FA
:1034900004A8FEF731FA0028B7D1DFE72DE9F041A3
:1034A00094B00190022203A901A8FFF77DF8044619
:1034B00018B1204614B0BDE8F081039B0546019980
:1034C00008A80893FEF7F6FB044600287DD00428E0
:1034D000EFD1039B294604A80493FEF77FF9054624
:1034E000002877D001287CD0431C7CD0014603986B
:1034F000FEF746FA044600286DD110274FF020321F
:103500004FF0210C50242E21039BEEB283F84A0089
:1035100083F84B00187883F83F700328C5F307271A
:103520005A639A6383F84CC0C3F83B2083F84D403C
:1035300003F1340283F8341083F84E6083F84F703F
:1035400053D0D2F800E05468D2F808C0D068DDF853
:103550002880C3F854E09C65C3F85CC01866D2F8B4
:1035600010E05469D2F818C0D069C8F30722C3F834
:103570006CC0C3F864E09C66186783F8551083F844
:103580006E8083F86F20012208A8DA70FEF766FECD
:10359000044600BB502221210F9B9875D8751976DF
:1035A0005A760F9B03989E76DF760278032A03D122
:1035B0002D0C2A0A1D755A75102101230F9AD172FC
:1035C000C370FEF723FD044673E70824204614B0B9
:1035D000BDE8F08107242946002204A8FEF78CF9F3
:1035E00067E70224F7E70124F5E7280C040A83F8CB
:1035F000480083F84940D2F80080D2F804E0D2F8BD
:1036000008C0D4680A98C3F85480C3F858E0C3F8D7
:103610005CC01C66D2F81080D2F814E0D2F818C052
:10362000D469020CC3F868E0C3F86480C0F3072EC5
:103630004FEA1228C3F86CC01C6783F8551083F852
:103640006E0083F8682083F8698083F86FE09AE75A
:1036500070B5A4B0019068460091FDF729FE0222E2
:1036600003A901A8FEF7A0FF08B124B070BD039B19
:1036700001990CA80C93FEF71DFB0028F5D19DF8CD
:103680005B3013F0A00F78D1139C04AE2068616802
:10369000A268E3680CAD0FC620696169A269E3699D
:1036A00018AC0FC60FCD0FC40FCD0FC495E80F0097
:1036B00084E80F00009918A8FEF7FCFA00285ED0F5
:1036C0000428D2D118A8FEF7C9FD0028CDD11F9B30
:1036D000DDF82110DDF82520C3F81110C3F81520FE
:1036E0009DF82F109DF81B20D977D10658BF42F0C6
:1036F0002002DA720122DDF81D00DDF82940C3F84E
:103700000D00BDF82D00C3F81940A3F81D00039863
:10371000C270DA7AD20626D50E991A9A914222D030
:103720000178DC7E9A7E032942EA042205D1597D84
:103730001B7D43EA012342EA03428169931E023959
:103740008B4227D24189C26A03FB012111B3036B6B
:10375000994204D0FDF742FE002886D1039890F8E4
:1037600055302E2B18D00CA8FEF7A2F900287FF4B4
:103770007CAF0398FEF74AFC77E7062075E71A9AB4
:103780000E9B9A4201D008206FE71C9A109B9A4228
:10379000F9D197E7022068E71A9B039AC3F3072140
:1037A00080F86E3080F86F101178032905D11B0C5A
:1037B000190A80F8683080F869100123D370D2E7C5
:1037C0002DE9F04F93B00B900BA88A461546009355
:1037D000FDF76EFD0028C0F22F81A24B53F8203078
:1037E0000BB100221A70A04BC4B22046BAF1000FF0
:1037F00008BF9A4600F050FCC70700F11581460744
:1038000000F12B81DAF804300D93002B00F0878053
:103810005A1EB2F5004FC0F00B8101230D939AF8A8
:1038200001B0DAF808800BF1FF33012B88BF4FF0AD
:10383000010908F1FF3394BFD946CB46B3F5004FD9
:103840006AD218F00F0F18BF4FF40078DAF80C7036
:10385000B7F1807F02D87B1E3B426AD00026009BD6
:103860003746B3F5007F69D3002D67D000230121CF
:1038700020460EAA9AF800A00E9300F031FC0790A3
:10388000002840F0A5811AF0080309930E9B59D037
:1038900001907F2B40F2DD80B7F5813F28BF802665
:1038A0001AF00202089255D01AF0010F56D103F116
:1038B000A04202F504120A92002E00F076823046F1
:1038C000B3FBF6F1694F4FEA810EA1F57F410EF28D
:1038D000072EF6394FEA5E22B942039200F2B98010
:1038E000019A0399203209FB0121DDF834C03746E3
:1038F0000CF1FF3ACCF100068A440AEA060AAAEB68
:10390000010A524406920AF1200204920022059212
:103910000322064602925DE04FF4007896E7032109
:1039200020460DAA00F0DCFB00287FF476AF0D9B4B
:103930006EE7009B7E0AB3F5007F95D2112013B08D
:10394000BDE8F08F3F2B40F284803F223F3B019245
:103950000E939EE71AF0010F00F0238203F1A042BC
:1039600002F50412DDF834C00A92002E00F0038242
:103970003746B3FBF7F240F6F5718A4240F2EE812A
:1039800002210232520002910198C8F3161101304F
:1039900002F2FF120591520A014409FB021106903E
:1039A0000CF1FF30CCF1000E084400EA0E00401A82
:1039B000B0FBF9FE09FB1E0ABAF1000F00F0CB8143
:1039C0000138B0FBF9FE0198023006900220049005
:1039D00072440392019A891A01EB0711994238D86F
:1039E000DDE904210A4403999A1A09FB1122B2FB6A
:1039F000F7FA029A032A00F0EF80029A022A40F0B6
:103A000021824FF6F57292451AD9002E40F0AE8110
:103A10007F00402F40F2C781089A002A40F0C581FC
:103A2000802F16D83E46A4E7032013B0BDE8F08FE0
:103A30001A427FF4F2AEF2E60B2013B0BDE8F08F2D
:103A400040F6F572924500F22B8216B97E00802E68
:103A50008BD90E2013B0BDE8F08F0A2013B0BDE85B
:103A6000F08F00BFA835032098290300FFFFFE0F49
:103A7000029A032A00F0FF820E9BB3F5803F80F08C
:103A8000F782022A0CBF4FF004094FF00109099890
:103A9000002840F0E0820E9B1190012120460FAAE1
:103AA000109300F01DFB002840F0928005234FF09A
:103AB000080A4FF63E42DDF83CB0BBFBFAF19142FA
:103AC0004FEA4A0005D9013B5FFA80FAF5D14FF081
:103AD000FF0A4FF40072002128460AF0D9FB642344
:103AE000BBFBF3F33F2210A9009105F5FF71019391
:103AF000029105F5DF7393455BD9009850F8041BDC
:103B00006429009003D80EBF5946019841438E188E
:103B10002CBF01200020B345C0F0A682002840F051
:103B2000A382002945D04FF03F0EB2FBFEFC170ADE
:103B30000397170C0497771EB7FBFEFECCEB8C1097
:103B40001A72101A120E05923246BCFBFAF6BEFB30
:103B5000FAF8DE700AFB16CCB60826F03F060130F4
:103B600030439870CEEB8E10381A039F0AFB18EE84
:103B70005F72049F4FEA98069F72059F26F03F06EA
:103B800001301973DF7230430F0C0E0A090ED9731E
:103B9000029983F8049083F801C083F805E083F864
:103BA000078098715E739F7310338B4201D0002A97
:103BB000A1D15522AA2385F8FE2185F8FF31294697
:103BC00001230022204600F07FFA002800F0438203
:103BD000012013B0BDE8F08F4FF6F572924540F228
:103BE000D8804FF400720021284608934FF0000857
:103BF0000AF04EFB4FF0020C049BBD4AC3F30726AC
:103C000003CAEE7316889278AB73089B6F7385F8BE
:103C100010B0286069602E81AA7285F80B8085F843
:103C20000CC0079AB3F5803F6A7485F8128080F063
:103C3000E980C3F30722EB742A75FF220023F820E2
:103C40003F21AA76029A019E032A2E77687529766B
:103C50006B76EB766B77AB77EB7700F051810A9A56
:103C6000DFF898B285F82720BBE80F00C5F82F10C1
:103C7000BBF80010C5F83730A5F83B109BF80230B0
:103C80000A9985F83D300B464FF0800C4FF0290E15
:103C90004FF055084FF0AA0A039E1B0EAE75C5F8EB
:103CA0002B00C6F30726080A090CC5F8332085F84F
:103CB000280085F8291085F82A3029460123204656
:103CC000019A85F824C085F826E085F8FE8185F8FC
:103CD000FFA1EE7500F0F8F900287FF479AF009E9F
:103CE000002126F4FF72284622F001020AF0D0FAE1
:103CF000029B4FF0FF0A012B14BFFF230023019307
:103D00000023DDF818B000934FEA56280497029B71
:103D100085F801A0032B6FF0070385F802A02B7034
:103D20007CD0019BEB70039E06E04FF400722846A6
:103D30000AF0AEFAF61B47D04645374628BF47463D
:103D40005A4629463B46204600F0BEF9BB44014690
:103D50000028EAD03CE70120049039E6012102EB7B
:103D600042020A44CA40029103320DE6089A002A30
:103D70007FF4A2AD6DE601225E491746180B05E0FF
:103D800031F8022B7F00002A3FF4F3AD8242F7D9CD
:103D9000EFE5002E7FF45DAE012F7FF65AAE7E0870
:103DA0008AE51320CBE53E46DFE50126524A304640
:103DB000590C05E032F8020B760000283FF480AD84
:103DC0008842F7D900207BE5009B01334B450093E7
:103DD0009DD1DDE90473029AD946032A18BF1F4614
:103DE00002E0BF1B3FF444AE47453E4628BF46466F
:103DF0004A4633462946204600F066F9B144002879
:103E0000EFD0E5E6190A1A0C85F820301B0E85F86C
:103E1000211085F8222085F823300EE74FF00F039C
:103E200085F803A085F804A085F805A085F806A00C
:103E300085F807A085F808A085F809A085F80AA0EC
:103E4000EB7270E740F6F57292453FF602AE4FF422
:103E500000720021284608930AF01AFA049B0026F3
:103E6000C3F3072CAB735FFA88F34FF0020E07938E
:103E700001231F4A85F80FC003CAB2F800C0927828
:103E800002936F73089B85F810B028606960A5F8ED
:103E900008C0AA72EE7285F80CE0C8F30728C0E6E5
:103EA0004FF400720021284608930AF0F1F94FF010
:103EB000000E049B0E4AC3F3072C03CA029E85F82A
:103EC0000FC0B2F800C09278AB735FFA88F3079323
:103ED0002E73089B6F7385F810B028606960A5F891
:103EE00008C0AA7285F80BE0C8F3072899E600BF5E
:103EF000702803007A2903008A2903009028030010
:103F00004FF0800E0A9A03985C4E85F8432085F89E
:103F1000240085F82D3085F82E3085F82F3085F86F
:103F2000313085F833300FCEC5F84F2032884FF04E
:103F3000020CA5F857204FF0060285F840E04FF03C
:103F4000290EC5F84B100A9985F82CC0C5F85330D6
:103F50004FEA114CB37885F832200E0E0A0A039905
:103F600085F844200A464FF0010885F842E04FF0FA
:103F7000550B6FF0550EC5F84700120E080A090CD4
:103F800085F8593085F8FFE185F845C0434685F846
:103F9000308085F8FEB185F8466085F8250085F803
:103FA000261085F8272029462046019A00F08CF833
:103FB000064600287FF40CAE019A43462946204667
:103FC000063200F081F831464FF4007228460AF0BC
:103FD0005FF9722285F8ED6185F8EE6185F8EF6191
:103FE000019E4FF0020E4FF0520C6120412185F8E6
:103FF000FEB185F8E42185F8E5216FF0550B3246D6
:104000000AF1FF334FEA132A85F8E83185F8ECE12D
:104010004FEA134E1B0E85F8EB31A870434685F826
:10402000E701E97085F8E6112046294685F8FFB1D9
:1040300085F8E9A185F8EAE185F800C085F801C0B6
:10404000073200F041F83246434629462046013205
:1040500000F03AF843E600222046114600F040F80E
:10406000003818BF01206AE45E46ABEB02015AE556
:104070004FF006090BE54FF00C0908E57C2803001A
:1040800008B5044B53F82000F3F774FF003818BF4D
:10409000012008BDA829030008B5044B53F82000EF
:1040A000F3F75AFF003818BF012008BDA829030004
:1040B00010B5044C54F82000F3F76AFF003818BF1D
:1040C000012010BDA829030010B5044C54F82000AD
:1040D000F3F776FF003818BF012010BDA8290300B0
:1040E000002310B582B014460193032935D8DFE8C8
:1040F00001F0271C0D021A4B042153F82000F3F79E
:1041000077FF003818BF012002B010BD144B022108
:1041100053F8200001AAF3F76BFF18B9019B9AB27C
:10412000934218D0012002B010BD0D4B012153F86D
:104130002000F3F75DFF003818BF012002B010BD6A
:10414000074B052153F82000F3F752FF003818BF42
:10415000012002B010BD2380D6E70420D4E700BFC1
:10416000A82903007F2815D9B0F5803F03D240F27B
:10417000B513994201D0002070470023C722064999
:1041800004E00133802BF6D031F8022F8242F8D1BF
:1041900003F1800080B27047782C03007F2804D997
:1041A00040F2B513994201D000207047FF28FBD898
:1041B000034B00F10040803833F81000704700BF17
:1041C000782C0300B0F5803F21D22C4AB0F5805FF7
:1041D0002B4B28BF134641F67D5138BF6121F0B407
:1041E000043386B281B18E420ED333F8022C1F46BF
:1041F000D4B26518A8424FEA122209DB043382B117
:1042000033F8041C0029EED13046F0BC70477047EB
:10421000082AF9D8DFE802F02D27231F1B17130FF8
:104220000B0007EB440337F814100433DAE7A0F56A
:10423000E3518EB2E8E7A0F150018EB2E4E700F15D
:1042400008018EB2E0E7A0F11A018EB2DCE7A0F11E
:1042500030018EB2D8E7A0F120018EB2D4E7A0F1F0
:1042600010018EB2D0E7731A03F00103C31A9EB295
:10427000CAE7411A33F81160C6E700BFBC2B030040
:10428000C8290300014B024A1A607047FCC900208C
:104290000090D003004700BF06F0D0B870B40126EC
:1042A0000368B3FA83F4C4F11F0506FA05F2202C63
:1042B00023EA02020DD0D0E8EF4F9C4204D1C0E8BF
:1042C000EC2FBCF1000FF6D1EAD103480D7070BCA1
:1042D00070470248FBE700BF0000AD0B0200AD0BCA
:1042E000036823FA01F2D20712D4012210B402FAB1
:1042F00001F141EA0302D0E8EF4F9C4204D1C0E84B
:10430000EC2FBCF1000FF6D104D1034810BC70476C
:10431000024870470368ECE70000AD0B0400AD0BEA
:10432000012838B542F210740E4D12D028B138BDB4
:104330000120FFF7B1FF013CF9D0D5F81834DB03B9
:10434000F6D438BD002BF2D00120FFF7A5FF013CC9
:10435000EDD0D5F80C34D5F80C2403F00103D203CA
:10436000F0D438BD00500040044B1A7922B9012224
:1043700018601A710248704702487047C837032016
:104380000000AD0B0C00AD0B08B50520F4F7E6FA04
:1043900000B108BD0520BDE80840F4F7BBBA00BF76
:1043A00058B1012808D10021134A144B116012683A
:1043B000C3F80403186070477047104B30B4D3F84B
:1043C0001824D3F81814C90310D401220B4B00256C
:1043D00002240121C3F81825094B0848094A1D6029
:1043E0001B68C0F80443116030BC704702F0030240
:1043F000022AEAD1EBE700BF005100400050004024
:10440000045100400850004030B418B101280ED0CB
:1044100030BC7047022501210B4C0C4B0C4AC4F8F0
:10442000085318601B6830BC1160FFF779BF00218A
:10443000054C084B084AC4F8080319601B6830BCD7
:104440001060FFF76DBF00BF0050004004510040F6
:104450000C5000400051004004500040164B10B575
:104460001A684AB1002001241449154A18601B68D3
:104470001368C1F808439847124B1A6802B910BD77
:1044800000210E4A19601B68D2F81834D2F81814AB
:1044900003F00303012B08D0BDE810400221084BB4
:1044A00001201B68C2F80813184702200649C2F809
:1044B00018050B6010BD00BF0051004000500040C7
:1044C000C8370320045100400850004070B50D4C1F
:1044D00000F1080334F813300546DA050E4607D517
:1044E000C3F3432304EBC302526854F833309847B4
:1044F000A3682BB131462846E268BDE870401847F2
:1045000070BD00BF00CA002030B4124D083035F82D
:104510001010CC0514D521F4F85325F81030C1F350
:10452000432105F10E0305F14E0401E0A34209D039
:1045300033F8022FC2F34320D205F7D58142F5D1DB
:1045400030BC70470023044845F8313030BCFFF7D9
:10455000C7BE00BF00CA002054CA002038B50C4CAA
:1045600000F1080534F815309A060AD500225B0BD5
:104570009B0003F1804303F54433C3F81025C3F8CF
:104580001025FFF7C1FF002324F8153038BD00BF08
:1045900000CA0020F0B5044683B0E9B14B4E00F1EB
:1045A000080736F8170000F02205222D64D0484D88
:1045B00004F01F0C05EB8C0591F800C0D5F8001233
:1045C00020F0020021F00F0140F0010041EA8C01CF
:1045D00026F81700C5F8001212B33C4D04F108008C
:1045E00035F8101016788F07526843D441F6DF77FC
:1045F000394025F810106AB1032E3DD81278002EEC
:104600003DD1920002F1804202F54432C2F81065B9
:10461000C2F8106521F01C0141EA860125F810104E
:104620002BB31E6820465F68FFF76EFFFEB1274D73
:104630002B689E4202D16B689F4244D025480DF101
:104640000701FFF72BFE244B984211D19DF807205C
:1046500053029BB2083435F8141045F832600B430E
:1046600005EBC20243F48073576025F814301A48F2
:1046700003B0F0BD002ACDD0184803B0F0BD9700BC
:1046800007F1804707F54437D7F810E541EA423C87
:104690002EF00302C7F81025D7F81015220221F4D6
:1046A000473121F44071C7F81015D7F8101502F4FE
:1046B000F85241EA064E42EA0E024CF0200189B25D
:1046C000C7F81025A6E700231A46C3E700CA002052
:1046D0000025844054CA00200000AD0B0400AD0B3F
:1046E000F0B599B3DFF814C100F108073CF81740A2
:1046F000A50701D4A30667D414F01C0F02D04B7891
:10470000012B61D03C4D00F01F0305EB8305B1F197
:10471000FF3FD5F8003201F1020657D0002E5CD0E1
:104720004E7823F4E163760023F0070346F0010698
:1047300091F802E043EA8E030978334343EA012308
:1047400044F00304C5F800322CF81740D2B32B4CC8
:1047500000F1080534F815108B0735D541F6DF73E5
:10476000002617781940BB0003F1804303F544335A
:10477000C3F8106524F81510C3F8106556780EB309
:10478000D3F810E592F802C02EF4981222F4F852F1
:10479000C3F81025D3F810E5020202F4F8523604EB
:1047A0004FEA0C5006F4403642EA0E0200F4801044
:1047B00041EA4731324341F02001024324F8151009
:1047C000C3F810250E48F0BD0E48F0BD76B123F4B5
:1047D000E163012623F00503AAE74E7823F4E063A2
:1047E000760023F0030346F00106A5E723F4E06317
:1047F000012623F001039FE70025844000CA002022
:104800000000AD0B0400AD0B014BC3E90201704782
:1048100000CA0020054B083033F810309A0643BF19
:104820005B0B03480B700348704700BF00CA0020B1
:104830000000AD0B0400AD0B38B50E4C94F8585089
:104840000DB10D4838BD2946402204F1100009F091
:104850001FFD3120F4F75EF801234FF00040074AB6
:1048600007491560126884F85830C1F804030548F8
:10487000636538BD00CA00200500AD0B7C11034004
:10488000001003400000AD0B034B93F858000038B4
:1048900018BF0120704700BF00CA00200146014830
:1048A000FFF71EBD50CA002001460148FFF7F6BCC5
:1048B00050CA0020244B00F1080233F8123010B423
:1048C0009A0602D513F002041AD0C3F38203042B14
:1048D00035D0052B2ED01D4B00F01F001B69C340A7
:1048E00003F0010302331B04184A02EB8000D0F8E6
:1048F000002222F440321343C0F8003210BC70474B
:1049000013485B0B9A00104402F18042046002F5E8
:1049100044320068D2F8100540F00100C2F81005DA
:104920000029EBD001220B4902FA03F310BCC1F8B5
:10493000043370474FF4003300F01F00D4E74FF406
:10494000403300F01F00CFE700CA0020002584405C
:104950000011034000100340134B00F1080233F82C
:104960001230990614D59A0712D401215B0B9A00D4
:104970000E4801FA03F302F1804202F54432C0F816
:104980000833D2F8103523F00303C2F8103570470E
:10499000074B00F01F0003EB8000D0F8003223F437
:1049A0004033C0F80032704700CA002000100340B6
:1049B0000025844010B50446FFF7CEFF2046FFF7E0
:1049C000CDFD0222034B04F01F048034024843F85B
:1049D000242010BD002584400000AD0B054A00F1E5
:1049E000080312F81330DB0701D403487047FFF7C0
:1049F000E1BF00BF00CA00200400AD0B2DE9F04F5D
:104A0000002501222E46584B584C594883B019684E
:104A100031B1D4F80413114202D01E601968154355
:104A2000043383424FEA4202F1D1524B1B68EBB987
:104A3000CDB1012495FAA5F2B2FA82F2930003F106
:104A4000804303F54433D3F81005D3F8101504FA66
:104A500002F225EA0205C0F30420C1F30141FFF789
:104A600035FD002DE6D103B0BDE8F08F424B1C6A46
:104A700001941C62002C58D04FF00109DFF8FCB003
:104A8000DFF8F4800DF1040A13E0022E5ED0D7F8AF
:104A90000032032A23F4403343F40033C7F80032D2
:104AA00050D0032E4CD009FA04F4C8F82040019CE1
:104AB000DCB394FAA4F4B4FA84F4E1081AF80130EF
:104AC00004F0070209FA02F223EA02030AF80130AD
:104AD00004F108033BF8133008EB8407D7F80062B1
:104AE000C3F38202DB061146C6F30146CDD520464C
:104AF000FFF7ECFCD7F80032C3F301439E42D2D15A
:104B0000D7F8003209FA04F423F44033C7F800322E
:104B1000D7F8003223F4403343EA0646C7F8006270
:104B2000C8F82040019C002CC3D10021114A124B2F
:104B3000116012681C6A01941C62002C9CD177E7FA
:104B40000229B0D12046FFF7C1FCACE7D7F800221C
:104B500001F0050342F44032012BC7F80022A2D134
:104B60002046FFF7B3FC9EE700110340001003400E
:104B7000201103407C1103400025844000CA00201E
:104B800070B5084E33790BB1074870BD2A200D4629
:104B90001446F3F7BFFE012304483560B460337157
:104BA00070BD00BFD03703200C00AD0B0000AD0B73
:104BB000002330B40E4D021F03F5A27152F8044FCA
:104BC0000133082B45F82140F6D10023084D00F1B0
:104BD000200203F5B27152F8044B0133082B45F85B
:104BE0002140F6D1036CC5F8043330BC704700BFD8
:104BF00000A0024000234FF0FF3010B4134A1449C4
:104C0000144C2371C1F8103510BCC2F81035C2F82D
:104C10001435C2F81835C2F81C35C2F82035C2F870
:104C20002435C2F82835C1F89035C2F89035C2F85D
:104C30009435C2F89835C2F89C35C2F8A035C2F850
:104C4000A435C2F8A835C1F80803704704A0024093
:104C500000A00240D03703200E4BD3F80C03A0B1C4
:104C600070B402460126002592FAA2F3B3FA83F348
:104C700009499C0006FA03F321449A430D60F3D1DD
:104C800070BC064B1A6899681047044B1A689968FB
:104C9000104700BF00A0024000A10240D03703200F
:104CA00010B4C27F0346FF2A0CD0817F02F01F029E
:104CB00011F0020F4FF00101074801FA02F214BF90
:104CC000C2608260002218461A7250F8084B596878
:104CD0005A77234610BC1847002584402DE9F04739
:104CE000544E057906EB4514277F17B15248BDE8AD
:104CF000F08791F80F80A77F91F804E068F3000730
:104D00006D016EF34107D0F800C0A7777251636060
:104D1000CB78E37700680C7BB8F1000F44D14FF0FB
:104D200001080F78DFF8149107F01F0708FA07F859
:104D3000012C94BFC9F80C80C9F808804FF0010815
:104D4000DFF8F890803749F827804F78FF2F0AD096
:104D50004FF0030A07F01F0708FA07F88037C9F871
:104D60000C8049F827A08F78FF2F0AD091F80E8089
:104D7000DFF8C89007F01F0780374FEA880849F826
:104D80002780FF2B10D0012703F01F03BEF1000F77
:104D900049D0DFF8A8E09F40CEF80C704FF0030E2A
:104DA000264F803347F823E00B7C8BB94F788B7804
:104DB000FF2F08BF4FF0FF37FF2B08BF4FF0FF3327
:104DC00091F800E0C0F808E5C0F80C75C0F810359F
:104DD0008B68CCF824354B7B003B18BF0123022C99
:104DE0001ED0032C19D0012C14D00724CCF8543534
:104DF0008B79CCF8C035CCF800451AB140F30730B8
:104E0000F3F788FD0021012273190D4859771A77AD
:104E1000BDE8F08743F00203E7E743F00603E4E769
:104E200043F00403E1E7DFF814E09F40CEF8087098
:104E3000B4E700BFDC3703200500AD0B002584403C
:104E40000000AD0BF8B503792B4E5F01F2590568F0
:104E500006EB4314C2B145F30730F3F76BFD274B64
:104E6000C5F80833637F7BB1012364246B6104E0E0
:104E70000120FFF711FA013C03D0D5F80431002BD3
:104E8000F6D00022F3195A770022F319C5F800254D
:104E90009B7FDC072BD4D5F80835581C06D002219F
:104EA000174A03F01F03803342F82310D5F810355A
:104EB000591C06D00221124A03F01F03803342F826
:104EC0002310D5F80C355A1C06D002210C4A03F0E9
:104ED0001F03803342F82310F319DB7FFF2B06D02A
:104EE0000221074A03F01F03803342F823100023F6
:104EF0003E443377F8BD00BFDC3703205201080081
:104F0000002584402DE9F047DFF8348105790C460F
:104F100008EB4513597F002968D16D0158F805A0A9
:104F200086469446BAF1000F04D012F0140F04BF65
:104F300001225A7708EB050999F81F7009F10C0650
:104F4000FF2F94E80F0086E80F000DD099F81E306F
:104F5000374A13F0020F4FF0010307F01F0703FA5F
:104F600007F714BF9760D760226852B102F0604320
:104F7000B3F1005F05D0002345442E486B77BDE8B0
:104F8000F087A16821B101F06043B3F1005FF2D175
:104F90000020DEF800306668E468C3F84425C3F8F2
:104FA0004865C3F83415C3F83845C3F81801D3F879
:104FB00018211CF0010218BF0122C3F850251CF073
:104FC000020218BF01221CF0080FC3F8402510D0C0
:104FD000BAF1000F17D040221CF0040F164814BF7E
:104FE000C3F80823C3F80423BDE8F0871348BDE8DD
:104FF000F08701221A6158F80520002AEBD1D3F876
:105000001821002AFBD04544EB7FFF2B0ED0AA7F4E
:10501000074912F0020F4FF0010203F01F0302FADA
:1050200003F3054814BFCB608B60A8E70248A6E7EE
:10503000002584400A00AD0B0000AD0B0B00AD0B4A
:10504000DC370320064BD3F8182102B97047002241
:10505000C3F81821D3F818310248FFF721BE00BF6A
:1050600000900040DC370320064BD3F8182102B92A
:1050700070470022C3F81821D3F818310248FFF70F
:105080000FBE00BF00B00040FC3703200A7B034680
:10509000032A0BD8DFE802F01B21270C8A68520391
:1050A00004D44969D3F84C25914209D101207047B5
:1050B0008A685003F2D5D3F84C2508699042EDD0A8
:1050C00000200622C3F80005C3F8002570470969CF
:1050D000D3F84C259142F3D1E8E70969D3F83C2590
:1050E0009142EDD1E2E7D3F84C2508699042E7D12F
:1050F0004969D3F83C259142E2D1D7E72DE9F04147
:1051000034250779DFF8A88005FB07F508EB0504CF
:1051100094F82D60002E42D191F80DE091F80EC068
:105120000068A66048F80520636084F8306084F861
:105130002F6084F832E084F833C0BCF1000F24D132
:1051400040F20C6C0D68174E05F01F03803346F8D3
:1051500023C04C6891F80FE004F01F03803346F839
:1051600023C0BEF1000F15D08B68C0F824351AB1EA
:1051700040F30730F3F7CEFB3423012203FB078310
:10518000094883F82D20BDE8F081CB7B002BEBD1C3
:10519000D1E90054C0F80855C0F80C45E4E70348CD
:1051A000BDE8F081002584400000AD0B0500AD0B8B
:1051B0001C38032070B43426062402220379054DDE
:1051C000016806FB0353C1F8004583F82D2070BC2D
:1051D000704700BF1C38032070B43426002101241E
:1051E00003790B4D026806FB03530A489960C2F825
:1051F0000803D2F8000283F82D4020F4BC50C2F816
:10520000000270BCC2F8001583F82F10704700BF71
:105210001C38032002029C0134232DE9F0470025AD
:1052200090F804E0DFF810C3046803FB0EC383F8B2
:105230002E504B680E4615462BB1CB6803F06043E9
:10524000B3F1005F4AD1342707FB0EC7B34BC4F854
:10525000083397F82F3003F0FF0A002B40F0F0805E
:1052600015F0140F0CBF01230023B14687F82F302F
:1052700007F10C08B9E80F00A8E80F00D9F80020E2
:10528000C5F30013C8F800203D6287F8303073780A
:10529000C4F88835C4F804A1D4F80431C4F824A1B2
:1052A000D4F82431C4F860A1D4F86031C4F848A11E
:1052B000D4F8483115F0010318BF0123C4F8503564
:1052C00015F0020318BF0123C4F840353378032BCF
:1052D00000F22181DFE803F0357D9306904F3846D8
:1052E000BDE8F087326902F06043B3F1005FF5D1A9
:1052F0004FF48070002101237768C4F80002F06841
:10530000C4F84405C4F84875C4F85011D4F85011D5
:105310002362A360D4F85031002BFBD0342300204B
:105320004FF4802103FB0EC3C4F85001B068D4F8D9
:105330005071C4F844257B4FC4F848059960082390
:1053400018E0F2687368C4F84425C4F8483534237B
:10535000A9064BBF4FF4802202224FF480714FF414
:10536000007103FB0EC3C4F800129A6001220823E7
:105370006C4F22622A0707D43278032A04D0012214
:10538000E250736803B96261342303FB0EF35CF8E7
:1053900003206344002A5AD06E0744BF00229A605B
:1053A0006D0606D4342303FB0EC39A6842F0020252
:1053B0009A60342101FB0ECCDCF80830384643F407
:1053C0000073CCF80830DCF80830C4F80433BDE8CA
:1053D000F08734234FF4805702214FF0010803FB7C
:1053E0000EC37068F268C4F83425C4F83805C4F8F0
:1053F000007299604B4F0023C4F82080BAE73369EC
:105400007168F06803F06042B2F1005FC4F84405CF
:10541000C4F848157FF462AF34224FF48457022059
:10542000012102FB0EC2D6F80880C4F83435C4F856
:1054300038850823C4F8007290603A4F216299E7DA
:10544000BB68394FC4F804333846BDE8F0871346CB
:105450000126D4F84821CAB1D4F804211AB1C4F8FD
:105460000431D4F80421D4F82421F2B10122C4F883
:105470002431D4F82411D4F86001D4F8001270B9A2
:1054800026626661D4F84821002AE5D1D4F80421C7
:10549000002AE4D1D4F824110029DAD0E7E78805FE
:1054A0001FD5C80521D4002AD3D03423002103FB03
:1054B0000EC3D4F8C424C4F8C42483F82F10CAB18E
:1054C0001A4B12F0010F1A4F18BF1F46013312F08A
:1054D000020F18BF1F46013312F0040F18BF1F46FA
:1054E000FDE6CA0526626661B3D5C4F84831D4F832
:1054F0004821AEE769063FF5F2AE0EEB4E010EEB2A
:10550000810120460CEB8101FFF7C0FD084B00280C
:1055100008BF1F46E3E60823064F2BE702029C0163
:105520000A00AD0B0000AD0B0B00AD0B0000AE0B85
:105530000100AD0B0400AD0B1C380320F0B5684B27
:1055400087B0D3F8242142B10022C3F82421D3F834
:105550002421D3F80421002A72D0614DD5F80431FA
:10556000002B31D000235F4CC5F80431236AD5F8F5
:1055700004215E0604D494F82E20002A00F08A80CC
:1055800013F0040555D1584F01AE0FCF0FC63A683E
:10559000534B326094F83020C3F86051D3F8601157
:1055A000C3F85C51D3F85C31002A6ED100214FF46E
:1055B00080604B4B4D4EC3F80012A160C3F80863E6
:1055C0004B4BC3F8800115E0464CC5F84831237BAE
:1055D000D5F84821002B67D104F10C0701AE0FCF9D
:1055E0000FC63B6894F830203360002A41D0256A0A
:1055F00005F004053A49D1F8C4349807C1F8C43419
:105600000FD501238DF800300AB984F82F2015B189
:1056100094F82E301BB1D4E900316846984707B0A2
:10562000F0BD590708D4DB0750D503238DF80030AF
:10563000EAE794F83020DDE702238DF80030E3E755
:105640000222284CA168C3F80813A260A268C3F81C
:105650000423D3F860211AB1D3F800329F0503D494
:1056600001221F4B1A625A61012384F82E3007B0C1
:10567000F0BD4FF480611D481D4BC5F80022A260AB
:10568000C5F80803C3F88011B1E794F82E30002B59
:10569000B0D08BE728462146FFF7F8FC80F00100E8
:1056A000236A84F82E006BE74FF4007040F2022169
:1056B00001230E4AC5F80002A160C5F80823A268BC
:1056C000C5F80423AB602B6207B0F0BD94F82E3010
:1056D0001BB104238DF8003096E78DF8003093E776
:1056E00000A000401C3803202838032002029C013F
:1056F00000E100E02DE9F041012740F20D631C4D6F
:1057000001F01F0800F01F0007FA00F608F1800200
:10571000803007FA08F7AE60AF6045F8203004200B
:1057200045F82230FEF7B8FD09242B691F420BD142
:105730000420EE60FEF7B0FD0420AE60FEF7ACFD85
:10574000631E13F0FF04F0D1094C0420E760FEF75C
:10575000A3FD0420A760FEF79FFD2169054821FAFB
:1057600008F808F00108A0EB0800BDE8F08100BFD0
:10577000002584400100AD0B2DE9F843D0E90295E6
:10578000A9EB050890450446164607D94068284409
:10579000354408F070FDE560BDE8F8830F464068C9
:1057A000424628443544A5EB090508F064FD2A4625
:1057B000606807EB080108F05EFDE560BDE8F8836E
:1057C0002DE9F843064617464FF000088946D0E910
:1057D000021533694C1B9D4203F1FF3224BF03F1D4
:1057E000FF325218BC4228BF3C46521B944228BF8D
:1057F0001446706849462844224608F03CFDB168CA
:105800002544A94208BF00253F1BA044A144F560E0
:10581000DFD14046BDE8F8830321F0B400224FF405
:105820008067102620250E4B0E4819610E4C5961D9
:1058300000680E499C61C3F80700D9610C480D4906
:105840001F629A625A62DA621C6658669E6603C9D3
:105850001A671860DA6699805A679D71F0BC7047C4
:1058600050380320842D0300782D030008390320CD
:10587000F8380320882D03002DE9F04F0446DFF8A7
:10588000AC9000EB400309EBC303986A5E6A1546CF
:10589000B0420F4683B04FEA44080DD8D3F820A099
:1058A000AAEB0602531E9D420AD9184485421CD910
:1058B000002003B0BDE8F08F0138801B9042F7D381
:1058C000631C03EB430309EBC30358682A463946BC
:1058D000304408F0D0FC0120444409EBC4093544AD
:1058E000C9F8245003B0BDE8F08F04F1010B0BEBB5
:1058F0004B0B09EBCB0BDBF8040035443044019231
:1059000008F0B9FCB5EB0A0506D0019ADBF80400F3
:10591000B9182A4608F0AFFC0120444409EBC40939
:10592000C9F8245003B0BDE8F08F00BF5038032001
:1059300070B5204D00EB400305EBC303DC6A01307A
:1059400000EB4000012C05EBC0000E46154605D0CB
:10595000022C20D08CB10024204670BD9A6A5C6A6B
:10596000A24221D9013A141BAC4228BF2C46314631
:105970002246FFF701FF204670BD9A6A596A8A42A3
:105980000DD9013A521A9542E6D831462A46FFF718
:10599000F3FE2C46E0E7BDE87040FFF711BF1B6A3D
:1059A0001344013B5A1AEEE71B6A1344013B1C1BCC
:1059B000DAE700BF50380320044B00EB400003EB54
:1059C000C0039A6A586A801A704700BF5038032093
:1059D000FFF722BF08B5FFF7FBFF002008BD00BF9F
:1059E0002DE9F04180460446002758F8086B0C4D1D
:1059F000F6B22B78B3420AD00137042F05F10C051B
:105A0000F7D1A06850B107F03BFD002006E0216807
:105A100040466B68090C98470228EDD0BDE8F0813C
:105A2000902D03002DE9F84F534F054600213868AB
:105A3000F7F7E8F9044600284CD12B78D5F8088010
:105A4000622B43D0632B43D0612B02D14B4B1C887C
:105A5000A4B23868F7F7D4F9D5F80CA02969A8EBF7
:105A60000A08A1EB0A039BB214FA88F4B4FBF3F220
:105A700003FB12446A68A2EB0A0213FA82F2121BB9
:105A800092FBF3F003FB10221FFA82F914FA82F260
:105A90009342A24422DAA1EB0A039BB2A9EB0304CE
:105AA0009946A4B2B9F1000F64D00520F7F7FAF9CE
:105AB000804600285ED09CB10520F7F7F3F9064632
:105AC00070B94046BDE8F84FF7F7F4B92C4BBEE784
:105AD0002C4BBCE7BDE8F84FF7F7C8B90024E1E765
:105AE00000213868F7F78EF940B1F7F7BFF9404663
:105AF000F7F7E0F9002C3DD03046E3E72B78622B36
:105B000034D0632B34D0612B07D11C4A138804EBAB
:105B1000090111FA83F39BB2138038686FF0100B00
:105B20006FF04107F7F76CF988F800B088F801705A
:105B30002B780521404688F80430A8F80290F7F742
:105B4000F3F949465046F7F7EFF99CB186F800B0F3
:105B500077702B780521304633717480F7F7E4F9BC
:105B60002146E868BDE8F84FF7F7DEB9044ACDE70B
:105B7000044ACBE7BDE8F88F183D0320B23F03206D
:105B8000AE3F0320B03F03200023084A10B5138026
:105B9000074A04461380074A07481380012211462A
:105BA000F7F710F9054B1C6010BD00BFB23F032092
:105BB000AE3F0320B03F0320183D0320143D0320D7
:105BC00008B5104B1B780BB9F7F758F90E4B18684E
:105BD000426883689A4201D0FFF724FF0B4B186894
:105BE000826843689A4201D0FFF71CFF084B18688F
:105BF000826843689A4203D0BDE80840FFF712BFAD
:105C000008BD00BFD03F0320103D0320083D032006
:105C10000C3D03202DE9F74F434B1B681969D3F85E
:105C200014A01A7C00221A74587C5A74987C9A74B6
:105C3000D87CDA74187D1A75587D5A75987D9A75D6
:105C4000D87DDA75002933D00139032930D8DFE84F
:105C500001F002654C53354A117809B100211170E9
:105C60000022914617461446314D32493248D5F844
:105C700000E0D1F800800668DAF808B00195A34585
:105C800019D107B10660B9F1000F01D0C1F8008049
:105C900012B1019AC2F800E01A7A012100221972A9
:105CA000597A5A72997A9A72DA7A6FF05F02DA72D6
:105CB00003B0BDE8F08FA51C0AEB85056D6895F86B
:105CC00000C0BCF1620F09D0BCF1630F0AD0BCF177
:105CD000610F04BF2E4601270134D0E7A8464FF0DC
:105CE0000109F9E7AE460122F6E701210F4A1170DA
:105CF0001A7A03210022D2E7197A04211972597AFB
:105D00005A72997A9A72D97A6FF05F01D972074BF9
:105D10001A7003B0BDE8F04FFFF752BF03B0BDE803
:105D2000F04FF7F7A3B800BF143D0320D03F032086
:105D30000C3D0320083D0320103D0320014B187843
:105D4000704700BFD03F03202DE9F04106460F46C3
:105D50000025DFF874803368AB4201D8BDE8F081DC
:105D600006EBC504A368FBB16368DBB2012B1BD152
:105D70006268B8F80030B3EB124F15D1022FA0685B
:105D800014D1FFF72DFE02280ED0012813D163682D
:105D900023F0FF0343F002036360B8F800300133DF
:105DA000A8F80030F7F752F80135D4E70168090C7C
:105DB00007F022FBE7E70028EFD1636823F0FF0339
:105DC00043F00303E8E700BFB43F032070B5164675
:105DD00000240368A34201D100231CE000EBC402AD
:105DE0005568EDB2032D18D101EB8413936051680F
:105DF00021F0FF0151600C490888441C0C80516857
:105E000089B241EA0041516018464022002108F061
:105E10003FFA03464660184670BD15B99568002DD7
:105E2000E2D00134D6E700BFB63F032008B50B4BE4
:105E30001B68C01A0A4BC0F389101B6803EBC00033
:105E4000436823F0FF0343F0010343600320F6F7A8
:105E500079FE0122034B1A6008BD00BF343D0320C8
:105E6000383D03200CA0024008B50B4B1B68C01A3C
:105E70000A4BC0F389101B6803EBC000436823F092
:105E8000FF0343F0010343600320F6F75BFE0122AA
:105E9000034B1A6008BD00BF2C3D0320303D03209A
:105EA00004A00240054B1B7833B9054B0222196848
:105EB000044B1868FFF78ABF00207047D23F0320C9
:105EC000343D0320383D03200A2337B50C4C0D4DDB
:105ED0000193012221682868FFF778FF68B9F6F777
:105EE0006FFF18B901A9F6F72FFEF2E74FF47A70A9
:105EF000019B5843F6F726FEEBE703B030BD00BF29
:105F00002C3D0320303D0320034B1B780BB9F6F7E3
:105F1000D7BF0020704700BFD23F032010B5064C0A
:105F2000F6F79CFF20680121FFF70EFF6068022151
:105F3000BDE81040FFF708BF203D032000231149B2
:105F400030B50A681468A3420BD100234A6811686F
:105F50008B4215D002EBC304A468A04208D00133E1
:105F6000F6E702EBC305AD68A84201D00133EAE7CA
:105F700002EBC3035A6822F0FF0242F003025A60A8
:105F800030BD00BF203D03202DE9F04F002295B029
:105F900005464D490079FEF7F3FD3822002103A89C
:105FA00008F076F90223049308230693202308932C
:105FB00001230B9304230D9310234FF0400C0F93F8
:105FC0008023CDE911C3D52303A81393FEF7F0FD79
:105FD0002B6800215A68186808F05AF92A68146872
:105FE000D36904F1600604F1A40704F1E80A04F59A
:105FF0003A7B04F12009002B60D004F140083349BA
:10600000C1F800903BB192694046C8F80420C8F836
:106010000030FFF7B9FD28680023026901216260A2
:106020004269A170A2602A4A23701760294A6370EE
:1060300016600822E370E660276184F8A420C4F8A3
:106040001490C4F818807B70BB70FB70142784F820
:106050006020214A214DC2F800B0214A7370C2F875
:1060600000A0204AB370F370C2F81046C2F814368C
:106070001D4C29701D49236002930B600B681C4E58
:106080000293029B002001A90197F6F75DFD019B99
:10609000143B1E442B78012B04D1002EF2D16FF05B
:1060A0007303236024685CB9124B1C70124B1C8074
:1060B000124B1C80204615B0BDE8F08F98469EE735
:1060C000FEF798FDF6E700BF01610200283D0320BE
:1060D000383D0320303D0320343D0320D13F0320D1
:1060E0002C3D032000A002401C3D03201056004020
:1060F000F0490200D23F0320B63F0320B43F032003
:1061000070B5044620060CD5FFF784FDFFF716FE98
:1061100038B1E0223E4B83F82A234FF480625A6064
:1061200070BDE10748D548F202023A4BD3F8143665
:10613000934235D01BD843F23202934236D00BD86B
:10614000013B012BECD803220E20334B1A70334B4A
:10615000186007F0D6FEE3E748F201029342DFD170
:1061600003222D4B1A7016222C4B1A60D8E72C4AAA
:1061700093420CD8B3F1886F0CD848F203029342D3
:10618000CED10322244B1A700C22244BEDE7254A72
:106190009342C5D10321204A1170204A1360BFE702
:1061A00003221D4B1A705F221C4BDEE703221A4BA1
:1061B0001A700522194BD8E714F0400503D00222CB
:1061C000154B1A70ACE7620705D5134B1A781E46BB
:1061D0003AB9F6F73BFEE306A2D5BDE87040F6F704
:1061E00035BE012AF7D1104A104812689168416003
:1061F0005268026021B11AB1096809B112682AB95E
:10620000032305223370054B1A60E4E71D70E2E7B3
:1062100000E100E000A00240D13F03201C3D03202C
:106220000400400401005005283D0320203D0320C8
:1062300008B54FF4B0720021024808F029F8002098
:1062400008BD00BF3C3D0320F8B5064600242C27BE
:106250000F4B07FB04F01D18185888B94FF0FF3793
:1062600001232846AF612B6007F039F968B1284651
:1062700007F04CF90C20F6F79DFD4FF0FF3405E0D8
:106280000134082CE5D16920F5E735602046F8BDDA
:106290003C3D0320072805D82C22034B02FB00308D
:1062A00007F034B9704700BF3C3D0320072870B5A4
:1062B00012D82C235843094C2358251863B128467B
:1062C000EE6907F00CF9044620B9304607F0FBFDF3
:1062D000204670BDEE61FBE70224F9E73C3D032058
:1062E0002DE9F04115462C2250431E460E4B0C461C
:1062F0001F181B582B408B4202D10020BDE8F081B3
:106300007B68002BF9D1B846D8F800302B40A34267
:10631000F3D0D8F80430002BEFD131463846F6F7E9
:1063200013FC0028F0D0E9E73C3D03200D4A70B58E
:10633000002311462C2505FB03F40C595CB1D468ED
:1063400024F00806022E01D0052C04D105FB03F62B
:106350008C5904438C510133082B02F12C02EAD1F1
:1063600070BD00BF3C3D03200D4A70B500231146AF
:106370002C25C04305FB03F40C595CB1D46824F010
:106380000806022E01D0052C04D105FB03F68C591A
:1063900004408C510133082B02F12C02EAD170BD6C
:1063A0003C3D03200A4B024630B500201C462C2100
:1063B00001FB00F5655915B19D69954206D0013084
:1063C000082803F12C03F3D14FF0FF3030BD00BF9C
:1063D0003C3D0320072808D82C234343044AD01807
:1063E000D358002B08BF002070470020704700BF23
:1063F0003C3D0320072838B52CD82C246043164D8B
:106400002C18285830B3012905D06D20F6F7D2FC9E
:106410004FF0FF301BE0A2F114010129F5D80499D7
:10642000082915D1A3B14FF47A7558680021B0FB43
:10643000F5F01B68E5FB0301012908BF002801D323
:106440002120E3E7142A0CBF20626062002038BDDF
:106450001620DBE70920D9E73C3D0320F7B50646C7
:10646000072E18461546089B41D82C247443214F0B
:106470003A593E19002A3AD0012905D06D20F6F785
:1064800099FC4FF0FF3012E000B10BB91620F6E78F
:10649000042D0ED11A68002AF8D0042A28BF04223D
:1064A00004341A60391907F0E6FE0020706003B06A
:1064B000F0BDA5F11402012AE0D81A68002AE5D03F
:1064C000082A28BF08221A60D6E90843142D18BFED
:1064D0001C464FF47A73B4FBF3F1009103FB1141B6
:1064E0004B436946019307F0C6FE0020DFE7092011
:1064F000C5E700BF3C3D0320072810B52CD82C234E
:106500004343164CE05838B301291DD112F0010065
:10651000E25804D0002042F08052E25010BD9200B8
:1065200007D4E25892B20A2A03D0E25892B20B2A58
:1065300005D10B20F6F73EFC4FF0FF30EEE7E258B6
:1065400022F08052E250E9E7022903D1E058C0F37B
:106550000070E3E71620EDE70920EBE73C3D032060
:106560006A289ABF014B185C5F207047AA3103006C
:10657000052813D007D870B10B4B1B5C0B4A40F2B7
:1065800015101360704706280BD00D2809D06A2813
:10659000F2D95F23F2E7054B186070474FF48A7019
:1065A000704740F211107047AA310300A43E032047
:1065B00010B50024064B20221C60064B21460648DD
:1065C0001C6007F065FE0122044B20461A7010BDC6
:1065D000B03E0320AC3E0320B43E0320D43F032052
:1065E000F0B502230D46114600224FF0FF3485B06E
:1065F000CDE90123354B06461B7803942BB9752052
:10660000F6F7D8FB204605B0F0BD20F00803022BBA
:1066100003D0052801D06A20F2E76B1E022B14D8A4
:10662000284602AA06F0A3FF074600284BD12946B8
:10663000274A01A8FFF708FE019B04465BB96926BB
:106640002046FFF727FE304600E01620F6F7B2FBA3
:106650004FF0FF34D6E7029AC3E903655A614FF061
:10666000FF3147F201023B4606F0C9FF024600280F
:10667000E5D08368023E082E03F10C03836098BFC7
:10668000144B47F2010198BF9F57029B4761C361BA
:106690008561042006F017FF4FF6FF7202212046A5
:1066A00003AB06F0BFFF06460028C9D1023D012D0D
:1066B000A8D8019B1A6842F400321A601A6842F4A2
:1066C00080121A609EE704469CE700BFD43F032077
:1066D00057D502009C3103004FF0FF3337B5054614
:1066E0000193FFF777FE044688B347F209028169F8
:1066F0000023284606F083FF024670B3236847F262
:1067000009011B0C1B0443F00D03236023680420C4
:1067100023F400332360236823F480132360104C98
:1067200006F0D1FE4FF6FF720E21284601AB06F0AF
:1067300079FF54F8250020B106F0CCFE002344F880
:1067400025302846FFF7A6FD002003B030BD092004
:10675000F6F730FB4FF0FF30F7E70C20F8E700BF0B
:10676000B43E03202DE9F04F00279A464FF0FF3644
:10677000642389B081461546DDF848B00291ADF832
:106780001070ADF8127005960793FFF723FE0446CC
:1067900030B90920F6F70EFB304609B0BDE8F08F9E
:1067A000B5F5805F01DD7A20F4E7BAF1000F04D07F
:1067B000BAF1020F06D05F20ECE7076887F0805738
:1067C000C7F30077002D07DD029B2BB90E20F6F7EB
:1067D000F1FA4FF0FF36DFE72369BBF1000F12D06B
:1067E000012B01D17F20F2E7E268DBF804309A4206
:1067F00001D06A20EBE79BF80030139A934200F037
:10680000C5801620E3E7022B0FD16369022B03D169
:1068100023689BB2052B05E0B3F5877F0DD1236874
:106820009BB20C2B09D08020D1E7012B05D16369E5
:10683000012BEDD0B3F5827FF0E747F20608636ADB
:10684000002B08BF4FF0FF33069348EA0943039338
:106850002368190301D5A068B9E7206810F4003057
:1068600007D10FB90B20B2E706A9F6F76DF9742826
:10687000F8D023689A03EBD5284606F01EFE06469C
:10688000002833D127B907A90020F6F75DF9E9E719
:1068900006A9F6F759F90028EED0E3E705A9F6F7BF
:1068A00053F95BE006F016FE00233A4A012E42F847
:1068B000293001D0122E0ED1374B1B7847B1002B57
:1068C000C6D1002006A9F6F73FF90028C0D0C9E7D5
:1068D000002BC7D1D7E7032E02D1002FF1D1D2E789
:1068E0006A2E96BF2D4B5F20985D70E70C23002227
:1068F0000372A36A42728272C272C0F814A01BB102
:106900004AEA03037361A262BBF1000F15D006F1DE
:106910001C0301930DF112030093139A04AB594623
:10692000E06806F042FEBDF81220BDF81030328358
:10693000B268738304331344B360A3697560336131
:10694000039BF360029B23B12A461946306807F087
:1069500092FC32464146042006F0B5FD0D4B53F83B
:10696000290000289AD04669002E9BD123681B017C
:1069700049BF2368856923F00063236006F0AAFD00
:106980000023044A2E4642F8293005E747F207085B
:1069900055E700BFB43E0320D33F0320AA310300D4
:1069A0002DE9F04F1F464FF0FF3385B003930B687E
:1069B0000646DDE90EA85D020C46914661D40B68DF
:1069C00019025ED42368DA015BD423689B0158D492
:1069D000236847F2040201932368A16943F080739E
:1069E0002360D8F8003006F00AFE0546002845D09E
:1069F0008368024608338360C0F8149047F20401AC
:106A0000D0F800908761042006F05DFD4FF0007221
:106A10003046114603AB06F005FE8346B8B91A4F5F
:106A2000D8F8000057F82610E9B14A68824228BF1A
:106A30000246C8F80020096891B1504607F01BFCD7
:106A400057F8260006F046FD002247F82620484663
:106A500006F043FD019B2360584605B0BDE8F08F6A
:106A60004FF0160BECE76A684946824228BF02469F
:106A70005046C8F8002007F0FEFBE8E74FF00C0B8B
:106A8000E8E74FF00B0BE7E7B43E03202DE9FF41A9
:106A90004FF0FF33074690460E46039300294DD032
:106AA000002A4BD0FFF796FC0546002848D0036823
:106AB0009BB2022B44D18169002347F2050238467C
:106AC00006F09DFD044600283CD08368424604330E
:106AD000836000F1180301930DF10A03009331461E
:106AE000E86802AB06F061FD08BBBDF80A30BDF8EE
:106AF0000820A382A368144E1344A3602B68E2828B
:106B0000334043F00303224647F2050104202B6083
:106B100006F0D9FC4FF6FF720421384603AB06F0AD
:106B200081FD40B12B68334043F002032B60F6F740
:106B300041F94FF0FF3004B0BDE8F0811620F6E7D0
:106B40000920F4E70C20F2E70000FFFF73B50546CB
:106B5000FFF740FC044600283AD003689BB2042BA0
:106B600003D003689BB20B2B34D1002128461C4A6A
:106B7000FFF79CFB034678BB47F208022846A16951
:106B800006F03DFD024648B38368164E0433836029
:106B9000236847F20801334043F0060304202360D2
:106BA00006F091FC4FF0FF334FF6FF72019307217F
:106BB000284601AB06F036FD40B12368334043F070
:106BC00004032360F6F7F6F84FF0FF3002B070BD13
:106BD0000920F7E71620F5E70B20F3E70C20F1E793
:106BE00057D502000000FFFF2DE9F74F0025804632
:106BF0000F4691460095FFF7EDFB0446002800F094
:106C0000C7800369012B40F0C68003689BB2072B45
:106C100040F0C3804FF0FF330193036813F0805AB4
:106C20005CD10368DB035DD44FF4803240461146EB
:106C300001AB06F0F7FC0646256815F4803553D005
:106C40006846584A2169FFF7FFFA009B0546002B6A
:106C500000F0A580626940465A61E268A169DA6085
:106C600022691A6147F20C02002306F0C8FC0246B2
:106C7000002800F094802368DFF830B147F20C015F
:106C800003EA0B0343F008030420236006F01BFC17
:106C900023684FF6FF7223EA0A032360092101AB40
:106CA000404606F0BFFC2368064643EA0A03236019
:106CB000E0B1236803EA0B0343F007032360236872
:106CC00023F480332360009B13B12846FFF7E2FAD8
:106CD0003046F6F76FF84FF0FF3046E00B264FF0E6
:106CE000805AA9E71626A7E7002EECD12E4E009871
:106CF00056F828309A698261C7B1C2680A2A37D12A
:106D0000D9F80010242911D139707A601A7F597F7F
:106D1000103742EA012227F8082C03F12002303311
:106D200052F8041B9A4247F8041BF9D102681F4924
:106D30000A4042F005020260026842F4003202603A
:106D4000026842F480120260236856F828000B4063
:106D500043F007032360236823F48033236006F0A5
:106D6000B9FB0023284646F8283003B0BDE8F08F71
:106D7000022ADBD1D9F800101029D7D139707A60F6
:106D80001A7F597F42EA01223A811B6AFB60CDE7F4
:106D90000926054697E75F2695E7162693E70C2612
:106DA00091E700BF57D50200B43E03200000FFFF6B
:106DB0002DE9FF410129064690461D460A9F08D04D
:106DC0006D20F5F7F7FF4FF0FF34204604B0BDE823
:106DD000F081FFF7FFFA044608B90920F1E7A8F1AE
:106DE00019031E2B00F28680DFE803F010848484F0
:106DF000843D495184848484848484598484848433
:106E0000848484848461667376797C000DB90E2055
:106E1000D7E72846EAF7CAFBB842F8D123689BB205
:106E2000022BDAD12846374907F006FC08B1854223
:106E300001D01620C5E73348EAF7B8FB0A22002143
:106E4000284405F0CBFB0423019303AB21460390B8
:106E50000093082243F21003304606F08BFD0446EF
:106E60000028B2D0ADE70246334648F201014FF4A4
:106E70000070CDE9005706F0C8FD0446A5E70246BC
:106E8000334644F210010420CDE90057F3E70246EF
:106E9000334646F210010620CDE90057EBE70246E3
:106EA000334641F204010820CDE90057E3E74FF0F3
:106EB0008073A362002488E700244FF00073224609
:106EC0008362214623463046CDE90044FFF74AFC61
:106ED0007BE74FF08063ECE74FF00063E9E74FF0AA
:106EE0008053E6E70246334645F206010120CDE92C
:106EF0000057C0E72B464246012130460097FFF776
:106F000079FABAE7983103002DE9F04F87B0019381
:106F1000724B80461B780F4614463BB97520F5F737
:106F200049FF40F2151007B0BDE8F08F6C4D2E6898
:106F3000002E40F0D08001236A486B496B4A2B60D9
:106F400003606B4B8A469146DFF8B4B10E60166061
:106F50001E80029094B1E26882B1CBF800203FB964
:106F6000A068032846D100234FF489702B60DAE72C
:106F70002268D10408D5520506D4F1E70122CBF8E6
:106F8000002087B1002CF3D10A220021384605F0F9
:106F900001FA4FF6FE72411E9142554BE3D80202B0
:106FA00042EA20201880002CDAD1B8F1000F03D07B
:106FB0004046EAF7FBFA0646002F3CD0002C3AD0B8
:106FC0002368DB0437D53A21384607F0ABFA48BBD3
:106FD00001460A22384605F001FB0146334647F2D6
:106FE0000D02084606F00BFB074638BB286040F24E
:106FF0000F1098E763680A2B07D033F0020304D020
:1070000000234FF487702B608DE70123E16805AA08
:10701000059306F0ACFA0028C7D0002340F2131005
:107020002B6080E703903348EAF7C0FA039B0A22FB
:1070300000211844CFE74FF0FF31CFE7002C3AD0C2
:10704000A368029A022B1360626808BFCBF8003075
:10705000023A082A8EBF002227498A568261E268D6
:10706000C36100230262037543758375C375BB68F2
:107070001033BB60B8F1000F05D0386818B1324644
:10708000414607F0F8F83A4647F20D01042006F0B1
:107090001AFA4FF0FF330593384605A9F5F754FD6A
:1070A0002B68012BF8D0D9F8000050B9DAF800307D
:1070B000019A136037E710222146143007F0E8F8F0
:1070C000D5E700232B600D4B186808B1F5F772FE69
:1070D000D9F8000027E74FF48A7024E7D43F032053
:1070E000AC3E0320A03E0320B03E0320A83E032078
:1070F000B83F0320503203009C310300A43E03201C
:107100009C3E032038B50A4D04462A68022A0ED157
:1071100048B14069F5F7CEFEA06908B1F5F7CAFE9F
:107120002046F5F7C7FE0023024A2B60136038BDE6
:10713000AC3E0320A83E0320022873B50D46164638
:107140003AD00A2833D06A20F5F734FE4FF0FF30EA
:1071500026E0102E33E000231C2243720272837259
:10716000C372FDB1466132462946183007F083F8F4
:10717000224647F20F01042006F0A5F94FF4FA6306
:10718000134D0193204601A9F5F7DEFC0028DBD161
:107190002A78002AF6D00F4B287018680028D3D11F
:1071A00002B070BD057545758575C575E0E70029A8
:1071B000CFD12EB11620C7E70029FAD0042EF9D17D
:1071C000002006F07AF904460028C4D10C20BBE761
:1071D000D53F0320D43E032048F20F032DE9F04FA2
:1071E000994204460E4689B000F0A48049F2040397
:1071F000994200F0AB8048F20D03994240F0B8800C
:10720000BC4B1A680393012A2DD14069002840F035
:107210008C80D4F818A0D4F800804FEA4A1318469E
:107220000193F5F73FFE074610B3242000FB0AF058
:10723000F5F738FE0546E8B1042600EBCA0307F16E
:1072400020090293029BAB4218D1BAF1000F05D07E
:10725000019B3B449946002349F8043CA64B1F6020
:107260000223039A13602068002840F0C781C7E119
:10727000F5F720FE0C22A14B1A60EFE758F8062024
:1072800008EB060149F8202C08EB06025268B1F819
:1072900012B0013A042A8CBF0022994B06F1140661
:1072A00098BF9A56974B49F81C2C1A68964B49F888
:1072B000182C1A6849F8142C0A8A9449042A088858
:1072C00049F8102C49F80C5C08EB060121D1022288
:1072D0006A60102228812A700A68EA6059F8102C26
:1072E0000BF101001644F5F7DDFD49F8080C48B133
:1072F0005A4608EB060106F0BEFF002159F8082C9B
:1073000002F80B1049F8049C5E4409F12009083585
:1073100098E70A234FF0240C28816B6085F800C0A1
:1073200005F1100006F0A7FFD8E7FFF721F9734B2E
:10733000186095E743696A2B8EBF5F23744AD35C5C
:10734000744A1360744B01221A7059E10369032BCC
:1073500007D8DFE803F0020802084FF40030FEF718
:10736000E5FF6E4BEFE74FF40030FEF7FDFFF8E767
:1073700001F41043B3F5104FC0683BD1FFF712F88A
:1073800007463846FFF726F8054600283FF46BAF5E
:10739000014633462246384600F056FD002800F0EC
:1073A0002F8148F20C039E4226D8B6F5004F7FF697
:1073B0005AAFA6F50046013E0B2E3FF654AF01A38F
:1073C00053F826F0897402003D75020059760200D8
:1073D0007776020021750200097602000976020024
:1073E00081750200A37402006772020067720200D6
:1073F000AB750200070CC4E749F202039E4200F09D
:10740000CC8049F203039E425BD049F201039E42C5
:107410007FF429AF2E6816F4801600F0EE80A36882
:10742000042B40F2E780638A002B00F0E480102BED
:1074300040F0CC802420F5F735FD18B30A234360D3
:1074400024230370627C237C04F1240143EA022399
:10745000038100F1100204F1140353F8046B8B4212
:1074600042F8046BF9D124232268079304926268DE
:1074700004A9CDE90520E86903685B6898470130F5
:1074800040F08F800220BCE02B68012B40F0B880D8
:107490006069002840F0E98002232B60A369AB619A
:1074A000AFE02B689BB20D2B40F0AA8060690028EA
:1074B00040F0DB802B681B0C1B0443F00E032B6099
:1074C0009FE02B6843F400232B602B6823F40033E8
:1074D0002B6023696C2B07D12B6843F080432B6012
:1074E00080236B60AB608BE06A2B96BF084A5F23FA
:1074F000D35CF6E7AC3E0320B03E0320A83E032059
:10750000A5310300A03E03209C3E0320B83F03208A
:10751000AA310300D43E0320D53F0320D33F0320EC
:107520002B689BB2032B6BD16069002840F09D80D3
:107530002B681B0C1B0443F00403C0E72B68990065
:107540005ED52B6823F000532B60606968B92B6807
:1075500043F400332B602B6843F480132B602B68BB
:107560001B0C1B0443F00503A9E76A288EBF5F23A9
:107570004C4B1B5C6B602B6843F480232B603FE01B
:107580002B689BB2062B3BD1606900286DD12B681C
:107590001B0C1B0443F0070391E72B689BB2072BDE
:1075A0002ED12B6843F48033E8E72B689BB2082B7D
:1075B00026D16369002B6DD13B4B43F827402B68E4
:1075C0001B0C1B0443F009032B6032E0042B14D185
:1075D0001020F5F767FC00283FF454AF0223436006
:1075E00010230370227C617C42EA012202816269DD
:1075F000C26039E70023184636E7206805F06DFFC2
:10760000002009B0BDE8F08F274B43F8274063699D
:107610007BB16B2B0FD128690C2201282B6804D178
:1076200043F000632B606A60EBE743F480232B6038
:107630006A600120E5E723F00200012802D10C2353
:107640006B60DEE76A2B8EBF5F23164AD35C6B60EC
:107650002B6843F48023B7E72B685A02D0D56069C2
:1076600018B92B6843F4000329E76A2817D80D4B93
:107670001B5C6B60C4E72B68DB01C1D563694BB948
:10768000206818B10120084B43F827402B6843F0CD
:10769000007314E76A2B02D8024AD35CE9E75F2340
:1076A000E7E700BFAA310300B43E03201F280BDC2C
:1076B000002810DD012303FA00F0094B0340002BE2
:1076C0000CBF1620002070473F2806D07B2814BF2F
:1076D000162000207047162070470020704700BF1A
:1076E0008A80008038B5074C054654F8300038B120
:1076F000F5F7E0FB002344F8353004EBC504636084
:1077000038BD00BFD83E03204FF0FF332DE9F743CB
:10771000DFF89480019308EBC0090D461646D9F8AE
:10772000043047F281028969074605F068FF044684
:1077300098B3D9F8042022B158F83710006806F041
:107740009AFD2423174A03FB072304F1140203F1D3
:10775000240153F8040B8B4242F8040BF9D1A368BF
:1077600022462433A3602B6847F281011B0C1B04C3
:1077700043F00A032B60042005F0A5FE2B68DB0014
:107780000DD44FF6FF720B21384601AB05F04AFFCE
:1077900000B12E6003B0BDE8F0830C20FAE777203B
:1077A000F8E700BFD73F0320D83E03200122024B59
:1077B00000201A70704700BFD63F032038B5214B18
:1077C00015461B782BB97520F5F7F4FA4FF0FF3406
:1077D00031E04B1E012B09D852B901290BBF012200
:1077E00002224FF482754FF4877507E06B20EBE7B8
:1077F000012922D1B2F5827FF8D10A46FEF7F0FEC8
:10780000041EE3DB24221049104B02FB041203F197
:10781000240153F8040B8B4242F8040BF9D12046A3
:10782000FEF7D8FD0368456123F480130360036805
:1078300023F400330360204638BDB2F5877FD5D1ED
:107840000222DBE7D63F0320D73F03201532030097
:107850002DE9F04F85B0064691461F460391FEF78D
:10786000B9FD054600286CD04FF0240ABB0748BF7D
:1078700000234FF000044FF0FF3B58BF03680AFBA2
:1078800006FA5CBF83F08053C3F300730293296848
:10789000A9EB0408B8F5006F89B2A8BF4FF40068DF
:1078A0000C2910D10F9B039901930E9B4246009324
:1078B00030463B462144FEF755FFB0F1000B32DA6B
:1078C0004FF0FF3434E0286880B20B2809D1214BF7
:1078D00013F80A20022A31D02A69012A33D16D20F7
:1078E0002CE0284606F007F988B31A4B13F80A1063
:1078F000022910D12946304606F014F970B90F9BC1
:10790000039901930E9B4246009330463B46214427
:10791000FEF728FF8346BBF1000FD0E7BBF1FF3F26
:107920000AD000280ADC029B5C440BB1A145AEDC06
:10793000204605B0BDE8F08F0028C1DDF5F73AFA22
:10794000BEE70920FAE7BBF1FF3FECD1B8E78020A2
:10795000F4E700BFD73F03202DE9F0470D46DDE9EE
:107960000889044616461F46FEF734FD014620B33B
:1079700003689BB20C2B03D003689BB20D2B09D17B
:107980003B46324629462046CDE90889BDE8F04706
:1079900005F058BE06F0AFF898B1242363430A4AB5
:1079A000D35C022B0DD1204606F0BCF80028E7D0AE
:1079B00004DC4FF0FF30BDE8F0870920F5F7FAF955
:1079C000F7E70B20FAE700BFD73F0320F8B50446DE
:1079D0000E461746FEF7FEFC0546D8B103689BB27B
:1079E000022B19D13A4631462046FFF74FF850B9DD
:1079F00024236343094AD35C012B0AD1042229467C
:107A00002046FFF781FE002803DDF5F7D3F94FF09C
:107A1000FF30F8BD0920F8E75F20F6E7D73F0320E5
:107A2000F8B505460E461746FEF7D4FC0446F0B1FD
:107A300024236B43104AD35C022B1AD103689BB2F8
:107A4000022B03D003689BB2042B12D13A46314675
:107A5000284605F0F9FE18B92146284606F062F8D6
:107A6000002803DDF5F7A6F94FF0FF30F8BD092037
:107A7000F8E75F20F6E700BFD73F032038B50D4693
:107A80000446FEF7A7FC0146002833D00368DB005C
:107A900032D40369012B2FD103689BB2042B05D18B
:107AA00024236343154AD35C022B09D00B689BB295
:107AB0000B2B21D124236343104AD35C012B1BD110
:107AC0002423012063430D4AD0540B680B2B0AD1A9
:107AD00029462046FFF73AF8002803DDF5F76AF952
:107AE0004FF0FF3038BD20460A68FFF70DFE002832
:107AF000EED0F1E70920F1E75F20EFE7D73F032061
:107B00002DE9F34105460E46174698464FF0FF34DF
:107B1000FEF760FC019400284BD003689BB2072B52
:107B200047D10368DB0006D55F20F5F743F920460F
:107B300002B0BDE8F08143463A4631462846FFF799
:107B400053F8041E2FDBFEF745FC242103681A4A74
:107B500023F400330360036823F48013036001FB04
:107B6000052301FB042103F1240553F8046BAB4208
:107B700041F8046BF9D1242302216343D1540368F3
:107B80004FF6FF721B0C1B0443F00B0303600C2128
:107B9000204601AB05F046FD05460028C7D020462B
:107BA000FEF79AFD2C462046F5F704F94FF0FF3416
:107BB000BDE70924F7E700BFD73F0320F7B5B1F5CC
:107BC0008D7F064615461F46089C04D003B0BDE8CD
:107BD000F040FFF7EDB823B9052A00D10CB10E2013
:107BE00077E03046FEF7F6FB0146002800F087807C
:107BF00003689BB2022B07D003689BB2042B03D00F
:107C000003689BB2052B7AD1013D082D79D8DFE8B6
:107C100005F005261838435578657100042C74D199
:107C2000386830B9242302225E43394B9A5503B099
:107C3000F0BD012869D124235E43354B98550020BF
:107C4000F5E7012C61D1002FC9D024203B78304AC0
:107C5000003B18BF012300FB06267370EFE7032CDF
:107C600053D914F0030550D124235E432848A208B9
:107C70008319DA70394622460436304406F0FBFA9E
:107C8000DDE7042C41D13B68022B3ED82420204A5A
:107C900000FB0626B370D2E73046FFF723FD002C29
:107CA000CDD02046F5F7FEF81A4B43F8360050B316
:107CB00003EBC606224639467460DFE747F201034C
:107CC000CDE900744FF48072304605F053FE002871
:107CD000B5D0F5F76FF84FF0FF30A8E7042C14D1BA
:107CE0003868FFF7E3FC0028F3D147F20203CDE93F
:107CF0000074E7E747F20303CDE90074E2E70920E7
:107D0000E7E76D20E5E70C20E3E71620E1E700BF99
:107D1000D73F0320D83E0320F0B5B1F58D7F85B065
:107D2000064617461D460A9C04D005B0BDE8F04043
:107D300005F086BE03B12CB90E20F5F73BF84FF0E5
:107D4000FF3051E023680BB91620F6E7FEF742FB3F
:107D50000146002868D07A1E072A71D8DFE802F0B1
:107D600004291A467053705F23682421042B88BFAE
:107D7000042301FB06F688BF2360324B03A99B5DF9
:107D80005A1E5342534122680393284606F073FA61
:107D9000002029E02368002BD6D02421012B88BFA6
:107DA0000123284888BF236001FB060122680131B6
:107DB000EBE724232349226803FB0613D8789307B3
:107DC00014BF00239308834228BF03469F0043B19A
:107DD000242000FB0611BA4288BF276022680431C4
:107DE000D3E70028B0D1206005B0F0BD236824217E
:107DF000042B88BF0423134888BF236001FB0601BE
:107E000022680231C1E747F20103CDE900544FF483
:107E100080723046FEF7C4FD0028E5D08DE7236868
:107E2000042B03D904232360092086E72868FFF781
:107E30003DFC002881D147F20203CDE90054E6E77A
:107E40006D207AE7D73F032070B50C4648F28101D8
:107E50008B42064635D049F282018B4240D048F22F
:107E600002018B4261D1002C5FD06369B3F5827F40
:107E700002D0B3F5877F58D1236823F000532360E5
:107E80005569002D4DD123681B0C1B0443F00503DD
:107E900023602368DB0001D4002020E02423734307
:107EA000234AD35C022BF7D12146304605F03AFE37
:107EB0000028F1D07728EFD06060236843F4802356
:107EC0002DE0002CE8D023689BB20A2BE4D1506946
:107ED00040BB23681B0C1B0443F00B03236070BDE5
:107EE000002CD9D023689BB20B2BD5D11569C5B90D
:107EF000236843F080632360FFF7F4FB236823F0DB
:107F00008063236023681B0C1B0443F00C03236075
:107F1000236843F400332360236843F48013236011
:107F2000BAE72846FEF71CFBC6E70120D7E700BFEB
:107F3000D73F032037B515466FF058020023027370
:107F400004220D4C43738373C373027243728372B2
:107F5000C372024689B20320237005F0B4FA4FF0D1
:107F6000FF3301932378AB4201D103B030BD01A9A7
:107F70000020F4F7E9FDF5E7F7400320F8B50546E2
:107F80000024104F57F8046B2846314606F054FB86
:107F900028B90134042CF5D14FF480300EE0012CC7
:107FA000FAD0A31E012B0AD83046E9F7FFFA0A22BD
:107FB0000021284404F0EEF940EA0440F8BD002016
:107FC000FCE700BFC02D03002DE9F34107460E4634
:107FD0001D48002190461D46019304F09BFC013092
:107FE00005F06BFA044660B301952B4641684246A2
:107FF000006804F08FFC022201212046FFF79AFF5F
:10800000124D7FB92B681868FFF7B8FF04462B683C
:10801000186805F062FA286805F05CFA204602B09C
:10802000BDE8F0812C68384662682168B24228BFFA
:10803000324606F020F96368B342E3D96FF00604D4
:10804000E5E76FF00B04E9E7D8F50200283F0320CD
:10805000012208B511460848F4F7B4FE002005F0E7
:108060002CFA28B101220521FFF764FF002008BD8A
:108070006FF00B00FBE700BF183F0320014B1860B7
:1080800000207047243F03200FB4114B37B51B78F5
:10809000069CBBB1CCB10F4D4FF0FF312868F4F70F
:1080A000B1FE0021224607AB08460193FFF78CFF83
:1080B00004462868F4F7A4FE204603B0BDE830402B
:1080C00004B070474FF0FF34F6E76FF00D04F3E7AC
:1080D000FD400320183F03200CB42E4B2DE9F3473D
:1080E0001B7805460F46DDF82880002B49D0002874
:1080F0004AD0B8F1000F47D0002948D0264B1A6863
:108100009946D2B1254E3368BBB10024D9F800306E
:108110009C4212D233684FEAC40A53F83400E9F79C
:1081200045FA33680246414653F8340006F02BFA0C
:10813000A8B9336853445B689BB9194E4FF0FF31BF
:108140003068F4F75FFE0BAB424639462846019390
:10815000FFF73AFF04463068F4F752FE0BE00134B3
:10816000D4E74246394628469847041E03DB284692
:10817000FFF704FF0446204602B0BDE8F04702B016
:1081800070474FF0FF34F6E76FF00D04F3E76FF040
:108190001504F0E7FD400320203F03201C3F03208F
:1081A000183F03200EB4234BF3B51B780546079FF9
:1081B000002B39D000283AD0002F38D01E4E4FF077
:1081C000FF313068F4F71EFE2846E9F7EFF9013079
:1081D00005F073F9044620B329460068174D06F0F0
:1081E000AEF9204602220121FFF7A4FE2B6808AA5F
:1081F00039461868019204F0DFFB2B68041E1868EA
:1082000008BF6FF04C0405F068F9286805F062F9C2
:108210003068F4F7F5FD204602B0BDE8F04003B049
:1082200070476FF00B04F3E74FF0FF34F3E76FF0A4
:108230000D04F0E7FD400320183F0320283F0320F2
:1082400070B5C3680546A72B03D0286805F045F92B
:1082500008E0032908D0042919D0022902D10122FB
:108260000E4B1A7000200AE00D4E336843B1002413
:10827000006898472868346005F02FF9E0B270BDB7
:108280000222084B01241860044B1A70F6E7064BD3
:108290001B68002BD9D000689847D6E7F740032029
:1082A0002C3F0320283F0320243F032010B5044621
:1082B000006808B105F011F9054BE2689A4205BF64
:1082C0000120044B0020187004BF034B1C6010BD3C
:1082D0001AE1AB15F8400320303F03202DE9F041AF
:1082E000046807460D46002C00F0868001F47043B8
:1082F000B3F5005F42D15F4B1A789846012A31D11D
:108300005D4A21681288B2EB114F2BD162686ABBBB
:108310005A4B1E681EB342F209039D421FD13046DC
:108320002389802240F8043B04F10A0105F0A3FFF1
:10833000802204F18A0106F1840005F09CFFD4F844
:108340000A31C6F80431D4F80E31C6F80831D4F831
:108350001231C6F80C31D4F81631C6F810310023AA
:1083600088F80030386805F0B8F845E047F6FF7146
:108370008A420CBF032202221A70F3E7404E336890
:10838000002BEFD044F2040291420BD8B1F5804F9C
:10839000E8D9A1F58042023A022A0BD8DFE802F0C0
:1083A000454F590044F20113994203D044F201238E
:1083B0009942D7D1334F386808B105F08EF844F2AE
:1083C00001239D42304B1AD102223C6094F8514067
:1083D0001A70E30702D50220336898472B4D14F03A
:1083E000180433682A781AD01AB90520984701234F
:1083F0002B700120336898470020BDE8F08144F2DB
:10840000011295420BBF012200223C603C600BBF71
:1084100094F8414094F83D401A701A70D9E7002A48
:10842000E7D0062098472C70E3E7194C206808B184
:1084300005F053F83B68032023603368DBE7154CF5
:10844000206808B105F049F83B68042023603368D0
:10845000D1E72278032A85D8DFE802F00205070970
:10846000072098477EE70820FBE70920F9E70A2064
:10847000F7E700BFFB400320BA3F0320443F03203F
:10848000343F0320383F0320FA400320F940032003
:10849000403F03203C3F03200123034A1360C207EF
:1084A00044BF024A13707047483F0320FC4003203A
:1084B00038B500234FF4FA650B4C236023682BB9C1
:1084C0004FF47A70F4F73EFB013DF7D1236813B9FE
:1084D0006FF0730006E0054B1B78012B14BF0020E2
:1084E0006FF0040038BD00BF483F0320FC4003206C
:1084F00000220023F0B52B4D2B4EC5E90223C5E920
:1085000004234FF40052294B00241A6000F11C038D
:10851000336043F0807343601C23037220230127E0
:108520006FF07F024372224B04704470C2708472F9
:10853000C472877040F080702C70C3F81006C3F8C6
:1085400014461C4B93B0224620461B491C70FCF776
:1085500017FB2146402201A805F09AFE0223029350
:1085600004230B93052301A811930997FCF720FB23
:10857000124B009436681C601B680093009BFFF749
:1085800097FF044630B103232B70FCF733FB2046E2
:1085900013B0F0BD32680A4B9A42F8D06FF0040471
:1085A000F3E700BF20D100204C3F0320503F0320C1
:1085B00000A00240FC4003209984020010560040B5
:1085C000010000A5012870B504460E4615460FD0DF
:1085D000841E012C10D81020F4F764FC002430B164
:1085E0001822084B856002FB0434C0E9004670BDC8
:1085F0001420F4F757FCF2E70C20F4F753FC0224A4
:10860000EDE700BFD02D030037B50125074C4FF42F
:10861000FA706560F4F796FA0023636001932560B1
:1086200023680193019B03B030BD00BF105600408A
:1086300070B50D4600B3154E327802BB012913D137
:10864000C16842680A4441690A44C1690A4442F265
:108650001B018A4216D90068FFF74AFF044630B171
:10866000FFF7D2FF204670BD05F04DFCF6E7084B42
:108670001D7001233370F5E76FF00D04F2E74FF042
:10868000FF34EFE76FF00B04ECE700BFFD40032081
:10869000FE400320052808B516D020F00800022867
:1086A00017D1B2F5837F07D2B2F5827F13D2013A98
:1086B000012A04D8094808BDB2F5877F0BD07B207A
:1086C000F4F778FB0020F6E70329054818BF0020DF
:1086D000F1E71620F4E70348EDE700BF182E03008A
:1086E000682E0300402E0300704700BF154A431C4C
:1086F00070B552F8236052F82040B44221D2361BA4
:10870000013E04F1100326F007061E44083407E07A
:10871000EA68537843F0010353700834B44210D030
:1087200054E9023528469847002DF6D00028EFD0AE
:108730000028B8BF4042FF28A8BFFF20EA68107099
:10874000E7E770BD902E030070B550B3037806467E
:108750003BB3154A154DAA4223D01446E3681B8843
:10876000C3F30803B3F5807F02D12368B34216D068
:108770001834AC42F2D1AA4213D00B4C02E01834A8
:10878000AC420ED0E3681B88C3F30803B3F5807FC7
:10879000F5D130462168E8F7FFFE0028EFD12046EA
:1087A00070BD0024204670BD90F1020050F202001E
:1087B00040B1C3681888C0F30800A0F58070B0FA13
:1087C00080F04009704700BF014B986864307047E3
:1087D000543F03202DE9F041064682B00F464FF08A
:1087E0002003EFF3118883F31288BFF36F8F01F03A
:1087F00079FB224C224B042EA4EB03044FEAD40451
:1088000098BF204A4FEA841444F00103054694BF00
:1088100052F826201C4AADF80030314600231B4890
:10882000EEF750F91FB1FB69C3F30803FBB944F03D
:1088300001042DB1284600F047FA08B1037803B9C6
:108840001348EEF737FC2346024629461148EEF757
:10885000CFFA39463046F7F727FB88F31188BFF384
:108860006F8F284602B0BDE8F041F0F76DBC0A48B2
:1088700044F00101EEF730FBD9E700BFF4F4020049
:1088800064F40200742F0300A82E0300C02E03001E
:10889000B82E03000C2F0300E82E030070B5002350
:1088A00001260F250F4A00EB40010F4C02EBC102DD
:1088B0000E4986B004EBC01400EB8000CDE9013313
:1088C000009201EB8011059320464FF4A072CDE990
:1088D0000356074B00F0FCF9637B23F0040363733A
:1088E00006B070BD543F032038D10020A06503209E
:1088F0001D8E0200012208B5094B02201A70FFF7F5
:10890000F5FE02F0C3F90320FFF7F0FE00F032FAA3
:10891000E9F7F8FF034A137B23F00103137308BD43
:10892000FF400320B8D10020024A03480021121A58
:1089300005F0AEBC1C410320E0CE002080B5A6B0FF
:10894000EDF774FF2F4B03F5006888F3088883F375
:108950000A880024E0232C4D2C4F85F82230EC7738
:108960002C766C76AC7685F820406B6A284E43F402
:10897000E0236B6285F82340F0F796FBEFF75EFF8C
:108980004FF0FF33AB62EB62F0F79CFDF0F7FCFBBE
:1089900040F2011206ABADF82420BB60CDE92044C3
:1089A000FFF7A2FE2046FFF7A1FE0120FFF79EFE83
:1089B00001F0DAF90123174ADFF864901649CDE98E
:1089C000043230464B464FF48052CDE90244CDE9A3
:1089D0000044FE6100F07CF90546727B304622F0CF
:1089E0000402727301F01AF82046FFF757FF0B4B91
:1089F00029464A463046C7F804803C75FB60F0F7CC
:108A000091F800BFE066032000ED00E0543F032032
:108A1000B8D1002074F80200A055032038D10020FE
:108A2000F588020038B5094C094DAC420BD2D4E9A7
:108A3000011204F10C032046C4E903331434EDF7AA
:108A400095F8AC42F3D3002038BD00BF70CD0020B4
:108A5000ACCD002010B400F10C04C0E9034410BCFC
:108A6000EDF784B82DE9F04F87B007468946DDE978
:108A70001001904601F0E6FC07F1140BCDE903016B
:108A80004FF02002EFF3118382F31288BFF36F8F50
:108A90009A4607F10C0356460593DA46C346B84694
:108AA00018E0039B1C1A049B63EB0105012C75F174
:108AB000000319DB31465046CDE90045059A01F027
:108AC0007BF84FF02002EFF3118382F31288BFF39B
:108AD0006F8F1E465A4649464046ECF7D7FF074679
:108AE00001F08CFC002FDCD086F31188BFF36F8F70
:108AF000384607B0BDE8F08F10B50C4682B0CDE91E
:108B0000002304212246FFF7ADFF02B010BD00BFD5
:108B100038B504464FF02003EFF3118583F3128834
:108B2000BFF36F8FECF786FF04F10C0001F008F93A
:108B300020B985F31188BFF36F8F38BD294604F142
:108B40001400BDE8384000F02BBE00BFF0B411485F
:108B5000114FB84217D2D0E9035343EA050212F08D
:108B6000030213D18668114642610EB908E023461C
:108B70000132B242196003EB050419464361F6D194
:108B80001C30B842E7D30020F0BC70476FF01500EE
:108B9000F0BC704738CD002070CD002070B40025A7
:108BA00041EA020414F00304C0E9032183608561F3
:108BB00011D1254644610BB908E031460134A34286
:108BC0000D6001EB02060D464161F6D1C0E90000DF
:108BD000002070BC70476FF01500FAE770B50E46C4
:108BE0001D4682B04FF02003EFF3118183F312880A
:108BF000BFF36F8F436963B1826933601B680132D1
:108C0000C0E90532002081F31188BFF36F8F02B0F5
:108C100070BD144654EA050203D16FF00B003360B7
:108C2000F1E70246CDE90045083000F0C5FF002815
:108C3000EDD1024B9B685B693360E8E7543F03204A
:108C4000F8B50D4604464FF02003EFF3118783F388
:108C50001288BFF36F8F46695EB12A68A3691660F8
:108C60002A68013BC4E9052387F31188BFF36F8F9E
:108C7000F8BD00F049FD08B96669EEE72A68C667E5
:108C8000426100F0CBFE394604F10800BDE8F8402F
:108C900000F086BD30B414461D462C4302D130BCD2
:108CA00000F0CCBE0249183030BC01F055BA00BF0C
:108CB000799A0200EFF30580003818BF0120704751
:108CC0006FF05700704700BF0020704700F0B6BE3D
:108CD0002DE9F0414FF0040C0025044684B00E9EAF
:108CE0000732067322F0070200F15806C0E9166643
:108CF000C2660A9E01EB02080D9AC0E9065582730E
:108D0000816680F80DC08560C57305670B9F00966E
:108D10000C9E4246CDE90176EFF7E2FE044B656515
:108D20009B6803B15B6F4046636704B0BDE8F081A8
:108D3000543F0320F0B5002487B00594DDE90C45CD
:108D4000CDE90045DDE90E45DDE91267CDE90245D3
:108D5000109D04460495FFF7BBFF7B1C08BFB6F1CE
:108D6000FF3F04D032463B462046FFF793FF2046A4
:108D700007B0F0BD2DE9F04B224F234D86B0AF4236
:108D800017D23C46D4E90532D4E90710E66ACDE9AA
:108D90000221CDE90406019323690093D4E902235B
:108DA000D4E90001FFF794FF23685C653034AC42DE
:108DB000E8D300F01DFDAF421FD24FF4004940F24E
:108DC000E73600270F4C636A23EAE371013311D0C1
:108DD000B346BC46C9FB01BC4FF47A720023584627
:108DE0006146E8F795F9D4F8008002460B46404604
:108DF000FFF750FF3034AC42E5D306B0BDE8F04B8E
:108E000000F07ABFCCCC0020FCCC002008B5EFF7F6
:108E1000E3FBBDE80840F3F74FBB00BF08B5094CC2
:108E20004FF02002EFF3118382F31288BFF36F8FAC
:108E300001F042FAA061EFF733FC0028F0D1EFF720
:108E400003FDEDE7543F032003460022C3E900334E
:108E50001046C3E9022270472DE9F04104461F463F
:108E600082B04FF02003EFF3118583F31288BFF334
:108E70006F8FC3687BB9394A926892F90E1001333B
:108E8000C4E90331A26085F31188BFF36F8F00201E
:108E900002B0BDE8F0811646304A80689268904280
:108EA00001D12169EBE756EA070350D092F90E1081
:108EB00090F90E306FF07E029942A8BF1946914298
:108EC000B8BF11468B423CDC4FF0000829462246D1
:108ED000CDE90067224800F06FFE0028D8D04FF09F
:108EE0002003EFF3118583F31288BFF36F8F23689C
:108EF0009C422AD04BB393F90E1022696FF07E0387
:108F00009142A8BF11469942B8BF1946A06890F98E
:108F10000E308B4209D1B8F1000F0BD01048294612
:108F200000F03EFC6FF00A00B2E700F059FE0028A6
:108F3000F1D0F3E785F31188BFF36F8F6FF00A006C
:108F4000A6E700F04DFE8046C0E72169DEE785F325
:108F50001188BFF36F8F6FF00F0099E7543F032024
:108F60007C3F032038B58368002B41D0224A9268A9
:108F700093423AD1DA7B0446013ADA73C368012B93
:108F800027D84FF02003EFF3118583F31288BFF346
:108F90006F8F8068216990F90E3099421CD120466C
:108FA00000F0B2FBA06070B1002290F90E102161B8
:108FB000C26700F033FD2946104800F0F1FB00F0D5
:108FC0009BFE002038BDE06085F31188BFF36F8FF2
:108FD000F5E7013BC360F2E700F002FE204600F037
:108FE00093FBA0600028DFD1EDE74FF0FF3038BDE4
:108FF0006FF0150038BD00BF543F03207C3F0320B5
:109000002DE9F8431F46044615469DF8203000F12F
:1090100008094FF02002EFF3118882F31288BFF3A2
:109020006F8FBBB14668484600F06EFBC0B91FBBEE
:109030003A462F6056B3336833F003032DD161688D
:109040002A6000293CD00B6803F003032B430B601C
:10905000656029E048460E4600F056FB0028E6D041
:1090600000244561C46700F0D9FC4846414600F041
:1090700097FB2046BDE8F883082101F0EFFD10B30F
:109080000122C0E900250546002ED4D1D4E90031E3
:1090900013432B60256039B9DAE713432B6033683B
:1090A00003F003031D43356004F11000042101F0B7
:1090B00057FD4846414600F073FB0020BDE8F883A9
:1090C000C4E90055F0E788F31188BFF36F8F6FF0A4
:1090D0000B00CFE710B50023012482B00A460094AC
:1090E0001946FFF78DFF02B010BD00BFF0B51F4657
:1090F00083B04FF02003EFF3118583F31288BFF3A1
:109100006F8F0468B4B12368416823F003028C4276
:1091100008BF42609B07026006D185F31188BFF348
:109120006F8F204603B0F0BD6668204601F06AFDEF
:109130003446F2E7164656EA0703EED000F108027D
:1091400029461046CDE9006700F036FD0028E8D139
:10915000014B9B685C69E4E7543F03205AB18A42A3
:1091600009D300F11003C0E90212C0E90000C0E910
:109170000433002070476FF01500704738B504467F
:109180004FF02003EFF3118583F31288BFF36F8F45
:1091900000F0BAFA48B10022C26700F03FFC29464D
:1091A000BDE83840094800F0FBBAD4E902329A42DF
:1091B00018BF013304F110000221A36001F0D0FCBC
:1091C0002946BDE83840014800F0EABA7C3F032058
:1091D00030B51D4683B04FF02003EFF3118183F3C8
:1091E0001288BFF36F8F836843B1013B836081F3C3
:1091F0001188BFF36F8F002003B030BD144654EACE
:10920000050306D00246CDE90045054800F0D4FC30
:10921000F2E781F31188BFF36F8F6FF00F00EBE778
:109220007C3F03202DE9F04F0546DFF8488185B0EB
:1092300000F1900B00F1880A4FF02003EFF3118644
:1092400083F31288BFF36F8FD5F88040002C69D06C
:10925000D5F8842023689442C5F8803008BFC5F84B
:109260008430D5F89830626843F00203C5F898302E
:10927000E36823F0040343F00103E36086F31188FD
:10928000BFF36F8F204690474FF02003EFF3118913
:1092900083F31288BFF36F8FE368990723F001020D
:1092A0000FD4E260D5F8983023F00203C5F8983067
:1092B00089F31188BFF36F8FDB05BDD400F060FD2B
:1092C000BAE7D8F8000023F00303E3600028E9D0F0
:1092D000002706684368BE4238BF3E469C420BD01A
:1092E0000746002EDED033683046002B38BF0023FF
:1092F0001E4643689C42F3D10268D8F8043057B147
:1093000098423A6008BFC8F80470002340F8083B50
:10931000FFF734FFE5E79842C8F80020F5D1C8F818
:109320000420F2E7D5F8983023F004025807C5F876
:1093300098200DD400234FF0FF3402934FF0FF33F9
:1093400031465246CDE90034094800F081FE73E70A
:1093500000220121584600F043FE0028EAD00022F6
:109360000121584600F03CFE0028F1D1E2E700BFA1
:109370007C3F03207C3F0320F8B5C3680D469F0760
:10938000C3F340060FD45C0710D5002330462B6092
:10939000F8BDFFF78FFCD7F89830D907C3F38002E8
:1093A00043D5AAB1C0B16FF00F06EEE70F680446CF
:1093B00047B3DB072AD401261D4B9B68BB42E8D08C
:1093C000D7F89830D907C3F380022ED5002AEAD106
:1093D000C3F3C003002BE6D100232360D7F8843009
:1093E000E3B11C60C7F88440002207F188001146F1
:1093F00000F0F6FDE3682A6843F004033046C4E950
:109400000223F8BD8768D8070F600AD5A76802262F
:109410002F60002FD0D16FF01506B6E7C7E92044C2
:10942000E2E70126002FC7D1F5E76FF01206ACE79F
:10943000543F032010B582B04FF02003EFF31184A6
:1094400083F31288BFF36F8F002250F8043C01921F
:1094500023F008021B0740F8042C05D484F311887C
:10946000BFF36F8F02B010BD836901A9103801935B
:10947000FFF782FFF2E700BF0023C0E90031C0E937
:109480000233704730B583B0019008464FF0200397
:10949000EFF3118583F31288BFF36F8F01A9FFF7F4
:1094A0006BFF044685F31188BFF36F8F002802DC41
:1094B000204603B030BD00F01BFD0028F8D000F0BE
:1094C0005FFC204603B030BD01460148FFF7DABF1C
:1094D00040D20020F0B50446002089B004F188068F
:1094E0000E9DC4E9226604F19006C4E92466C4E92D
:1094F00020001DB32E7940F20110002E08BF01207C
:109500004FF0FF364FF0FF37C4F898000020039368
:10951000CDE901000490CDE906672046084B009490
:10952000FFF708FC25B1296811B12046FFF7C8FBF9
:10953000204609B0BDE8F040FFF7C8BB0120DFE7D7
:10954000259202004FF02002EFF3118382F312887C
:10955000BFF36F8FC06800F00F0083F31188BFF373
:109560006F8F704770B582B001904FF02000EFF31D
:10957000118680F31288BFF36F8FC86810F00E0F4A
:1095800006D0002086F31188BFF36F8F02B070BD44
:1095900014461D462C430BD0019C40F00800C860C7
:1095A0008C6201F11000054900F0D6FD0120E9E7C9
:1095B000084601A9FFF7E0FEE4E700BF359402008A
:1095C00001460148FFF7CEBF40D2002008B5F3F7AF
:1095D0000DFA03460449054A086800210344136153
:1095E000BDE8084000F078BE8C3F0320543F0320C4
:1095F00090F90E3091F90E00834214BFC01A00207A
:10960000704700BFF8B504460D464FF02003EFF356
:10961000118683F31288BFF36F8F00224FF4004747
:1096200040F2E7300021124BE7FB04011A614FF4CE
:109630007A720023E7F76CFD002C0DDD0228B8BF1D
:1096400002200C4A0C4B10601D60FFF7BFFF86F331
:109650001188BFF36F8FF8BD064A074B10601D607D
:109660000028F2D186F31188BFF36F8FF8BD00BFD9
:10967000543F03208C3F0320883F032010B44FF059
:109680002003EFF3118483F31288BFF36F8FD0E9C7
:10969000002100230A605160427BC0E9013322F0BF
:1096A00002020360427384F31188BFF36F8F10BC12
:1096B000704700BF03464FF02002EFF3118182F3A1
:1096C0001288BFF36F8F0068834216D0002838BF1E
:1096D000002098B1002310B4D0E900242260546027
:1096E000427BC0E9013322F002020360427381F33E
:1096F0001188BFF36F8F10BC7047002081F3118871
:10970000BFF36F8F704700BF38B54FF02003EFF302
:10971000118583F31288BFF36F8F0468A04219D0BC
:10972000002C38BF00247CB1D4E9002100230A605A
:109730005160627BC4E9013322F0020204F1180097
:109740002360627300F09EFD85F31188BFF36F8F75
:10975000204638BD002485F31188BFF36F8F204663
:1097600038BD00BF10B44FF02003EFF3118483F332
:109770001288BFF36F8FD0E9002100230A60516087
:10978000427BC0E9013322F002020360427384F39A
:109790001188BFF36F8F10BC183000F073BD00BF8D
:1097A00049B9EFF3058030B9054BDA699B689A42F5
:1097B00001D0EFF73DB981F31188BFF36F8F704788
:1097C000543F0320034620B9EFF305820AB9EFF7AF
:1097D0002FB983F31188BFF36F8F70474FF02003C9
:1097E000EFF3118083F31288BFF36F8FFFF7EABFA7
:1097F0004FF02003EFF3118183F31288BFF36F8FD3
:10980000044B9A68D37B013BD37381F31188BFF378
:109810006F8F7047543F03200023D1E9002002607E
:109820005060C1E9003370470368984204D0002BB0
:1098300038BF00231846704700207047024638B5ED
:109840000F48FFF7F1FFA0B104460E4DAB684AB9CF
:109850005A7BD20606D1A26922B9DA897F2A01D9B8
:10986000EB6138BD9C4202D0074B1B6823B9EC6109
:1098700038BD044DEC68E9E7FFF7A8FEEC61F7E7B7
:10988000743F0320543F03208C3F0320F8B590F928
:109890000D200146002A437B29DB1D4E63F07F0328
:1098A00037464B7357F8203FBB4228D0002B38BFB8
:1098B0000023746A73B191F90E0001E01B684BB18B
:1098C00093F90E209042A2EB000501D0002D18DC88
:1098D000A342F3D1C1E9007421607162B068BDE8B0
:1098E000F840401AB0FA80F04009FFF7A7BF03F034
:1098F0007F0343730748FFF78FFF4B7BCDE70023C0
:10990000D7E75A68C1E9003211605960E6E700BF45
:10991000543F0320743F032070B54FF02003EFF352
:10992000118583F31288BFF36F8F1A4B1A4A996817
:109930001468A14220D00026184C16602268A2B1FB
:10994000CA897F2A11D84A7BD2060ED1144A91F9CE
:109950000E601268964208DB124A914205D01A69DD
:10996000824210DD101A186101E000221A6185F3AD
:109970001188BFF36F8F70BD084B1B68002BF6D0AA
:10998000FFF724FEF3E70846FFF780FF2368002B6C
:10999000EDD0F5E7543F0320843F03208C3F0320A4
:1099A000883F032038D1002090F90D30427B002BF6
:1099B00003DBD30601D1836903B17047F0B4164FBE
:1099C00062F07F023E46427356F8202FB24203D027
:1099D000002A134638BF00237C6A73B190F90E1039
:1099E00001E01B684BB193F90E209142A2EB0105F7
:1099F00001D0002D09DCA342F3D1C0E9006420604E
:109A000078620020F0BCFFF719BF5A68C0E9003245
:109A100010605860F5E700BF543F032010B54FF0C9
:109A20002003EFF3118483F31288BFF36F8FFFF7E6
:109A3000BBFF84F31188BFF36F8F10BD10B54FF0DB
:109A40002002EFF3118482F31288BFF36F8F427B01
:109A5000530704D484F31188BFF36F8F10BD22F035
:109A600004024273FFF7A0FF2146BDE81040014801
:109A7000FFF796BE883F032010B54FF02003EFF3A9
:109A8000118483F31288BFF36F8F10F80B3C13F02F
:109A9000280215D150F8101C59B150E906310B605D
:109AA000596010F80B3C40E9062240F8102C03F0F6
:109AB000FD0323F0140300F80B3C1838FFF774FF84
:109AC00084F31188BFF36F8F10BD00BF08B590F904
:109AD0000D300146002B427B09DB084B9868BDE83E
:109AE0000840401AB0FA80F04009FFF7A7BE02F024
:109AF0007F0242730248FFF78FFEEEE7543F0320D8
:109B0000743F032038B505460C46FFF7DFFF6B7B3B
:109B100043F002036B73DCB12368AC609C4218D045
:109B2000002B38BF0023A3B195F90E1001E01B688C
:109B300053B193F90E209142A2EB010001D000280D
:109B40000DDC62689342F2D1C5E9004215606560A0
:109B500038BD6268C5E9004215606560F8E75A687B
:109B6000C5E9003215605D6038BD00BF2DE9F041E8
:109B700014461D4606464FF02003EFF3118783F38A
:109B80001288BFF36F8FFFF7BDFF87F31188BFF314
:109B90006F8F6B1C08BFB4F1FF3F01D1BDE8F081AE
:109BA00022462B4606F118000249BDE8F04100F0BC
:109BB000D3BA00BF799A020038B50C460648074D63
:109BC00080681146DDE904232860FFF7CFFF2046B7
:109BD000BDE83840EEF72CBF543F0320843F0320FC
:109BE0002DE9F04104460D464FF02003EFF31187B5
:109BF00083F31288BFF36F8F437BDA0601D1866946
:109C00003EB1A573002087F31188BFF36F8FBDE8C5
:109C1000F081DFF8748003F07F03437321464046F0
:109C2000FFF7FAFD4046637B69B263F07F0363731D
:109C300050F82039A173434503D0002B38BF0023CF
:109C40001E46426A16B90BE036684EB196F90E30E0
:109C50009942A3EB010501D0002D0FDC9642F3D110
:109C6000C4E90082146044620120FFF7E7FD01208F
:109C700087F31188BFF36F8FBDE8F0817368C4E983
:109C800000631C607460EFE7743F032070B5044606
:109C9000183000F0F7FA4FF02003EFF3118683F34A
:109CA0001288BFF36F8F94F90D20637B002A12DBBB
:109CB0000F4D43F01003A8686373001BB0FA80F0E7
:109CC0004009FFF7BBFD86F31188BFF36F8FAB68C8
:109CD000A34209D070BD03F07F036373214605489A
:109CE000FFF79AFD637BE3E7BDE87040FFF776BDC1
:109CF000543F0320743F032010B54FF02003EFF3CF
:109D0000118483F31288BFF36F8F0C4B00209A6885
:109D1000D37B0133D373FFF791FD84F31188BFF335
:109D20006F8F4FF02003EFF3118083F31288BFF39E
:109D30006F8FBDE81040FFF745BD00BF543F0320C3
:109D400038B50468A0420DD0054600204CB120462D
:109D5000FFF708FD2046FFF761FE2C680120AC42AA
:109D6000F4D138BD002038BD0021044B084603F172
:109D70002002C3E90822FFF745BC00BF543F03207F
:109D80002DE9F0414FF02003EFF3118883F312889F
:109D9000BFF36F8F1E4E00203746B268517B1368A9
:109DA000546801F07F01517323605C60517B106047
:109DB00061F07F015173506057F8203FBB421FD0C4
:109DC000834238BF0346746A73B192F90E0001E012
:109DD0001B684BB193F90E108842A1EB000501D02E
:109DE000002D0FDCA342F3D1C2E90074226072623D
:109DF0000120FFF723FD4046BDE8F041EEF718BE15
:109E00000346E0E75968C2E900310A605A60EFE7AB
:109E1000543F03202DE9F04104460D4654EA050164
:109E20003AD06FF001014FF0FF300A1B60EB0503E1
:109E3000012A73F100032BDB6FF00100061B4FF0CA
:109E40002003EFF3118883F31288BFF36F8F154F50
:109E5000154BB8681860FFF739FEB86813492246F9
:109E60002B46183000F078F9BA684046537B43F02F
:109E700010035373EEF7DCFD00F0DAFA301A66EBEC
:109E80000601012871F10003B8BF0020BDE8F08190
:109E900000F0CEFA0619D2E7FFF772FF0020BDE806
:109EA000F08100BF543F0320843F0320799A0200D1
:109EB00008B54B1C08BFB0F1FF3F09D0FFF7AAFF60
:109EC0004FF47A7380FB0323D00B40EA434008BD74
:109ED000034B9868FFF7DAFE4FF0FF3008BD00BF74
:109EE000543F0320014B9868704700BF543F032044
:109EF000EFF305833BB9054B9B68D8897F288CBF5E
:109F00000020012070470020704700BF543F03200D
:109F10002DE9F0414FF02003EFF3118783F312880E
:109F2000BFF36F8F437B13F0080205D087F31188CE
:109F3000BFF36F8FBDE8F08123F02001054641F0AB
:109F40000800C9093ED16873AB685BB1D5E900214F
:109F500000230A6051606A7BC5E9013322F00202E6
:109F60002B606A7305F1180000F08CF9AC6D05F1F7
:109F70005808A04517D0002604F118009CB1D4E978
:109F8000003213605A60637BC4E9016623F0020368
:109F90006373266000F076F92046E667FFF704FD5C
:109FA000AC6D4445E8D10120FFF748FC0B4B9B68A2
:109FB000AB42BBD1EFF30583002BB7D13846EEF7A8
:109FC00037FDB3E703F05F0343F00803D5E9001062
:109FD0006B7301604860C5E90022B5E7543F032078
:109FE00038B54FF02003EFF3118583F31288BFF3E8
:109FF0006F8F0468A04224D0002C38BF0024D4B155
:10A0000000236068E1672168626101604860627BEB
:10A01000C4E9013322F002022360627304F11800E4
:10A0200000F030F92046FFF7BFFC012085F31188CE
:10A03000BFF36F8F38BD204685F31188BFF36F8F54
:10A0400038BD002085F31188BFF36F8F38BD00BF86
:10A0500070B50C46084E094DB0681146DDE9042381
:10A060002860069DFFF782FD2046EEF7E1FC15B162
:10A07000B3685B692B6070BD543F0320843F0320AD
:10A0800008B50648064A0749121A04F0F4F8BDE874
:10A090000840054A0549064804F0EDB800C500200F
:10A0A000E0CE0020B035030000000000983503002A
:10A0B00000C5002030B4B0B10C4B5B68834212D0B5
:10A0C000036843B11A69046959694569121945EB76
:10A0D0000101C3E9042130BC002241680B605960D2
:10A0E000C0E9002270470368F5E700BF5CCA0020A2
:10A0F000164B10B51C689C42154B1B681DD013B342
:10A100000020ECB1D4E90423121A63EBE073012AB6
:10A1100073F100010FDB6FF000400021904271EB02
:10A120000304B8BF024610460A4B1B6913B198429C
:10A13000A8BF184610BD0020F6E70BB9F2F756FC91
:10A140006FF00040F0E7F2F751FCDAE75CCA00205C
:10A15000903F0320543F03202DE9F04F5C1C08BFC3
:10A16000B2F1FF3F83B060D014461D468346816044
:10A170004FF02003EFF3118A83F31288BFF36F8F40
:10A180006FF001034FF0FF321E1B62EB0507002E3C
:10A1900077F100014CDB3748D0E900105B1A62EB25
:10A1A0000002B3EB040862EB0509B8F1010F79F185
:10A1B0000003BCBF4FF001084FF00009CBE9048950
:10A1C0002D48D0E90016814216D0A9B1DBE9047808
:10A1D00001E0096881B1D1E904349F42CDE900343E
:10A1E00078EB040332DBDDE900453F1B68EB050833
:10A1F000B142CBE90478ECD1CBE90006C6F800B057
:10A20000C0F804B0036883420BD09B4509D1FFF727
:10A210006FFF18B1194B1B69834202D00021F2F77E
:10A2200097FB8AF31188BFF36F8F03B0BDE8F08FFF
:10A23000134B1B68CBB100200021631C45F10002C9
:10A240001B1841EB0202CBE90432B9E74A68DDE9A9
:10A250000056EC1B66EB0803C1E90443CBE900128E
:10A26000C2F800B0C1F804B0CCE7F2F7BFFBC117E9
:10A27000E3E700BF38D200205CCA0020543F03202F
:10A28000903F032010B54FF02002EFF3118482F3CA
:10A290001288BFF36F8F03683BB1FFF70BFF0020FD
:10A2A00084F31188BFF36F8F10BD6FF0150084F336
:10A2B0001188BFF36F8F10BD10B54FF02003EFF37F
:10A2C000118483F31288BFF36F8FFFF711FF84F3BC
:10A2D0001188BFF36F8F10BD70B504460D464FF067
:10A2E0002003EFF3118683F31288BFF36F8FFFF71C
:10A2F000FFFEA04207DB012805DDA0422946A8BFDA
:10A300002046F2F725FB86F31188BFF36F8F70BDEF
:10A310002DE9F84F8246FFF7FFFA4FF02003EFF3E5
:10A32000118B83F31288BFF36F8FDFF8CC80304F2F
:10A33000D8F80000C7F800A0404552D0D9462D4EAD
:10A34000002852D0D0E904BC5446DA454FEAE475FF
:10A3500075EB0C03AAEB0B013BDBD6E900450022B1
:10A36000002314EB0B0445EBEB75C0E90423C6E9AD
:10A3700000453960FFF79EFE89F31188BFF36F8FA8
:10A38000836898474FF02003EFF3118B83F3128813
:10A39000BFF36F8FD8F80000D9464045D7F800A02A
:10A3A000CED15446E5174FF00008D6E900321B190C
:10A3B00045EB0202C6E90032C7F80080FFF798FEBD
:10A3C0004146F2F7C5FA8BF31188BFF36F8FBDE8F2
:10A3D000F88FBBEB0A026CEB0503CB46C0E9042304
:10A3E000E1E75446034EE517DDE7CB46D9E700BF6A
:10A3F000903F032038D200205CCA002010B54FF0F7
:10A400002003EFF3118483F31288BFF36F8FF2F709
:10A41000EDFA064BD3E90023121843F1000384F34D
:10A420001188BFF36F8F1046194610BD38D2002037
:10A4300008B5FFF7E3FF08BDFFF7E0BF00B97047BD
:10A44000ECF71EB938B50D46013108BFB0F1FF3F3A
:10A45000044620D054EA050119D06FF001014FF0F5
:10A46000FF300A1B60EB0503002A73F1000102DBD9
:10A470001046194638BDFFF7C1FF012C75F10003E6
:10A48000BCBF01240025201845EB010138BDBDE803
:10A490003840FFF7B3BF294638BD00BF2DE97043F0
:10A4A00004464FF02003EFF3118583F31288BFF3C6
:10A4B0006F8FD0E90A2312F1010843F10009B9F1C5
:10A4C000000F08BFB8F1020F2E462CD2236B226A70
:10A4D0000133236372B185F31188BFF36F8F204678
:10A4E000236A98474FF02003EFF3118683F3128815
:10A4F000BFF36F8F54F8185FA5420ED06DB1284698
:10A50000FFF7BCF80023EB6786F31188BFF36F8F6A
:10A510002846BDE87043FFF781BA86F31188BFF380
:10A520006F8FBDE870830249FFF716FECEE700BFCC
:10A530009DA40200002310B400F11804C0E90644F1
:10A54000C0E90812C0E9003310BC036343637047DD
:10A550002DE9F04F1D461446691C83B008BFB4F1C5
:10A56000FF3F92469B46DDE90C2346D01F467B1CED
:10A5700008BFB2F1FF3F0146164611D056EA070365
:10A580000ED06FF001034FF0FF329B1B009362EB84
:10A5900007030193DDE90023002A73F100032FDB99
:10A5A0006FF001034FF0FF32B3EB040862EB0509D3
:10A5B000B8F1000F79F1000311DB08460091FFF7B5
:10A5C00061FE00200099524608635B460846C1E9D7
:10A5D0000A67114903B0BDE8F04FFFF7BDBD14EBAA
:10A5E000020A45EB020BBAF1000F7BF10003BCBF7E
:10A5F0004FF0000A4FF0000BDFE703B0BDE8F08F2B
:10A6000016F1FF3647F1FF37012E77F10003BCBF8B
:10A6100001260027C4E700BF9DA4020010B5044630
:10A62000FFF730FEB0B9636A0BB12046984704F1DA
:10A630001800FFF73FF868B1FFF7F0F94FF020037B
:10A64000EFF3118083F31288BFF36F8FBDE81040E2
:10A65000FFF7B8B810BD00BF2DE9F8438568044680
:10A660000E4635B16B78012B28D0022B0ED000237B
:10A670002B70E36800201A46C3F3453346EA030112
:10A6800061F35232C4E90202BDE8F8832B78002B53
:10A69000EFD055F8047C002F39D04FF0000805F1B9
:10A6A0001400A5F11409FFF7EDFD38464946C5F839
:10A6B0002C80FEF7E7FE85F80080DAE715F8533CBA
:10A6C00013F00203D4D055E90E234FF0FF316FF0A1
:10A6D00001008B4208BF82421BD0A5F160073846BB
:10A6E000FFF740F8082E0CBF6FF00302002215F8A8
:10A6F000533CEA61DB06BAD155F8488CB8F1000F3B
:10A70000B5D13846FFF78AF985F80080B1E72F7098
:10A71000AFE700236FF00A002B70B5E72DE9F04F8B
:10A7200092460122A44C9B46A66889B006F16003BC
:10A73000002907464FF00004059386F8602086F84C
:10A7400061203BDDA34214BFB146A146CDE902AB77
:10A75000A046054683464F4601EB810100EB81038D
:10A7600004934FF02003EFF3118983F31288BFF3B2
:10A770006F8F6B7B03F01F03013B072B0AD8DFE8C9
:10A7800003F08C74097A090909042B691B6A002BF0
:10A7900040F0A580DDE90223134304D096F8603031
:10A7A000002B40F0818089F31188BFF36F8F049BE9
:10A7B00014359D42D5D15F46DDE902AB4FF0200351
:10A7C000EFF3118183F31288BFF36F8F96F8600067
:10A7D0000B46002800F0858000255AEA0B0386F816
:10A7E000605000F0B381CDE900AB744A7448FFF7C4
:10A7F000E3F94FF02003EFF3118683F31288BFF3E0
:10A800006F8F324654B34FF0010C04EB840407EB16
:10A81000840414F8073C44F80C5C03F01F03082B75
:10A820000CFA03F10BD811F48B7F08D054F8143CC8
:10A830002BB154F8101C0B60596044E9055582F3A4
:10A840001188BFF36F8F4FF02003EFF3118283F372
:10A850001288BFF36F8F143CBC42DAD186F31188A3
:10A86000BFF36F8F09B0BDE8F08F2B699B68002B99
:10A8700090D0022304E02B691B68002B8AD00423AC
:10A88000EA68C5F808801146C2F34532134363F302
:10A890005231E96086F8608085E72B699B68002B60
:10A8A0003FF478AF0123EBE76B7B03F01F03013B21
:10A8B000072B10D8DFE813F0480086000F00C30014
:10A8C0000F000F000F00F5002346079C5A68C5E9EA
:10A8D000003215605D60059B0134AB6063E71023B7
:10A8E000CEE74CB3012604EB840407EB840414F890
:10A8F000072C44F80C0C02F01F02082A06FA02F595
:10A900000BD815F48B7F08D054F8142C2AB154F8C6
:10A91000105C2A60556044E9050083F31188BFF399
:10A920006F8F4FF02002EFF3118382F31288BFF391
:10A930006F8F143CA742DAD181F31188BFF36F8F78
:10A94000002009B0BDE8F08F2A6913689A42536865
:10A9500000F0F180002B00F0EE80986800B16038C4
:10A9600039460692FEF744FE0028069A00F3E2807C
:10A9700013689A4200F0E680002B38BF0023002BBA
:10A9800000F0E080069492461C4601E0246864B121
:10A99000A168384601B16039FEF72AFE002800F3AD
:10A9A000DC80DAF804108C42F0D15246069CC5E9EE
:10A9B00000210D6055608EE7543F032064CA0020DB
:10A9C000943F03202A69136902F11001994206910C
:10A9D000536900F09F80002B00F09C80986800B1C4
:10A9E000603839460792FEF703FE0028079A00F305
:10A9F000908013690699994200F0A280002B38BF1D
:10AA00000023002B00F09C80079492461C4601E036
:10AA1000246864B1A168384601B16039FEF7E8FDE9
:10AA200000283FF751AFDAF814108C42F0D15246AB
:10AA3000079C069BC5E900310D6055614BE72A690B
:10AA4000136902F1100199420691536962D0002BFB
:10AA500060D0986800B1603839460792FEF7C8FDAB
:10AA60000028079A55DC13690699994268D0002B93
:10AA700038BF0023002B63D0079492461C4602E0A7
:10AA80002468002CD3D0A168384601B16039FEF7A4
:10AA9000AFFD00283FF718AFDAF814108C42EFD161
:10AAA000C5E72A69536A02F1240199420691936A23
:10AAB0003AD0002B38D0986800B1603839460792F8
:10AAC000FEF796FD0028079A2DDC536A06999942F5
:10AAD0003AD0002B38BF0023002B35D00794924684
:10AAE0001C4601E0246864B1A168384601B16039B0
:10AAF000FEF77EFD00283FF7E7AEDAF828108C421B
:10AB0000F0D15246079C069BC5E900310D60956265
:10AB1000E1E6536906990134C5E900131D60059B00
:10AB20005561AB603FE6936A0699C5E900131D6065
:10AB30009562D0E65368C5E900231D605560CAE6FA
:10AB4000516976E7516832E7916ADCE781F3118851
:10AB5000BFF36F8F6FF00A0084E62346069CB5E6CC
:10AB60000346006883420AD0002310B4D0E90024D1
:10AB700022605460C0E9003310BCFFF76DBD704720
:10AB800038B50A4603464FF02001EFF3118581F3F3
:10AB90001288BFF36F8F01210068C3E9021283425C
:10ABA0000FD0D0E90024002322605460C0E90033B4
:10ABB000FFF752FD044629460548FEF7F1FD204601
:10ABC00038BD85F31188BFF36F8F0024204638BD50
:10ABD000943F03200423D21811D2D0B500260027B9
:10ABE00082B0CDE9006719430446FDF73BFF18B179
:10ABF00040F8044B02B0D0BD002002B0D0BD002010
:10AC0000704700BF20B1011F50F8040CFDF780BF52
:10AC1000704700BF024604210148FFF7DBBF00BFB9
:10AC200070CD002038B501FB00F530B1B5FBF0F078
:10AC3000814202D00024204638BD2A46042106481D
:10AC4000FFF7C8FF04460028F5D02A46002103F08C
:10AC50001FFB204638BD00BF70CD002038B504462C
:10AC60000D46FEF727F820B9064B9B685B6F0BB9C2
:10AC700038BD054B2A4621461846BDE83840FFF747
:10AC8000A9BF00BF543F032070CD0020024A0349F2
:10AC90000348EAF70BBB00BFA42503008C2F030079
:10ACA0009C2F030030B5002485B002AB074D009304
:10ACB0004FF480524FF0FF33054906488DF80C40A1
:10ACC0000295FEF707FC204605B030BDC42F0300F7
:10ACD000E0AE032040D20020F8B5C0F3C7550446CB
:10ACE00020F000477F3D162D17DC002D06461BDBAC
:10ACF000164F2F4138421ED01549E5F7C5FE0021F9
:10AD0000E6F786F9B8B1002C04DA4FF4000343FAF1
:10AD100005F52E4426EA0700F8BDB7F1FF4F0AD328
:10AD20000146E5F7B1FEF8BD0949E5F7ADFE0021A2
:10AD3000E6F76EF908B92046F8BD002C01DB0020CB
:10AD4000F8BD002FF7D00348F8BD00BFFFFF7F001C
:10AD5000CAF24971000080BF2DE9F041D0E90067D7
:10AD60000C46504A0023304639464FF00508E6F7B6
:10AD70007FF9394605464B4A30460023E6F778F915
:10AD8000002A4FF4616105F52F20B8BF02F5A83203
:10AD900040F2B45CAEBF00F66C2000F66B2002F50A
:10ADA000C07240F26D176426B2FBF1F301FB13226F
:10ADB0003C21A360B2FBF1F301FB13223A4963602B
:10ADC000C31C2260072293FBF2F2C2EBC2029B1A61
:10ADD00048F6AC6248BF07330028A361BBBFA0F5AB
:10ADE0000E33A3F52C7390FBF1F193FBF1F12F4B94
:10ADF00003FB0100B0FBF2F2B0FBFCF30244D21AF9
:10AE00002B4BB0FBF3F3D31AB3FBF7F5B3FBFCF317
:10AE1000B5FBF6F2D31A0344992007FB153303EB75
:10AE2000830C03F1010E0CF1020CBCFBF0F778432C
:10AE30000230B0FBF8F0AEEB000040F2F95EF445F2
:10AE400094BF4FF0020C6FF0090C67444FF4C87CBC
:10AE50000CFB0151012F98BF0131B3F5997F0CD341
:10AE6000A3F59973A1F26C71E3610023E0602046C1
:10AE70002362C4E90471BDE8F08115F0030F02D12B
:10AE800006FB12525AB94FF4C876B5FBF6F206FB30
:10AE90001252B2FA82F252093B331344E2E7012222
:10AEA000FAE700BF80510100B13A02004FC5FDFF33
:10AEB000B03A0200024B0146186800F059B800BFD2
:10AEC0006CCA0020024B0146186800F003B800BFAE
:10AED0006CCA002038B50546002945D051F8043C1D
:10AEE0000C1F002BB8BFE41801F0B2FD1F4A136815
:10AEF000104633B9636014602846BDE8384001F05D
:10AF0000ADBDA3420BD921686218934202BF1A68F3
:10AF10005B685218636008BF22600460ECE71A4661
:10AF20005B680BB1A342FAD911685018A0420BD14B
:10AF300020680144501811608342DDD118685B68B5
:10AF4000014453601160D7E702D90C232B60D3E78B
:10AF5000206821188B4202BF19685B68091863607A
:10AF600008BF21605460C7E738BD00BF943F03208D
:10AF7000F8B5CD1C064625F0030508350C2D38BF65
:10AF80000C25002D01DBA94203D90C2333600020DE
:10AF9000F8BD01F05DFD21490A6814469CB9204FB7
:10AFA0003B6823B92146304600F08CFB38602946C7
:10AFB000304600F087FB431C23D10C23304633601E
:10AFC00001F04CFDE3E723685B1B17D40B2B03D97F
:10AFD00023601C44256004E06368A2420CBF0B6040
:10AFE0005360304601F03AFD04F10B00231D20F0C0
:10AFF0000700C21ACCD01B1AA350C9E722466468C6
:10B00000CCE7C41C24F00304A042E3D0211A30464C
:10B0100000F058FB0130DDD1CFE700BF943F0320A3
:10B02000983F03202DE9F04F91B00C4616461F467D
:10B03000DDF86880054601F007FD036818460993AE
:10B04000E6F7B4FA00230A900E93D8F8003094F88B
:10B0500018900733D4F800B023F0070303F1080277
:10B06000C8F80020D3E90023C4E91223D4E9128AE6
:10B070004FF0FF322AF0004340460B930B999B4B55
:10B08000E6F74CFA70BB4FF0FF32984B40460B99F5
:10B09000E6F726FA30BB0022002340465146E6F789
:10B0A00015FA10B12D2384F84330914B9148B9F132
:10B0B000470F94BF9846804603234FF0000A236150
:10B0C0002BF00403236033460FAA2146284600973D
:10B0D00003F084F9013040F08F804FF0FF3011B061
:10B0E000BDE8F08F4246534640465146E6F716FA11
:10B0F00040B1BAF1000F8048BCBF2D2384F8433023
:10B100007E4BD4E7636809F0DF015A1C42D1062365
:10B11000636000224BF4806328460B9106920EAACE
:10B120002360CDE904920DAA03920DF13302CDE91B
:10B130000132636842460093534603F0B1F80B991D
:10B14000804647290D9908D1C81C02DB63689942E3
:10B1500040DDA9F102095FFA89F9B9F1650F1FD83D
:10B1600001394A4604F150000D9103F0F9F80E9AA6
:10B1700082461318012A236102DC2268D20701D516
:10B18000013323619DF83330002B9CD02D2384F8AC
:10B19000433098E74729BCD1002BBAD10123B7E748
:10B1A000B9F1660F18D1002963680BDD216113B96D
:10B1B0002268D00702D501330B4423614FF0000A07
:10B1C000A165DFE713B92268D20701D50233F4E79E
:10B1D0000123F2E74FF067090E9B994205DB2368D4
:10B1E0002161D807EAD54B1CE7E70029D4BFC1F19C
:10B1F000020201221344E0E723685A0507D42369B9
:10B20000424631462846B84701302BD165E7B9F1AF
:10B21000650F40F2DC8000220023D4E91201E6F73A
:10B220004BF9002833D00123354A31462846B84728
:10B2300001303FF452AFDDE90D239A4202DB23686F
:10B24000D8070FD531462846DDE90923B847013034
:10B250003FF443AF4FF0000804F11A090E9B013B85
:10B26000434509DC23689B0700F10181E0680F9BDF
:10B270009842B8BF184632E701234A46314628466D
:10B28000B84701303FF429AF08F10108E6E70D9B0C
:10B29000002B37DC01231A4A31462846B8470130D3
:10B2A0003FF41BAFDDE90D23134302D12368D90717
:10B2B000D8D531462846DDE90923B84701303FF4A7
:10B2C0000CAF4FF0000904F11A0A0D9B5B424B458D
:10B2D00001DC0E9B94E70123524631462846B847CD
:10B2E00001303FF4FAAE09F10109EEE7FFFFEF7F0D
:10B2F0005F330300633303006B33030067330300E2
:10B300007D3503000E9AA36D9A42A8BF1A46002A03
:10B31000914637DC4FF0000B29EAE97904F11A0273
:10B32000D4F858A0AAEB09035B4533DCDDE90D2313
:10B330009A423BDB2368DA0738D40E9A0D99A2EBC8
:10B340000A03A2EB01099945A8BF9946B9F1000F7C
:10B3500034DC4FF0000829EAE97904F11A0ADDE942
:10B360000D239B1AA3EB090343457FF77BAF012312
:10B37000524631462846B84701303FF4AEAE08F198
:10B380000108ECE71346314642462846B8470130EB
:10B39000C0D1A2E60123314628460B92B8470130BE
:10B3A0003FF49BAE0BF1010B0B9AB9E7DDE90923E2
:10B3B00031462846B8470130BFD18EE64B4608EBF0
:10B3C0000A0231462846B8470130C2D185E60E9AB6
:10B3D000012A01DCDB0737D50123424631462846E6
:10B3E000B84701303FF479AE31462846DDE90923FC
:10B3F000B84701303FF471AE00220023D4E91201B6
:10B40000E6F75AF8D8B90E9B08F10102013B314624
:10B410002846B84701300ED15FE601234A4631463F
:10B420002846B84701303FF458AE08F101080E9B9A
:10B43000013B4345F1DC534604F15002E1E64FF095
:10B44000000804F11A09F2E701234246DFE701236D
:10B450004A4631462846B84701303FF43EAE08F12F
:10B460000108E3680F995B1A4345F0DCFEE64FF0F4
:10B47000000804F11909F4E72DE9FF470C4691464D
:10B4800080469A46277E04F143020C99782F07D80C
:10B49000622F0AD8002F00F0D880582F00F0A38028
:10B4A00004F1420684F842703AE0A7F16303152BD9
:10B4B000F6D801A050F823F011B5020025B502001E
:10B4C000A1B40200A1B40200A1B40200A1B4020020
:10B4D00025B50200A1B40200A1B40200A1B402008B
:10B4E000A1B4020031B6020055B5020013B6020045
:10B4F000A1B40200A1B4020053B60200A1B402003C
:10B5000055B50200A1B40200A1B402001BB60200AE
:10B510000B6804F142061A1D1B680A6084F8423069
:10B520000123A3E0256808682E0600F104030AD56C
:10B5300005680B60002D03DA2D236D4284F843303B
:10B540005E480A2319E015F0400F05680B6018BF2C
:10B550002DB2EFE70B682568181D0860280601D595
:10B560001D6802E06906FBD51D886F2F53480CBF8C
:10B5700008230A23002184F843106668002EA66081
:10B58000A2BF216821F0040121600DB9002E4DD029
:10B590001646B5FBF3F103FB1157C75D06F8017DB5
:10B5A0002F460D46BB42F4D9082B0BD12368DF0789
:10B5B00008D5236961689942DEBF302306F8013C53
:10B5C00006F1FF36921B22614B4603AA21464046F4
:10B5D000CDF800A002F002FF01304CD14FF0FF3057
:10B5E00004B0BDE8F087354884F8457023680E68DC
:10B5F0001F0656F8045B0E6014D5D90744BF43F00C
:10B60000200323601DB9236823F020032360102347
:10B61000B0E7236843F0200323607823284884F8A8
:10B620004530E3E75E0648BFADB2E6E71646BBE746
:10B630000B6826681D1D60690D6035061B6801D505
:10B64000186002E07106FBD51880002316462361BE
:10B65000BAE70B681A1D0A6000211E68626830464E
:10B6600002F0EDFD08B1801B606063682361002378
:10B6700084F84330A8E72369324649464046D0471C
:10B680000130ABD023689B0713D4E068039B98423A
:10B69000B8BF1846A4E70123324649464046D04782
:10B6A00001309BD00135E36803995B1AAB42F2DCB1
:10B6B000EBE7002504F11906F5E700BF6F3303003F
:10B6C0008033030038B50023054D044608462B603F
:10B6D000EDF744FF431C02D12B6803B1236038BD52
:10B6E000184103200CB4184B30B50C1E9DB01D68DA
:10B6F00008DA8B234FF0FF302B601DB0BDE83040DF
:10B7000002B070474FF402730290069002A9ADF8A0
:10B71000143014BF04F1FF332346209A28460493C3
:10B7200007934FF6FF73ADF8163021AB019301F08C
:10B73000E9F9431CBCBF8B232B60002CDDD0029B9E
:10B7400000221A70D9E700BF6CCA00200EB400B501
:10B750009CB06FF000411DAB0290069007910491E0
:10B760000848094953F8042B059102A90068019380
:10B7700001F0C8F9029B00221A701CB05DF804EBBE
:10B7800003B070476CCA00200802FFFF0EB430B54A
:10B790009CB04FF401721FACADF81420029054F825
:10B7A000045B0690E5F702FF0B4B2A46039002A9C3
:10B7B0000B93002307900F9314934FF6FF730748E2
:10B7C000ADF8163023460068019401F09BFA1CB0D6
:10B7D000BDE8304003B07047F1E402006CCA0020BD
:10B7E000416940F26C730029A8BF6FF06303CA1867
:10B7F0008B0705D1642192FBF1F301FB1323DBB925
:10B800004FF4C87192FBF1F301FB1323B3FA83F3F6
:10B810005B09D0E90602400000EB0210184441F237
:10B82000A26398423AD021DC01281ADC0028B4BF78
:10B8300000204FF0FF3070470123EAE7172813D8A4
:10B84000DFE800F00C0C0C0C12120C0C121212128D
:10B850001212121212120C0C12120C0C4FF0FF30BA
:10B8600070470A381728E9D90020704741F2B463BD
:10B87000984206DC41F2B1639842D4BF0020012017
:10B880007047A0F5B65002381528EDD80123834043
:10B8900003481840003818BF012070470120704746
:10B8A0001F002A002DE9F04F1E46002391B00746E5
:10B8B0000D461C4604931378002B00F0DA84252BE8
:10B8C0001FD192F80190B9F1300F24D0B9F12B0FAC
:10B8D00021D002F1010A4FF000099AF80030313B03
:10B8E000082B1BD850460A2208A900F077FEDDF885
:10B8F00020A080469AF80030452B12D10AF1010AA7
:10B9000011E0691EA14202D8002400F0B5BC3B55ED
:10B9100001320134CFE702F1020ADEE74FF00008FE
:10B92000E8E74F2BEAD09AF80000A0F12503552B49
:10B93000EAD801A252F823F067C2020009B9020056
:10B9400009B9020009B9020009B9020009B90200E7
:10B9500009B9020009B9020009B9020009B90200D7
:10B9600009B9020009B9020009B9020009B90200C7
:10B9700009B9020009B9020009B9020009B90200B7
:10B9800009B9020009B9020009B9020009B90200A7
:10B9900009B9020009B9020009B9020009B9020097
:10B9A00009B9020009B90200CDBA020025BB0200A4
:10B9B00097BB02002FBC020009B9020079BC02004B
:10B9C0006DBD020077BE020085BE020009B902000B
:10B9D00009B9020009B90200B5BE020009B90200A6
:10B9E00009B90200C9BE020009B9020019BF02006C
:10B9F0002FC002003FC0020093C00200A3C002009B
:10BA000015C102008FBB020049C1020015C202002D
:10BA100009B9020009B9020009B9020009B9020016
:10BA200009B9020009B9020091BA0200FBBA02008A
:10BA300051BB02000BBC02000BBC020009B90200A2
:10BA4000CFBC0200FBBA020009B90200A7BE020087
:10BA500077BE020085BE0200AFBE0200B9BE020082
:10BA600009B90200C9BE020009B902007FBB020089
:10BA70002BBF020033C0020079C0020009B90200E6
:10BA800007C1020087BB02002DC10200A5C1020050
:10BA9000B369A94A183352F82380404608F1FF38A9
:10BAA000E5F784FD6B1E2044A04207D19AF80030D0
:10BAB000002B00F0DE830AF10102FCE6A3427FF6D0
:10BAC00023AF18F8012F3A550134EDE7B2699A4BCC
:10BAD00003EB8203D3F87C80404608F1FF38E5F79A
:10BAE00065FD6B1E2044A042E0D0A3427FF60CAF60
:10BAF00018F8012F3A550134F5E78F4B326953F8A6
:10BB00002280404608F1FF38E5F750FD6B1E2044C7
:10BB1000A042CBD0A3427FF6F7AE18F8012F3A55DA
:10BB20000134F5E73369844A0C3352F823804046E8
:10BB300008F1FF38E5F73AFD6B1E2044A042B5D06E
:10BB4000A3427FF6E1AE18F8012F3A550134F5E72C
:10BB5000794BD3F8A0804046E5F728FD98F80030EF
:10BB6000002BA3D01A9B424600933346291B381959
:10BB7000FFF798FE00287FF7C7AE044496E76E4BA8
:10BB8000D3F8E480E7E76C4BD3F89C80E3E76A4B9B
:10BB9000D3F89880DFE76949D6F814B08B45ACBF7D
:10BBA00000210121BBF1000F10DB64209BFBF0F0B2
:10BBB0001330B9F1000F13D0632824DD604A614BC4
:10BBC000B9F12B0F18BF13465F4A0BE00BF26C70F4
:10BBD000059102F078FD6423059990FBF3F0E8E706
:10BBE000574B5A4AB8F1020F2CBFC1EB0801C1F103
:10BBF000020101905148009155498345B8BF0B4659
:10BC0000291B381929E04E4BDEE75249524AF368A6
:10BC1000642808BF0A46291B3819FFF763FD00286E
:10BC2000FFF672AE0444A5423FF640AF6CE6706981
:10BC300007EB04083369A5EB0409002803F1010BA5
:10BC4000F3680DDB642190FBF1F201FB120249461F
:10BC50004046CDE900325B46404AFFF743FDDEE750
:10BC600000F26C70059302F02EFD6422059B90FBA0
:10BC7000F2F101FB1202EAE725238DF82030B9F139
:10BC8000000F13D0B8F1060F38BF4FF00608B8F117
:10BC900006038DF821900ED10DF12200304902F0FB
:10BCA0004EFC1A9B08AA009333465FE74FF02B091E
:10BCB0004FF00A08EBE72B4A1E210DF12200FFF797
:10BCC00011FD0028E8DD0DF122031844E6E73046B7
:10BCD000FFF786FD80467069002811DB642290FB27
:10BCE000F2F302FB13039844642398FBF3F003FB85
:10BCF00010889844B8FBF3F203FB1283154A8AE7D5
:10BD000000F26C7002F0DFFC6423B8F1000F90FBCE
:10BD1000F3F202FB130306DA7169134A9142B8BFCA
:10BD20004FF00108DFE7DED07169044A9142B8BFE5
:10BD30004FF0FF38D7E700BF3030030094F8FFFF23
:10BD40003D320300A0330300983303009133030016
:10BD50007A350300B0330300A2330300A633030097
:10BD6000B9330300B533030095F8FFFFB74B3046F6
:10BD700071699942ACBF00230123CDE90531FFF77A
:10BD80002FFD0699834600292ADB642291FBF2F2FB
:10BD90001332706900282DDB4FF0640C90FBFCFE21
:10BDA0000CFB1E00BBF1000F33DA7169A84B9942FE
:10BDB00039DB0BEB0003591C3AD1013A63236420B1
:10BDC00000FB0232059B002B37D02D238DF820304D
:10BDD000B8F1000F01D008F1FF380DF1210337E071
:10BDE00001F26C70069102F06EFC6422069990FBE1
:10BDF000F2F2CEE700F26C70CDE9061202F063FCBD
:10BE00004FF0640C90FBFCFEDDE906120EFB1C00FB
:10BE1000C8E7CED08D4B9942B6BF012300234FF027
:10BE2000FF3B0593C5E74FF0010BCDF814B0C0E719
:10BE3000642B04BF01320023C1E7B9F12B0F06D1F7
:10BE400042F20F739A4202D98DF82090C0E708ABF6
:10BE500025211970B9F1000F09D1581C7D490592AF
:10BE600002F06DFB059A0092434608AA58E0302183
:10BE7000981C5970F2E77849784AB3686B2808BF74
:10BE80000A46C8E6B36863B10C2B04D00C2193FBBF
:10BE9000F1F201FB123371496F4A492808BF0A4683
:10BEA000B9E60C23F7E7F3696D4A0133B3E633696A
:10BEB000013323E7736821E76B1EA3427FF624ADAD
:10BEC0000A233B550134F1E5B3680B2BCCBFA42208
:10BED000A022644B1344D3F804804046E5F766FB88
:10BEE00008F1FF32204405F1FF3CA0423FF4DEADF3
:10BEF000A4457FF609AD9AF8001012F8013F5029C9
:10BF000007D15949C95C01F00301012908BF203359
:10BF1000DBB23B550134E8E77368544A0093B368D9
:10BF2000291B3819FFF7DEFB79E6336A002B7BDB30
:10BF300000F05EFB049B0BB900F066FB00F080FD97
:10BF4000336A002BCCBF50232823C358C3F1000908
:10BF500000F054FB01230493D6F814C0A5EB040EA3
:10BF600007EB04086246BCF145014FEAE273029117
:10BF700043F1FF310391DDE90201002871F1000175
:10BF800005DABCF1420143F1FF3302910393029BB6
:10BF90000CF1FF329808039B40EA837099106423E8
:10BFA00092FBF3F3C01A0CF22B12ACF1460C61EBCE
:10BFB000E3714FF4C87392FBF3F3C01841EBE371E4
:10BFC00040F26D1303FB0CFCF36910EB0C0041EB2A
:10BFD000EC71C0184FF0180C41EBE371A0FB0C237F
:10BFE0000CFB0133B1684FF03C0C521843EBE1738A
:10BFF000A2FB0C010CFB03117368C01841EBE37149
:10C00000A0FB0C2340460CFB01333168521843EB74
:10C01000E173B2EB0902714663EBE973CDE90023EA
:10C02000134AFFF75FFBFAE54FF0000994E7336826
:10C0300064E66B1EA3427FF667AC092341E73368D1
:10C040000C4A019373680093B368D9E594F8FFFF35
:10C0500095F8FFFFC1330300A2330300B0330300A0
:10C06000C5330300303003005F320300D4330300D4
:10C07000CA330300CF3303006B1EA3427FF644ACE8
:10C08000B3693A19013413B9372313700EE530330D
:10C09000FBE7F369B26907339B1A072293FBF2F3BC
:10C0A0002CE63046FFF79CFBB26932B1013A00281A
:10C0B00027DCF36903D10A33EEE70622F7E770695C
:10C0C000D31A40F26B720028A8BF6FF064021044CC
:10C0D000820705D1642290FBF2F102FB110171B9D4
:10C0E0004FF4C87190FBF1F201FB1202B2FA82F236
:10C0F00052099A1A052AB4BF35233423FEE50122DA
:10C10000F7E70123FAE56B1EA3427FF6FDABB369A7
:10C110003033D6E6B3693BB1013BF2690732D21A3C
:10C12000072392FBF3F3E9E50623F6E7706900289D
:10C1300005DB642290FBF2F303FB1203DEE500F261
:10C140006C7002F0C0FAF4E773694D4A93420CDA5E
:10C150002D21A2EB030B8DF82010B8F1000F01D0B8
:10C1600008F1FF380DF121030CE0B9F12B0F03F2B8
:10C170006C7B06D142F20F739B4502D98DF820905B
:10C18000EBE708AB25221A70B9F1000F06D1581C55
:10C190003C4902F0D4F9CDF800B065E63022981C95
:10C1A0005A70F5E7336A002BFFF680AC00F020FAF6
:10C1B000049B0BB900F028FA00F042FC336A07EB4D
:10C1C0000409A5EB040B002BCCBF50232823C35834
:10C1D000C3F1000800F012FA3C2398FBF3F002F0E0
:10C1E0000CFB3C23594690FBF3F202FB13004FF487
:10C1F0006163254A0090484698FBF3F3FFF772FA13
:10C200000028FFF681AB0444A5427FF67DAB0123F5
:10C2100004934BE4336A002BFFF648AC00F0E8F9D6
:10C22000049B0BB900F0F0F9336A184A002BD4BF15
:10C230000023012352F82380404608F1FF38E5F738
:10C24000B5F96B1E2044A04202D100F0D7F9DEE719
:10C25000A34204D918F8012F3A550134F3E700F04E
:10C26000CDF9FFF751BB6B1EA3427FF64DAB2523E3
:10C2700027E60DB100233B55204611B0BDE8F08FF5
:10C2800094F8FFFFC1330300DE330300D0CA00205F
:10C2900013B5034C0094FFF705FB02B010BD00BFBF
:10C2A000D8CA00202DE9F0478C468646384E6046B5
:10C2B0001CF8014BA55D15F00805F8D12D2C33D1E4
:10C2C0009CF800404FF0010800F1020C002B5BD0FD
:10C2D000102B0CD1302C0AD19CF8000000F0DF00AC
:10C2E00058284CD19CF8014010230CF1020C08F1A5
:10C2F00000470026013F3046B7FBF3F903FB197AEC
:10C30000A4F13005092D17D82C46A34223DD751C56
:10C3100007D081451CD301D1A24519DB00FB0340A6
:10C3200001261CF8014BEBE72B2CA84604BF9CF818
:10C33000004000F1020CC9E7A4F14105192D01D814
:10C34000373CE2E7A4F16105192D04D8573CDCE73E
:10C350004FF0FF36E5E7731C06D122233846CEF8AE
:10C36000003042B9BDE8F087B8F1000F00D040427C
:10C37000002AF7D00EB10CF1FF311160F2E7302442
:10C38000002BB4D10823B2E7302CA5D00A23AEE7A6
:10C390005F32030013460A46014602480068FFF771
:10C3A00081BF00BF6CCA00202DE9F04F914687B0D5
:10C3B00088461F460D46464A05902B4615F8014B08
:10C3C000A65C16F00806F8D12D2C48D12C78012651
:10C3D0009D1C002F78D0102F09D1302C07D12B783D
:10C3E00003F0DF03582B6AD16C78102702354FF029
:10C3F000FF326FF000434FEAE77BBA4690193A46A6
:10C4000043EBE6715B46CDE90001E4F781FE0023D2
:10C410009646CDE9020100200021A4F1300CBCF1C8
:10C42000090F21D86446A7422FDD5A1C14D0DDE93C
:10C4300002238B4208BF824224D301D1A64521DBCF
:10C440000AFB01F300FB0B33AAFB0001194400199E
:10C450004FF0010341EBE47115F8014BDDE72B2CA4
:10C4600004BF2C789D1CB4E7A4F1410CBCF1190F5A
:10C4700001D8373CD7E7A4F1610CBCF1190F04D8FF
:10C48000573CD0E74FF0FF33E6E75A1C0AD122238E
:10C49000059ADDE900011360B9F1000F0AD107B078
:10C4A000BDE8F08F16B1404261EB4101B9F1000FD8
:10C4B000F5D00BB105F1FF38C9F80080EFE7302463
:10C4C000002F94D1082792E7302C88D00A278EE7D6
:10C4D0005F32030013460A46014602480068FFF730
:10C4E00063BF00BF6CCA00202DE9F0438C4686462E
:10C4F000394E60461CF8014BA55D15F00805F8D1D2
:10C500002D2C34D19CF800404FF0010800F1020CB2
:10C51000002B5DD0102B0CD1302C0AD19CF80000E0
:10C5200000F0DF0058284ED19CF8014010230CF198
:10C53000020C4FF0FF370025B7FBF3F703FB07F9B9
:10C5400028466FEA0909A4F13006092E17D83446A7
:10C55000A34223DD002D1EDB87421CD301D1A14560
:10C5600019DB00FB034001251CF8014BEBE72B2CEA
:10C57000A84604BF9CF8004000F1020CC8E7A4F1F3
:10C580004106192E01D8373CE2E7A4F16106192EC5
:10C5900004D8573CDCE74FF0FF35E5E7002D07DA1C
:10C5A00022234FF0FF30CEF8003042B9BDE8F083CF
:10C5B000B8F1000F00D04042002AF7D00DB10CF1C5
:10C5C000FF311160F2E73024002BB2D10823B0E72D
:10C5D000302CA3D00A23ACE75F32030013460A468F
:10C5E000014602480068FFF77FBF00BF6CCA002009
:10C5F0000148ECF7C9BF00BF60CE00200148ECF74E
:10C60000CFBF00BF60CE0020014B186800F002B819
:10C610006CCA00202DE9F04F07468DB000F010FAEB
:10C62000B0490546384602F0E1F8AF4E044670B90D
:10C63000AE4BAF4A1860AF4B1860AF4B3068C3E9E0
:10C640000022FEF73FFC34600DB0BDE8F08F31688A
:10C6500000295FD13068FEF735FC2046E4F7A6FFDD
:10C66000411C3846FEF784FC3060002857D12378FF
:10C670000AAEA24A3A2BA249334608BF01342046EB
:10C68000FFF784F80028DFDD0A9BE718E35C2D2B19
:10C6900049D101374FF0FF340DF1200A0DF11E0B87
:10C6A0004FF00008334607AA964938460396CDF85E
:10C6B00000B0ADF81E80ADF82080CDE9016AFFF72B
:10C6C00065F84045C0DDBDF81E303C21BDF8202096
:10C6D000DFF83C9201FB0322BDF81C304FF461618E
:10C6E00001FB03234A4686495C43844BAC62824C7F
:10C6F00023600A9B1F4433463846FFF747F84045FE
:10C7000017DC2368AA6A6360784B1A60794BC3F818
:10C71000008099E7E4F740FF00289BD194E7214689
:10C7200001F00DFFA3E72B2B4FF0010408BF0137E9
:10C73000B2E70A9BC4F80490FC18FB5C2D2B40F078
:10C740008C8001344FF0FF37002307AA6D49204643
:10C75000ADF81C30ADF81E30ADF820300A933346EA
:10C76000CDE902A6CDE900B6FFF710F800287ADC83
:10C77000AF6AA7F561670A9B4FF000092F652F4646
:10C780001C4423782C2B08BF013494F80080B8F1A6
:10C790004D0F7AD10DF126030DF122025A492046A0
:10C7A0000396CDE9016309AB00933346FEF7EEFF34
:10C7B00003287FF449AFBDF822104B1E0B2B3FF628
:10C7C00043AFBDF82420531E042B3FF63DAFBDF808
:10C7D0002630062B3FF638AF87F808807B61C7E923
:10C7E00003120A9B04EB03080223ADF81C3000235C
:10C7F000ADF81E30ADF820300A9398F800302F2B9A
:10C8000009D1334607AA41494046CDE902A6CDE900
:10C8100000B6FEF7BBFFBDF81E303C21BDF820205E
:10C82000283701FB0322BDF81C304FF4616101FB86
:10C83000032347F8103C0A9C4444B9F1000F21D06F
:10C84000686800F025FDAA6A284B1A602B6D9B1AB8
:10C85000284A18BF01231360F6E62B2B4FF001077F
:10C8600008BF013470E7BDF81E303C21BDF8202020
:10C8700001FB0322BDF81C304FF4616101FB03236F
:10C880005F4378E74FF001097BE7B8F14A0F4FF0BB
:10C890000A020BA906BF01344346442320460593F0
:10C8A000FFF79CFEDDF82C80059BA045ADF8260027
:10C8B00014D14D23B9F1000F07D103212B720223AC
:10C8C000C5F81490C5E903138EE70B2285F83030C4
:10C8D0000123C5E90D230023EB6385E780B23B729A
:10C8E000786181E7153503009C3F0320A43F0320B6
:10C8F00018350300A03F0320D0CA00200B410320BD
:10C900001C3503003F3503002B3503003E35030083
:10C910000041032007B5009313460A460146034829
:10C92000006801F0A4FE03B05DF804FB6CCA0020AF
:10C9300000B59BB0009104916FF000410591029108
:10C9400005490391694600F0DDF8009B00221A704A
:10C950001BB05DF804FB00BF0802FFFF13460A4648
:10C96000014602480068FFF7E3BF00BF6CCA002021
:10C9700070B51E469AB04FF401730446084615463A
:10C98000ADF80C3000910491E4F710FE094B2A46F3
:10C990006946019009930023059020460D93129358
:10C9A0004FF6FF73ADF80E30334600F0ABF91AB016
:10C9B00070BD00BFF1E4020013460A46014602487A
:10C9C0000068FFF7D5BF00BF6CCA00202DE9F84F03
:10C9D00007468946164600F003FD184B1C689A4628
:10C9E00034B14B46984613F8011B39B13D29F9D1B2
:10C9F000384600F0FBFC0020BDE8F88FA8EB0908E2
:10CA0000A34654F8040B0028F2D04246494601F0F0
:10CA1000BAFD0028F4D154F8043C03EB080513F8E0
:10CA200008303D2BECD1DAF800303846ABEB03038D
:10CA30009B10336000F0DAFC681CDDE744CC00207A
:10CA40000048704730C5002000487047C8CB002020
:10CA50000148ECF79FBD00BFC0CD00200148ECF7B6
:10CA6000A1BD00BFC0CD00202DE9F843154612F04E
:10CA7000030206460F4607D0013A214C002354F822
:10CA8000222001F01BFF0746AD1035D0746A3CB977
:10CA90001020FEF70FFA70620460C460C0E9014420
:10CAA000D6F82480D8F808404CB940F271213046BD
:10CAB00001F091FF00230446C8F8080003604FF01E
:10CAC0000009EB070AD539462246304601F08CFFB3
:10CAD000804639463046474601F0D9FE6D100BD0EE
:10CAE000206838B922462146304601F07DFF20609B
:10CAF000C0F800900446E4E73846BDE8F88300BF7C
:10CB00002C3103002DE9F04F98468B899DB00746E4
:10CB10001B060D4614460ED50B6963B94021FEF77E
:10CB200027FA2860286120B90C233B604FF0FF30C2
:10CB3000D1E040236B610023CDF80C804FF0010958
:10CB4000DFF8AC81099320238DF8293030238DF84C
:10CB50002A3023469A4613F8012B0AB1252AF9D127
:10CB6000BAEB040B0BD05B4622462946384602F04E
:10CB70002AF9013000F0AA80099A5A4409929AF8D9
:10CB80000030002B00F0A28000234FF0FF320AF1AA
:10CB9000010A049307938DF853301A93CDE90523C6
:10CBA00054460522524814F8011B01F048FB049A30
:10CBB000D8B9D00644BF20238DF85330110744BFA5
:10CBC0002B238DF853309AF800302A2B15D0079A72
:10CBD000544600204FF00A0C214611F8013B303B2F
:10CBE000092B4ED9B0B1079214E0A0EB0803A2467E
:10CBF00009FA03F313430493D2E7039B191D1B683F
:10CC0000002B0391BBBF5B4242F0020207930793E4
:10CC1000B8BF049223782E2B0CD163782A2B35D100
:10CC2000039B02341A1D1B68002B0392B8BF4FF000
:10CC3000FF330593DFF8C8A003222178504601F0A6
:10CC4000FEFA40B14023A0EB0A00013403FA00F0E1
:10CC5000049B0343049314F8011B062225488DF816
:10CC6000281001F0ECFA002838D0234B1BBB039BA3
:10CC7000073323F0070308330393099B33440993D5
:10CC800067E70CFB02320C460120A5E700230134C4
:10CC90004FF00A0C19460593204610F8012B303A44
:10CCA000092A03D9002BC5D00591C3E70CFB01214C
:10CCB00004460123F0E703AB2A4604A93846009353
:10CCC0000E4BFEF7AFF9421C0646D6D1AB895B0688
:10CCD0003FF52CAF09981DB0BDE8F08F03AB2A4695
:10CCE00004A938460093054BFEF7C6FBEBE700BFEF
:10CCF000683503007235030025B00200C7ED02005D
:10CD00006E3503002DE9F04F0C46ADF5237D002173
:10CD100006460DF10408B44FDFF8D892CDF818811B
:10CD20000093CDE94411B149A091B149A19192F884
:10CD300000A0BAF1000F00F054811AF80730551C1A
:10CD400013F0080319D06368002B0FDD23681A78ED
:10CD5000BA5C120701D42A46E9E7459A0133013249
:10CD6000236045926268013A6260ECE7A19B21462C
:10CD7000304698470028E9D0EDE7BAF1250F40F09A
:10CD800086804193439353782A2B04BF1023951C2C
:10CD90004FF00A0208BF4193AB461BF8011BA1F1FB
:10CDA0003003092B1DD90322924801F048FA40B103
:10CDB0000123A0EB09005D4603FA00F0419B1843F4
:10CDC000419015F8013B782B06D8572B10D8252B0E
:10CDD0005DD057D8002B75D0032347930A23429385
:10CDE00082E0439B5D4602FB0313303B4393D3E752
:10CDF000A3F15802202AEFD801A151F822F000BF78
:10CE0000D3CE0200D9CD0200D9CD020031CF02002D
:10CE1000D9CD0200D9CD0200D9CD0200D9CD020072
:10CE2000D9CD0200D9CD0200D9CD020047CF0200F2
:10CE30001DCF02008BCE02008BCE02008BCE0200F3
:10CE4000D9CD020021CF0200D9CD0200D9CD0200F8
:10CE5000D9CD0200D9CD020057CF020029CF020060
:10CE6000CBCE0200D9CD0200D9CD020053CF0200B3
:10CE7000D9CD02001DCF0200D9CD0200D9CD0200CC
:10CE8000D3CE0200453B022BA6D805232BE06368D6
:10CE9000002B0DDD23681A78524540F0A280013343
:10CEA00062682360013A459B62600133459352E713
:10CEB000A19B2146304698470028EBD04498002893
:10CEC00040F085804FF0FF3087E0419A42F0200229
:10CED0004192419A42F40072419210226F2B429289
:10CEE00034BF0323042347936368002B42DD419B37
:10CEF000590604D423681A78BA5C120741D4479BB8
:10CF0000022B50DC6B46224641A9304600F076F8F1
:10CF1000012866D002287FF41EAFCFE70A22DDE7A2
:10CF2000002342930323DEE7082342930423DAE736
:10CF30002946404601F0FCFF419B054643F0400373
:10CF400041930123CFE7419B43F0400341930023EA
:10CF5000C9E70223C7E74198C3063FF5FCAE009B33
:10CF6000C007459A03F1040100911B684CBF1A8069
:10CF70001A60F0E6A19B2146304698470028B6D0BB
:10CF80009CE7459A013245926268013A002A626044
:10CF900002DD01332360ADE7A19B2146304698476F
:10CFA0000028A7D08AE7042B06DC6B46224641A95D
:10CFB000304600F07BF8ABE70F4B002B3FF4CBAED5
:10CFC0006B46224641A9304600E000BFA0E7A38996
:10CFD00013F0400F18BF4FF0FF300DF5237DBDE873
:10CFE000F08F4498F9E700BF5F3203007DEE020046
:10CFF000F7EE02006E350300000000002DE9F84353
:10D0000015468A6880460C4632B98A69002A0CBFE8
:10D0100001224FF0FF328A6022680027DFF88890F3
:10D02000D1065FBF1A68111D19601668A06988B122
:10D03000012807D12B681A7863699B5C53B927BB19
:10D04000BDE8F883022820D12B681B7813F809303B
:10D050001B071AD423680137DA065EBF2B681B78DA
:10D0600006F8013B2A686B680132013B2A60A2681E
:10D070006B60013AA26042B1002BD7DCD4F880315A
:10D080002946404698470028D0D0236813F0100363
:10D0900005D1E2680132E260A26902B1337023690E
:10D0A00000201F442761CBE75F3203002DE9F04FDA
:10D0B000984687B0724B0C468246164627464FF07C
:10D0C000000B93E8070003AB83E807006D4BA169F1
:10D0D0006D4A032918BF1A46A36801925A1EB2F579
:10D0E000AE7F89BF6FF4AE754FF0000903EB050901
:10D0F00040F25D1388BFA36057F81C3B43F45063B4
:10D100003D462360316803AB0222097853F82B00B7
:10D1100001F095F828B3BBF1010F59D162682AB923
:10D120002268082342F4007263602260226822F4BD
:10D13000A0622260A268511EA16092B13268511CA7
:10D140003160127805F8012B7268013A002A72608A
:10D1500007DCD4F88021314650469047002840F043
:10D1600085800BF1010BBBF1030FCBD163680BB9C9
:10D170000A23636063684FF0000B44496069C91A71
:10D1800001F0D6FEA3682268002B3DD031686069AB
:10D1900091F800C010F80C00002835D0BCF1300F19
:10D1A00024D1100522D50BF1010BB9F1000F03D0EA
:10D1B000013309F1FF39A3607368013B002B7360F1
:10D1C0001BDD336801333360A368013BA360D9E7FB
:10D1D000BBF1020FAED1226802F4C061B1F5007F4D
:10D1E000BFD1102342F480726360A2E722F4106280
:10D1F00022600B7805F8013BDEE7D4F88031314638
:10D20000504698470028DFD02368D9050DD5BD4288
:10D2100009D905F1FF3915F8011CD4F87C313246E3
:10D220004D4650469847BD4228D0226812F0100261
:10D2300013D12A70394663685046019EB047D8F82A
:10D24000003021681A1D11F0200FC8F800201B685B
:10D250000FD01860E3680133E360ED1B0020AB449E
:10D2600025695D44256107B0BDE8F08F4FF0000BE4
:10D27000CAE7CA074CBF18801860EBE70120F2E745
:10D28000CCF502006BE6020067E60200923503006F
:10D290002DE9F74F8046FFF7D3FB40F2B173984575
:10D2A00040F398806FF4F66340F26D12A8F2B27505
:10D2B0000446434400F1500B4FF0070EC0F80480C1
:10D2C0009B1002FB05356FF06302A8F26D7393FBB0
:10D2D000F2F36FF4C8621D444FF4C8734244B2FBCA
:10D2E000F3F298FBF3F71544642203FB178708F069
:10D2F000030398FBF2F6B7FA87FC02FB168600934D
:10D300004FEA5C1C227A63694A2A28D10099EA18FC
:10D3100001B906B90FBB3B2BD4BF00230123134433
:10D320005A1EA36928342C4901FB02322368134496
:10D330001A46DB1744E90223A345E3D1D0E90845A7
:10D34000D0E91223944275EB0303B4BF01230023F9
:10D350000360012003B0BDE8F08F0023DFE7442A1B
:10D3600001D1EA18DDE7009A72BB002E0CBFE0463F
:10D370004FF001084FF0300A1849E2684FF00009F9
:10D380000AFB081801922A46A8F1040809F10109CC
:10D390000199494558F829A018DC02F1040898FBC6
:10D3A000FEF9C9EBC909A8EB0909B3EB090923691F
:10D3B00003F1FF3348BF09F10709C3EBC3034B4433
:10D3C000534505DA1A44ACE7E046D3E75244DDE7BB
:10D3D000073BF5E70020BDE780510100383103002D
:10D3E0000148ECF7D7B800BFACCD00200148ECF7FE
:10D3F000D9B800BFACCD0020022910B5044605D035
:10D40000042901D0012907D1002010BD806800281F
:10D41000FAD000F033F8F7E7806808B100F02EF892
:10D42000204600F027F8EFE7436823F0FF0343F0BE
:10D430000203436000F026B870B5064630B100F034
:10D440001BF8054618B90024204670BD054600F0BB
:10D450000FF8044610B1C6608560F5E7002DF2D0E4
:10D46000284600F00BF8EFE700F004B800F008B829
:10D47000F8F718BDF8F762BDF8F746BD00F004B83C
:10D4800000F009B8F8F7D2BC08B5EFF721FDBDE808
:10D490000840EFF7DBBC10B50446F8F715FD012195
:10D4A000002201700221846042708170C270F8F71E
:10D4B000DBFCBDE81040EFF7C9BC08B5FFF7BCFFC7
:10D4C00000B1083008BD40EA0141104640F8081D8F
:10D4D000FFF7AABF0838FFF7C7BFFFF7C7BF38B5C8
:10D4E0000446084611462246FBF76CF8E06158B145
:10D4F00003681B689847054620B1E06900F0E3FC2B
:10D500000023E361284638BD0C25FBE710B504462F
:10D51000C06908B100F0D7FC2046BDE810402C22BD
:10D52000002100F0B5BE10B5044689B1F8F752FFEE
:10D5300058B103681B0C03F00A020A2A14BF03F057
:10D540000F0303F00D030B6002E0002C01DA08600A
:10D5500010BD1023F7E710B504460068FFF7BDFFC4
:10D56000A06818B1BDE81040EFF7A4BC10BD08B525
:10D570000346084669B1012B07D1012913D06B205E
:10D58000EFF718FC4FF0FF3008BD022B0BD102293A
:10D59000F4E7012B01D11360F6E7032B01D11160F1
:10D5A000F2E70223F7E70020EEE770B54D68DDE90A
:10D5B000046485421FD1087890421ED1022D09D102
:10D5C00010281AD10A89328004221A80CB6823607D
:10D5D000002070BD0A2D10D124280ED10A89328076
:10D5E00010221A808B18203153F8042B8B4244F8F8
:10D5F000042BF9D1ECE76A20EBE71620E9E770B5D8
:10D60000064618460D461446FFF757FF48B100235B
:10D61000082244EA0644C4600561027243728372C0
:10D62000C37270BD38B50546F8F75AFE044638B9DE
:10D630002846F8F7CFFE18B144680CB100234360C8
:10D64000204638BD2DE9F04F87B081461E469046F2
:10D65000119F0191002A00F0E8801BB113F03A0FEE
:10D6600000F0E5804846F8F7B5FE0446002800F0D3
:10D67000E080036813F480130FD1026892B2062A87
:10D6800000F09E8002681E4692B2072A9A4600F079
:10D69000998080224FF0FF3584E0B10722D40368DF
:10D6A000DA0022D5C6F3001A4FF0FF3506F0100B52
:10D6B000226812F480321BD02268E06922F48032A2
:10D6C00022600268D2689047431C054629D08045F5
:10D6D00005DD2369012B02D1BBF1000F25D14FF0ED
:10D6E000000A4AE04FF0000ADEE74FF0010ADBE7EC
:10D6F0002168080315D5216889B20D2911D0236945
:10D70000012B00F09E809246802223681B0C1B0494
:10D7100043F00D032360236823F480132360002665
:10D7200040E0BAF1000F00F08D80236A4FF48032A0
:10D73000002B08BF4FF0FF3311460293484602AB5F
:10D74000FFF770FF236802469BB233B904221046EC
:10D75000EFF730FB4FF0FF3546E000286BD0236831
:10D7600013F400236AD023689BB20D2B66D0236983
:10D77000591ED1F1000A4AEB010A07B13F68109A1D
:10D78000E069CDE90427019B0268CDE9023895687C
:10D7900002A93246A847421C05460BBF00260126B7
:10D7A0000B220022E06901920168C96888470130B4
:10D7B000019A09D0236843F480332360A2B1C6E7FD
:10D7C0001E469A46092265E7BAF1000F10D0002ED6
:10D7D000F4D1354623681B0C1B0443F00D03236072
:10D7E000236823F480132360284607B0BDE8F08F38
:10D7F000002EE3D1236813F0804F23680AD023F072
:10D8000080432360236869221B0C1B0443F00D0333
:10D8100023609CE71B03D1D523689BB20D2BCDD190
:10D82000A368002BCAD0A268C8E716228FE75F2240
:10D830008DE709228BE74FF0010A39E70026B2464F
:10D84000B0E79A460B226AE72DE9F0430646914677
:10D850000F4685B0002967D0002A65D0F8F7BAFDD9
:10D860000446002862D003689BB2022B03D00368F1
:10D870009BB2042B51D1236813F0005358D147F2C7
:10D8800002023046A169FFF7BAFE0546002851D0D2
:10D8900047F2020848EA0643C360A3694A460361A7
:10D8A000836839460433836000F1180301930DF156
:10D8B0000A030093E06802ABFFF777FE30BBBDF8C8
:10D8C0000A30BDF80820AB82AB6827681344AB6010
:10D8D0002368EA8243F0005323602A46414604202D
:10D8E000FFF7F1FD2368DB0026D4636A4FF6FF7271
:10D8F000002B08BF4FF0FF3305210393304603ABE5
:10D90000FFF790FE30B1772800D02760EFF752FA8A
:10D910004FF0FF3005B0BDE8F08303689BB2052BE4
:10D9200014BF09207F20F1E71620EFE70920EDE77B
:10D930007820EBE70C20E9E77720E7E773B50446AA
:10D940000D4618461146DDE906238BB11E687EB1EF
:10D9500072B1CDE900232B462246F9F721F80346A0
:10D9600018B1EFF727FA4FF0FF33184602B070BD39
:10D970001620F6E72DE9F74F9846DDE90CB74FF092
:10D98000FF3301930B6806465D020C4692463AD47B
:10D990000B68190237D42368DA0134D423689B0159
:10D9A00031D4D4F80090236847F2030243F4800393
:10D9B0002360A1693B46FFF722FE054608B3836852
:10D9C000C0F814A008338360C0F818803FB1BBF1E1
:10D9D000000F04D03A465946006800F04CFC2A4635
:10D9E00047F203010420FFF76EFD4FF400023046BA
:10D9F000114601ABFFF716FEC4F8009003B0BDE876
:10DA0000F08F0C20F8E70B20F8E737B504460D46F9
:10DA100018461146DDE90632042A0FD173B1CDE96B
:10DA200000322B462246FFF7A5FF034618B1EFF759
:10DA3000C1F94FF0FF33184603B030BD1620F6E7AA
:10DA40002DE9F341012904460F4616461D46DDF82F
:10DA5000208007D06D20EFF7ADF94FF0FF3002B016
:10DA6000BDE8F081F8F7B6FC024608B90920F2E7F4
:10DA7000282E0DDC1D2E0DDDA6F11E030A2B09D864
:10DA8000DFE803F0131D24080808080808082B0025
:10DA9000372E29D02B46324601212046CDF8208052
:10DAA00002B0BDE8F041F8F7D9BC234648F20101C5
:10DAB0004FF40070CDE90058FFF740FFCFE7234651
:10DAC00044F210010420CDE90058F5E7234646F260
:10DAD00010010620CDE90058EEE7234641F204018B
:10DAE0000820CDE90058E7E7234645F2060138460D
:10DAF000CDE90058E0E70369012B05D1006880B249
:10DB0000431F584258417047022B09D103689BB20A
:10DB1000022B03D003689BB2042BEFD10120704786
:10DB2000002070474FF0FF33F7B501930B680646AE
:10DB300023F400330B600B680C4623F480130B6056
:10DB40000F683A46F9F7E0FD054650B90C22304619
:10DB5000114601ABFFF766FD054628B1772800D0D6
:10DB60002760284603B0F0BD3046F9F7BBFD2368B7
:10DB700023F08063236023681B0C1B0443F00C0319
:10DB80002360236843F400332360236843F4801345
:10DB90002360E6E710B50446F8F71CFC38B12046D0
:10DBA000F9F7A0FD2046BDE81040F8F795BD092023
:10DBB000EFF700F94FF0FF3010BD0020704710B5AF
:10DBC0000C46D0E9013120469847606810BD4FF0FF
:10DBD000FF3070474FF0FF307047002070477047AC
:10DBE00030B5054685B0C06800F012FB044670B140
:10DBF000436800938368019303690293C36868468E
:10DC00000393D5E9013198472046EFF753F905B062
:10DC100030BD10B504460C20EFF744F9E06028B1A0
:10DC200000232361BDE8104000F0D6BA0C2010BDDF
:10DC300070B5064614200D46EFF734F9044678B166
:10DC40002B68014643606B688360EB68C360AB6818
:10DC50000361F06800F0C9FA28B12046EFF72AF90D
:10DC60004FF0FF3000E0686870BD2DE9F04F0646C8
:10DC700085B0C0688A46174600F0D4FA04460028EA
:10DC800055D0DAF80800002849D02169002946D08B
:10DC9000E268002A43D0DAF80C50AA4228BF2A468C
:10DCA000CAF80C2000F0E7FA0025DAF804303169F0
:10DCB0000193DAF80030029307F02003039307F092
:10DCC0000807019BAB4224D9A268019BA2EB010883
:10DCD000A3EB050BDAF80020D845C14628BFD9468A
:10DCE00042B1039B33B96068029B01444A4658190C
:10DCF00000F0C1FA204600F09CFA04462FB9D8453E
:10DD000011D83046FFF76CFF376100214D44002CDD
:10DD1000D7D12846CAF8045005B0BDE8F08F0022DC
:10DD2000CAF80C20C0E732694A443261EDE74FF08F
:10DD3000FF30F1E710B50446C06800F073FA50B147
:10DD40002469644283681C4400F073FA0028F9D106
:10DD500024EAE47010BD4FF0FF30FBE7C36810B554
:10DD6000044623B9162007E02046FFF739FFE06894
:10DD700000F05DFA0028F7D110BDC36810B5044665
:10DD800033B1FFF7EBFFE068EFF794F80023E360AF
:10DD900010BD30B5054685B0C06800F039FA0446BC
:10DDA00070B1436800938368019303690293C36869
:10DDB00068460393D5E9013198472046EFF77AF892
:10DDC00005B030BD10B504460C20EFF76BF8E060ED
:10DDD00018B1BDE8104000F0FFB90C2010BD70B5BF
:10DDE000064614200D46EFF75DF8044678B12B681F
:10DDF000014643606B688360EB68C360AB68036196
:10DE0000F06800F0F2F928B12046EFF753F84FF030
:10DE1000FF3000E0686870BDF8B50746C0680C4682
:10DE2000164600F0FFF9054628B38268636820684B
:10DE30009A4228BF1A46626010B1696800F01BFA66
:10DE4000A068A8B1296999B1EA688AB1E3689A42E1
:10DE500028BF1A46E26000F00EFA3207AD6802D41D
:10DE60003846FFF796FFB3064CBF28466068F8BDFA
:10DE70000023E360F1E74FF0FF30F8E708B5C06832
:10DE800000F0D0F908B1806808BD4FF0FF30FBE723
:10DE9000C36810B5044623B9162007E02046FFF7F3
:10DEA00078FFE06800F0C3F90028F7D110BDC3681F
:10DEB00010B5044633B1FFF7EBFFE068EEF7FAFF69
:10DEC0000023E36010BD10B5044603681B69984742
:10DED000236820465B6998472046BDE81040EEF76E
:10DEE000E9BF704708B5FFF7FCFF08BD0FB408B5E0
:10DEF0005F20EEF75FFFBDE808404FF0FF3004B051
:10DF00007047FFF7EFBF13B50446EEF7E7FF236A4C
:10DF1000684600948DF80430F8F736F8044648B99E
:10DF2000F8F786F9FAF794F8044618B9F8F740FBC1
:10DF3000F9F73CFC204602B010BD10B5F8F74AFADC
:10DF4000044630B1D0E90412BDE81040C068FAF7C9
:10DF5000A1BB0920EEF72EFF204610BD2DE9F341AD
:10DF60000026884604463746464503D1384602B067
:10DF7000BDE8F081A588206801A9FFF7D4FA05F073
:10DF80000305019B45F01C051D402068E580F8F75E
:10DF900021FAB4F9063068B11A070BD54269012A93
:10DFA00003D0A2F58272012A02D843F00103E38074
:10DFB000013701E0002BFBD101360834D4E7F8F734
:10DFC000A3BFF9F79FB8F9F7B7B873B542EAE272A1
:10DFD000082905460E46019206D91620EEF7EAFEFC
:10DFE0004FF0FF3002B070BD10B909B10E20F5E757
:10DFF00031462846FFF7B2FF00240028F2D1002C5A
:10E00000F0D1284601A9EEF79FFD044618B1742807
:10E0100001D00B20E2E731462846FFF79FFFECE7EF
:10E02000F8F76ABA70B504460D461646FAF732FBA1
:10E0300030B13246294603682046BDE87040184793
:10E040004FF0FF3070BD10B50446FFF776FF20B1EA
:10E0500043682046BDE8104018474FF0FF3010BD20
:10E060002DE9F0470446DDE908890D4616461F46AE
:10E07000FFF763FF58B1CDE90889D0F808E03B46C7
:10E08000324629462046F446BDE8F04760474FF047
:10E09000FF30BDE8F0872DE9F0470446DDE9088947
:10E0A0000D4616461F46FFF748FF58B1CDE90889CF
:10E0B000D0F80CE03B46324629462046F446BDE8FF
:10E0C000F04760474FF0FF30BDE8F08770B5044679
:10E0D0000D461646FFF731FF30B1324629464369F7
:10E0E0002046BDE8704018474FF0FF3070BD70B556
:10E0F00004460D46FFF721FF28B1294683692046D3
:10E10000BDE8704018474FF0FF3070BD2DE9F04179
:10E1100004460D461646FFF710FF40B1C769324668
:10E1200029462046BC46BDE8F041002360474FF039
:10E13000FF30BDE8F08170B504460D461646FFF786
:10E14000FCFE30B13246294603692046BDE87040E6
:10E1500018474FF0FF3070BD2DE9F041DDF8188011
:10E1600004460D4616461F46FFF7E7FE58B1CDF8A8
:10E170001880D0F820E03B46324629462046F44637
:10E18000BDE8F04160474FF0FF30BDE8F0812DE978
:10E19000F041DDF8188004460D4616461F46FFF78D
:10E1A000CCFE58B1CDF81880D0F824E03B4632467A
:10E1B00029462046F446BDE8F04160474FF0FF3065
:10E1C000BDE8F081FFF7FBBEFFF7FBBEFFF7FBBE2C
:10E1D000FFF7FBBEFFF724BF034620B10020C3E9D1
:10E1E00001001860704716207047036801330DD096
:10E1F00000230B60036833B9416003688160013319
:10E2000003600020704783681960F6E70C207047B0
:10E210000346006828B1586802685A601A68013AD3
:10E220001A6070470346006800B15868704700687C
:10E230007047006870470A220021FEF7ABB8C9B2E8
:10E240000346024410B59342184601D1002003E072
:10E25000047801338C42F6D110BD30B50139002469
:10E26000A24201D1002005E0035D01340D5DAB4207
:10E27000F6D0581B30BD0A44431E914200D170476E
:10E2800010B511F8014B914203F8014FF9D110BDBF
:10E2900002440346934200D1704703F8011BF9E79B
:10E2A000002B2DE9F0471F4688B0B4BF03F10043AF
:10E2B00000231446129ABCBF1F462D23109D1370D5
:10E2C000149BDDF84CA023F02008B8F1460F05D0D0
:10E2D000B8F1450F00D10135022300E0032307AA5E
:10E2E000049206AACDE90035CDE902A23B462246BA
:10E2F000E3F742FBB8F1470F064602D1119BDB075B
:10E3000022D5B8F1460F06EB050910D13378302B32
:10E310000AD10022002320463946E3F7CDF818B988
:10E32000C5F10105CAF80050DAF80030994400221E
:10E33000002320463946E3F7BFF808B1CDF81C901A
:10E340003022079B4B4507D3079B3046159A9B1BF2
:10E35000136008B0BDE8F087591C07911A70F0E708
:10E36000F7B500290346B8BF494203F8022BB4BFF2
:10E370002D222B22092942702ADD0DF107040A27DC
:10E38000A4460A46A646013C632A91FBF7F607FB22
:10E390001615314605F130050EF8015CF1DC30311F
:10E3A000AEF1020504F8011C441C294661450AD35C
:10E3B0000DF10902A2EB0E02654588BF002213444D
:10E3C000181A03B0F0BD11F8012B04F8012FEDE786
:10E3D000302330318370031DC170F1E72DE9F04720
:10E3E000164699468A6807460B690C46DDF8208078
:10E3F0009342B8BF1346336091F843200AB101330A
:10E4000033602368990642BF33680233336025685E
:10E4100015F0060506D104F1190AE36832689B1A63
:10E42000AB4229DC94F84320131E226818BF012355
:10E4300092062ED404F1430249463846C0470130C3
:10E4400021D023681A3454F80E5C03F006033268B6
:10E450000026042B54F8123C08BFAD1A54F80A2CBD
:10E4600014BF002525EAE5759342C4BF9B1AED1839
:10E47000B5421AD1002008E00123524649463846E9
:10E48000C047013003D14FF0FF30BDE8F0870135C0
:10E49000C3E7E1185A1C30200233224481F84300BC
:10E4A00094F8451082F84310C4E7012322464946F8
:10E4B0003846C0470130E6D00136D9E708B417B571
:10E4C00005AB141E53F8041B019307DA1A46FEF736
:10E4D00045FA03B0BDE8104001B070470A46214636
:10E4E000FEF718FA0028F4DBA042F2D3EBF75EF84F
:10E4F0000020704738B50446234614F8015B35B94F
:10E50000013911F8014F3CB912B11C7038BD0AB97C
:10E51000EBF74CF8013AEFE7002AF9D0013A03F89B
:10E52000014BEEE7C9B20346184613F8012B12B1AE
:10E530008A42F9D17047002918BF0020704703466E
:10E5400011F8012B03F8012B002AF9D1704770B59F
:10E550000546084616460C46E3F728F8421CB24228
:10E5600001D9EBF723F8AC4204D8A3189D42F8D3A5
:10E57000AC4202D1AB189C42F3D321462846BDE8F9
:10E580007040FFF778BE10B56AB10139841810F8F1
:10E59000013B11F8012F934203D1A04201D0002B7F
:10E5A000F5D1981A10BD1046FCE70139034610B5A5
:10E5B00032B111F8014F013A03F8014B002CF7D1A9
:10E5C0001A440021934200D110BD03F8011BF9E762
:10E5D0009A4208B501D9EAF7E9FF814204D88B18BD
:10E5E0009842F8D3814202D183189942F3D3BDE80F
:10E5F0000840FFF7DABF0246014410B58A421346CD
:10E6000001D1181A10BD1C780132002CF6D1F8E7A0
:10E6100038B503460C4669B9BDE83840FFF782BFFC
:10E62000431C054621461846FFF77CFF0028F7D11A
:10E63000284638BD0025F5E7F0B50C7864B10346EF
:10E640001A7818465E1C0AB9104605E0944208D1B3
:10E650000D4615F8012F02B9F0BD13F8017F97425E
:10E66000F7D03346ECE7FDF71DBEFDF73DBF30B5F3
:10E67000141E05469BB0184605DA8B234FF0FF3079
:10E680002B601BB030BD4FF4027302460091284648
:10E69000ADF80C3014BF04F1FF33234604916946F2
:10E6A000029305934FF6FF73ADF80E301E9BFEF7F5
:10E6B00029FA431CBCBF8B232B60002CE1D0009BAC
:10E6C00000221A70DDE70028B8BF404270472DE9EC
:10E6D000F74F036907460C69A342C0F28580013CED
:10E6E00000F1140501F1140805EB840355F824200A
:10E6F0004FEA840B019308EB840958F82430013366
:10E700009A42B2FBF3F633D34FF0000E4046AC46CC
:10E71000F24650F8042B93B281454FEA124206FBB1
:10E7200003E34FEA134E9BB206FB02E2AAEB03039C
:10E73000DCF800A04FEA124E1FFA8AFA53441FFA7F
:10E7400082FADCF80020CAEB124202EB23429BB2B1
:10E750004FEA224A43EA02434CF8043BD9D255F827
:10E760000B302BB9019B043B9D421A4630D33C61D0
:10E77000384600F033FA002826DB013628464FF0F1
:10E78000000C58F8041BD0F800E08BB2C1451FFA0A
:10E790008EF2ACEB030313444FEA1142C2EB1E426C
:10E7A00002EB23429BB24FEA224C43EA024340F879
:10E7B000043BE6D255F8242005EB840322B9043B40
:10E7C0009D421A460AD33C61304603B0BDE8F08F43
:10E7D0001268043B002ACAD1013CC5E71268043B19
:10E7E000002AF0D1013CEBE70020EEE707B501AAD3
:10E7F000FEF7ECF803B05DF804FB0028B8BF404218
:10E80000704782B001B901A942B14BB113780B60D6
:10E810001278101E18BF012002B070471046FBE7A7
:10E820006FF00100F8E770B5466A04460D463EB940
:10E830001020FCF73FFB60620660C660C0E901661D
:10E84000666AF36883B1636ADB6853F82500B8B978
:10E850000121204601FA05F6721D920000F0A5FA8A
:10E8600060B1C0E901560EE021220421204600F0EB
:10E870009CFA636AF060DB68002BE4D1002070BD75
:10E88000026843F825200023C0E90333F7E770B599
:10E89000466A05460C463EB91020FCF70BFB686241
:10E8A0000660C660C0E901663CB16B6A6268DB68FD
:10E8B00053F82210216043F8224070BD2DE9F04149
:10E8C000074698460C460E6901F1140000230568BE
:10E8D0000133A9B29E424FEA154502FB01814FEA7E
:10E8E000114C89B202FB05C501EB05414FEA154801
:10E8F00040F8041BEBDCB8F1000F1BD0A368B34257
:10E9000012DC616838460131FFF78DFF2269054648
:10E9100004F10C0102320C309200FFF7ACFC2146EE
:10E920002C463846FFF7B3FF04EB86030136C3F8E5
:10E93000148026612046BDE8F081020C03461204D3
:10E94000CAB90304102013F07F4F04BF1B02083024
:10E9500013F0704F04BF1B01043013F0404F04BF8D
:10E960009B000230002B05DB13F0804F00F101000B
:10E9700008BF202070470020E5E70368024613F037
:10E9800007000BD0D90722D4980747BF5B080120A6
:10E990009B0802204CBF13601360704799B209B9FD
:10E9A0001B0C102013F0FF0F04BF1B0A08301907BF
:10E9B00004BF1B090430990704BF9B080230D90724
:10E9C00003D45B0800F1010003D0136070470020FE
:10E9D00070472020704710B50C460121FFF723FF38
:10E9E00001224461026110BD2DE9F04F15460A690C
:10E9F0000C4685B02B699A42BEBF0B462C461D467D
:10EA00002769A368D5F81090616807EB0906B3423F
:10EA1000B8BF0131FFF707FF00F11401002201EB3D
:10EA200086080B4643451DD304F1140305F1140277
:10EA300004F1150503EB870702EB890302933B1BE7
:10EA4000153B23F003030433AF4238BF0423019383
:10EA5000029B0392934208D8002E5ADC066105B04F
:10EA6000BDE8F08F43F8042BDCE7B2F800A0BAF160
:10EA7000000F24D004F1140E89464FF0000C5EF80C
:10EA8000045BD9F800B0ABB277451FFA8BFB0AFBE9
:10EA900003B34FEA154BD9F8005063444FEA154CC5
:10EAA0000AFB0BC505EB13459BB24FEA154C43EA35
:10EAB000054349F8043BE2D8019B41F803C0039B9E
:10EAC0000432B3F80290B9F1000F20D00B6804F1C2
:10EAD000140C8E464FF0000ABCF800509BB2BEF8F2
:10EAE00002B009FB05B5AA4443EA0A434EF8043BC9
:10EAF0005CF8043BBEF800501B0C674509FB035350
:10EB000003EB1A434FEA134AE6D8019D4B510431F7
:10EB10009EE758F8043D002BA0D1013E9CE72DE96B
:10EB2000F0470C46074691464FEA621A2369496846
:10EB300003EB6218A36808F10106B3423FDB3846D5
:10EB4000FFF771FE0023054600F1140100F11002E9
:10EB50001846534536DB2AEAEA7A04F114032069A1
:10EB600019F01F0901EB8A0103EB800C2ED0C9F1CB
:10EB7000200E8A460022186800FA09F002434AF87B
:10EB8000042B53F8042B9C4522FA0EF2F3D8ACEB7D
:10EB9000040304F11500153B23F00303043360451F
:10EBA00088BF0423CA500AB108F10206013E384664
:10EBB00021462E61FFF76BFE2846BDE8F087013144
:10EBC0005B00BAE7013342F8040FC2E7043953F897
:10EBD000042B9C4541F8042FF9D8E7E703460A695E
:10EBE0000069801A30B50DD11433143103EB82045F
:10EBF00001EB820154F8045D51F8042D954202D0D6
:10EC000004D3012030BDA342F4D3FBE74FF0FF3023
:10EC1000F8E72DE9F84F0C46064611469246204685
:10EC2000FFF7DCFF051E08D129463046FFF7FBFD44
:10EC30000123C0E90435BDE8F88FA3BF5346A246BF
:10EC400000250125A8BF1C46DAF804103046FFF75E
:10EC5000EAFD04F11409DAF8107000F114082669CD
:10EC60000AF11002C5600AF1140509EB8606C246D6
:10EC700005EB870E4FF0000C52F804BF59F8043B27
:10EC80001FFA8BF14E4561441FFA83FC4FEA134390
:10EC9000A1EB0C01C3EB1B4303EB214389B24FEA09
:10ECA000234C41EA03434AF8043BE5D8331B1534AF
:10ECB000153B23F003030433A64238BF04231D444D
:10ECC00043442C461E4674450ED30EF10302521BDC
:10ECD000033D22F00302AE4538BF00221A4452F829
:10ECE000043D8BB10761A6E754F8048B1FFA88F244
:10ECF0006244111492B201EB184142EA01424FEA18
:10ED0000214C46F8042BDEE7013FE8E72DE9F3410B
:10ED10001C4601219046DDE90865FFF784FDC4F338
:10ED20001303C4F30A5407462CBB0193B8F1000344
:10ED300026D068460093FFF720FE0099F0B1019AB3
:10ED4000C0F1200302FA03F3C2400B4301927B613E
:10ED5000019B002BBB6114BF022101213961C4B1A9
:10ED6000A4F233440444C0F13500346028603846CE
:10ED700002B0BDE8F08143F48013D6E77961E7E79C
:10ED800001A8FFF7FAFD019B012120307B61396169
:10ED9000E5E707EB8103A0F2324030601869FFF726
:10EDA000CCFDC0EB41112960E1E738B502FB01F56C
:10EDB0002946FCF7DDF8044618B12A460021FFF782
:10EDC00067FA204638BD2DE9F0478E6882460C462A
:10EDD00090469E421F4638D88A8912F4906F32D0EE
:10EDE000256801330969A5EB0109656905EB45054E
:10EDF0004B4405EBD5756D109D4238BF1D4653053C
:10EE000031D52946FCF7B4F8064650B90C234FF02B
:10EE1000FF30CAF80030A38943F04003A381BDE866
:10EE2000F0874A462169FFF726FAA38923F4906305
:10EE300043F08003A38126614E446561A5EB09057B
:10EE400026603E46A560BE4200D93E463246414657
:10EE5000206800F0EAF8A368226800209B1B324477
:10EE6000A3602260DBE72A4600F0F9F80646002896
:10EE7000E1D121695046FCF72DF8C7E738B54B1CA6
:10EE8000144603D14FF0FF35284638BD9389CDB2E3
:10EE900023F020039381636B52688BB1A36B934281
:10EEA00008DD23685A1E226003F8015C63680133A1
:10EEB0006360E9E7214600F074F80028F1D0E1E74B
:10EEC0002169236851B1994208D213F8011CA94263
:10EED00004D1013B013223606260D5E7C4E90F32FF
:10EEE00004F1440363630323A363234603F8465FEB
:10EEF00023600123DCE710B50C46496B69B104F1CE
:10EF00004403994201D0FBF7E5FF0020236C6063C6
:10EF1000636013B1E36B236010BD23694FF0FF30D2
:10EF2000236000236360A38943F02003A381F3E7F8
:10EF300070B50B7804465E2B04F1FF0513BF481C27
:10EF4000881C4B78002208BF0122611E01F8012FA6
:10EF5000A942FBD10BB9013870BD82F00101421CFE
:10EF6000E15412F8015C561E10462D2D06D05D2D81
:10EF7000F2D00DB93046EFE72B46F0E716785D2E5C
:10EF8000FAD0B342F8DC1846013086422154FBDC4B
:10EF9000D8435D1C02323044B342A8BF00202B1876
:10EFA000DFE72DE9F0410C46496B04F14403994237
:10EFB0001AD14FF48061FBF7DBFF18B94FF0FF3037
:10EFC000BDE8F0814FF48063606300F2FD30A3631D
:10EFD00094F84630837094F84530437094F8443088
:10EFE000037020600020EBE7A66B77003A4600F044
:10EFF00036F805460028E1D000EB06080146324607
:10F000004046FFF738F9C4F80080C4E90D57E9E736
:10F010000346084641B1FF2A04D98A224FF0FF3047
:10F020001A60704701200A707047884210B501EBE2
:10F03000020402D98442234607D8431EA14208D0C5
:10F0400011F8012B03F8012FF8E7024401468A4228
:10F0500000D110BD13F8014D02F8014DF7E7F8B5E6
:10F06000074614460E4621B91146BDE8F840FBF7A5
:10F070007FBF22B92546FBF72DFF2846F8BD00F0DB
:10F0800014F8A0420FD221463846FBF771FF05461F
:10F090000028F2D031462246FFF7EDF831463846D7
:10F0A000FBF718FFE9E73546E7E751F8043C181F7E
:10F0B000002BBCBF0B58C01870470000F5F7E2B832
:10F0C0008020FE7F01000000596601000000000062
:10F0D000ADB2010090F10200D5590200000000001D
:10F0E000258A0200000000004D8B02000000000095
:10F0F0001DB501000000000091B80100A8F1020058
:10F1000071C40100C0F1020091C7010000000000BD
:10F11000196701000000000075CA0100000000002E
:10F12000E9D00100D8F10200E17E010000000000FA
:10F13000A196010000000000A5AC02000000000044
:10F140007DB90100F0F10200E1BE010008F2020009
:10F1500061C3010020F202004DA201000000000086
:10F16000C1A3010038F20200E91102000000000012
:10F170006DDD010000000000459501000000000069
:10F18000C19D010000000000D5FE0100000000004C
:10F19000680D0300A80D0300900D0300B0CC002003
:10F1A0008C2F03207AF502007CF80200F00D03009A
:10F1B000CC0D0300B4CC0020E42F032070F5020036
:10F1C0009811030000000000A8110300C4CC002027
:10F1D000000000006AF50200E411030000000000D6
:10F1E000B0C90020C8CC00206C31032064F50200B7
:10F1F00090F80200AC0F0300940F0300B8CC00207D
:10F2000084C800205EF50200280C03006C11030086
:10F2100090110300BCCC002038C9002054F5020036
:10F22000201103004811030090110300C0CC0020FE
:10F23000C0C800204CF50200B80C0300300D0300DC
:10F2400000000000ACCC0020682F032044F5020031
:10F2500000000000A989010000000000A989010048
:10F2600000000000A989010000000000A989010038
:10F2700000000000A98901005D44020095420200DF
:10F2800000000000A989010000000000A989010018
:10F2900000000000A98901004550020095420200CB
:10F2A0003D5502009542020069500200954202005D
:10F2B00000000000A989010000000000A9890100E8
:10F2C00000000000A989010000000000A9890100D8
:10F2D00000000000A989010000000000A9890100C8
:10F2E00000000000A989010000000000A9890100B8
:10F2F00000000000A9890100000000001DC80100F5
:10F3000000000000A989010000000000A989010097
:10F3100000000000A989010000000000A989010087
:10F3200000000000A989010000000000A989010077
:10F3300000000000A989010000000000A989010067
:10F3400000000000A989010000000000A989010057
:10F3500000000000A989010000000000A989010047
:10F3600000000000A989010000000000A989010037
:10F3700000000000A989010000000000A989010027
:10F3800000000000A989010000000000A989010017
:10F3900000000000A989010000000000A989010007
:10F3A000594C02009542020000000000A9890100AA
:10F3B00000000000A989010000000000A9890100E7
:10F3C00000000000A989010000000000A9890100D7
:10F3D00000000000A9890100FD49020095420200D9
:10F3E00000000000A989010000000000A9890100B7
:10F3F00000000000A989010000000000A9890100A7
:10F4000000000000A989010000000000A989010096
:10F4100000000000A989010000000000A989010086
:10F4200000000000A989010000000000A989010076
:10F4300000000000A989010000000000A989010066
:10F4400000000000A989010000000000A989010056
:10F4500000000000A989010000000000E5D30100C0
:10F46000B9DB01002013030003000000800D03003E
:10F4700003000000A822030003000000F4030300BF
:10F48000030000003421030003000000840B03008C
:10F490000300000038FD020003000000E027030025
:10F4A00003000000000E030003000000840F0300AF
:10F4B00003000000F4FE020003000000A8020300A5
:10F4C00003000000C41A0300030000007C200300B6
:10F4D0000300000074F8020003000000300803007D
:10F4E00003000000200C030003000000D4110300FF
:10F4F00003000000882F030003000000F8F802005A
:10F5000003000000FC03030003000000B4FE02003F
:10F5100003000000C40C03000300000040020300CD
:10F5200003000000281103000300000054FA020049
:10F5300003000000880303003C2E0320780303002F
:10F5400001000000060000800080FF7F02000080B4
:10F550000080FF7F0200008000800800FF7F0080A5
:10F560000080FF7F00800080FF7F00800080FF7FA1
:10F570000080008006000700FF7F00800080FF7F82
:10F58000000000000000000000000000010000007A
:10F5900000000000780000000000000000000000F3
:10F5A000000000000901000000000000000200004F
:10F5B00000000000DEE61E28EAAC45B8025B000051
:10F5C000DEE61E284CBBCE8F025B000079350300BF
:10F5D0007C3503007F3503000000000000000000C0
:10F5E0000338FDD8704700000080E03779C34143FD
:10F5F000176E05B5B5B89346F5F93FE9034F384D99
:10F60000321D30F94877825A3CBF737FDD4F157544
:10F61000000000000000F03F000000000000244057
:10F6200000000000000059400000000000408F4032
:10F63000000000000088C34000000000006AF8409D
:10F640000000000080842E4100000000D0126341C1
:10F650000000000084D797410000000065CDCD4137
:10F66000000000205FA00242000000E87648374218
:10F67000000000A2941A6D42000040E59C30A242B6
:10F680000000901EC4BCD64200003426F56B0C432B
:10F690000080E03779C3414300A0D88557347643D2
:10F6A00000C84E676DC1AB43003D9160E458E14333
:10F6B000408CB5781DAF154450EFE2D6E41A4B44A8
:10F6C00092D54D06CFF08044F64AE1C7022DB544ED
:10F6D000B49DD9794378EA4441542525585642418E
:10F6E000540000004D6F64656D20696E6974696136
:10F6F0006C697A6174696F6E206661696C65642CEF
:10F70000206572726F723A2025640A006C74655F1E
:10F710006C635F70736D5F7265712C206572726FC0
:10F72000723A2025640A00006C74655F6C635F6543
:10F730006472785F7265712C206572726F723A2004
:10F7400025640A002F636F6E6669672E74787400F3
:10F750006661696C656420746F206C6F61642063FE
:10F760006F6E6669672E2068616C74696E67000051
:10F7700062757379207761697420666F7220766193
:10F780006C69642074696D65000000006E6F206E06
:10F790006574776F726B2074696D652C2072657368
:10F7A0006F7274696E6720746F205344000000000C
:10F7B0006E6F2076616C69642074696D652C2072AF
:10F7C00065736F7274696E6720746F20646566611B
:10F7D000756C74006F763736373520696E697469D9
:10F7E000616C69736174696F6E0000006F76373603
:10F7F000373520636170747572650000696D6167EB
:10F8000065202D3E20736468630000006A706720E5
:10F8100020202D3E2073646863000000696D6167DD
:10F8200065202D3E2066747000000000646F6E65D8
:10F830000000000074696D6520736C6565700000E0
:10F840007561727420736C6565700000747269670D
:10F850005F74797065206D6973636F6E6669677236
:10F8600065642C206F6F707321000000626567690A
:10F870006E2100006D61696E000000004750494F25
:10F880005F30000062696E642025730A000000008A
:10F890004932435F320000005352414D2063617092
:10F8A00074757265206F6E6C7920737570706F72ED
:10F8B000747320515647410072656164790A0000F3
:10F8C000696D6167652062756666657220746F6F29
:10F8D00020736D616C6C20283C31206C696E652949
:10F8E000000000002F53443A2F7363726174636801
:10F8F0002E626D70000000006F76373637350000DD
:10F90000424D36580200000000004200000028006E
:10F91000000040010000F0000000010010000300A2
:10F92000000000580200C40E0000C40E00000000D9
:10F9300000000000000000F80000E00700001F00C9
:10F9400000000000424D3658020000000000420056
:10F9500000002800000080020000E001000001001B
:10F9600010000300000000580200C40E0000C40E86
:10F970000000000000000000000000F80000E007A8
:10F9800000001F00000000008002E00144F90200B6
:10F990004001F00000F90200A00078000000000023
:10F9A0008002000001000000E001000000000000F3
:10F9B0009E0000000E0000000E000000EE0100009E
:10F9C000000000004001000002000000F000000004
:10F9D00010000000A8000000180000000C0000004B
:10F9E000EC01000000000000A00000000400000086
:10F9F0007800000000000000160000000400000075
:10FA0000220000007A00000028C8002060010000E9
:10FA100001000000F000000020000000AA0000002B
:10FA20005A0000000E000000EE010000000000007F
:10FA3000B000000001000000900000000000000085
:10FA4000FA0000001800000078000000B400000078
:10FA500008C800207372616D000000006D6B64695E
:10FA6000722025730A0000004154000041542069AF
:10FA70006E697469616C6973656400004154206942
:10FA80006E697469616C69736174696F6E20657207
:10FA9000726F720041542B434744434F4E543D30E4
:10FAA0002C224950222C2225732200004347444334
:10FAB0004F4E54206F6B0000434744434F4E542039
:10FAC0006572726F7200000041542B4346554E3DE3
:10FAD000310000004346554E206F6E206F6B0000D2
:10FAE0004346554E206F6E206572726F72000000A3
:10FAF00041542B434F50533D312C322C222573223D
:10FB000000000000434F50532072656769737465AD
:10FB100072206F6B00000000434F505320726567E6
:10FB20006973746572206572726F720041542B4361
:10FB300046554E3D300000004346554E206F6666E8
:10FB4000206F6B004346554E206F666620657272CB
:10FB50006F7200006D6F64656D20626567696E0A83
:10FB60000000000066696C65206E616D6520746F31
:10FB70006F206C6F6E6700002573253038582E6239
:10FB80006D7000002573253038582E6A70670000AC
:10FB9000465450205354415455533A207265676976
:10FBA000737465722065727220256400465450207B
:10FBB0005354415455533A207265676973746572A2
:10FBC000206F6B00465450205354415455533A20F3
:10FBD0006F70656E20657272202564004654502057
:10FBE0005354415455533A206F70656E206F6B002B
:10FBF000465450205354415455533A206C6F676912
:10FC00006E2065727220256400000000465450206A
:10FC10005354415455533A206C6F67696E206F6B93
:10FC200000000000465450205354415455533A208C
:10FC30006D6B646972732065727220256400000028
:10FC4000465450205354415455533A206D6B6469C7
:10FC50007273206F6B00000046545020535441547F
:10FC600055533A20747970652062696E617279200B
:10FC7000657272202564000046545020535441544C
:10FC800055533A20747970652062696E61727920EB
:10FC90006F6B0000465450205354415455533A2042
:10FCA00070757420657272202564000046545020DF
:10FCB0005354415455533A20707574206F6B0000B3
:10FCC000465450205354415455533A20636C6F733B
:10FCD000696E672E2E2E000055504C4F4144205324
:10FCE000455155454E434520454E4445442E2072CE
:10FCF00065743A202564000025592F256D2F256451
:10FD00002D25483A254D3A255320555443000000EF
:10FD10002C25732C25642C25640A000046545020A1
:10FD20005354415455533A206D6B64697273206586
:10FD300072723A202564000066747000474E535377
:10FD40005F54494D450000004E4554574F524B5F9C
:10FD500054494D45000000004E54505F54494D45F4
:10FD60000000000046535F54494D45004E4F5F541C
:10FD7000494D45004558545F54494D450000000029
:10FD8000424D3658020000000000420000002800EA
:10FD9000000040010000F00000000100100003001E
:10FDA000000000580200C40E0000C40E0000000055
:10FDB00000000000000000F80000E00700001F0045
:10FDC00000000000424D36580200000000004200D2
:10FDD00000002800000080020000E0010000010097
:10FDE00010000300000000580200C40E0000C40E02
:10FDF0000000000000000000000000F80000E00724
:10FE000000001F00000000008002E001C4FD0200AD
:10FE10004001F00080FD0200A0007800000000001A
:10FE20003CFD020048FD020058FD020064FD020096
:10FE30006CFD020074FD02002F53443A00000000E4
:10FE4000636F6E66696720737472696E672072658E
:10FE50006164696E67206572726F72005F5A344721
:10FE60005133746A757A75004469736B206D6F75D0
:10FE70006E7465642E0A00004572726F72206D6F99
:10FE8000756E74696E67206469736B2E0A000000DA
:10FE900025642F25642F25642D25643A25643A2591
:10FEA0006400000025732573253038582E626D706C
:10FEB00000000000736400003CFD020048FD0200E9
:10FEC00058FD020064FD02006CFD020074FD02009A
:10FED0001F1C1F1E1F1E1F1F1E1F1E1F4A46494696
:10FEE0000000000025732573253038582E6A70678E
:10FEF000000000006A7067000000803F868AB13F02
:10FF0000753DA73F1783963F0000803F4E23493F32
:10FF1000D48B0A3FAF428D3E424D3658020000005E
:10FF20000000420000002800000040010000F00036
:10FF30000000010010000300000000580200C40E81
:10FF40000000C40E0000000000000000000000F8E7
:10FF50000000E00700001F0000000000424D36587E
:10FF600002000000000042000000280000008002A3
:10FF70000000E00100000100100003000000005834
:10FF80000200C40E0000C40E0000000000000000CB
:10FF9000000000F80000E00700001F000000000063
:10FFA0008002E0015CFF02004001F00018FF020047
:10FFB000A0007800000000000001020311040521E8
:10FFC00031061241510761711322328108144291A6
:10FFD000A1B1C109233352F0156272D10A1624343B
:10FFE000E125F11718191A262728292A3536373816
:10FFF000393A434445464748494A53545556575859
:020000040003F7
:10000000595A636465666768696A73747576777848
:10001000797A82838485868788898A929394959653
:100020009798999AA2A3A4A5A6A7A8A9AAB2B3B47F
:10003000B5B6B7B8B9BAC2C3C4C5C6C7C8C9CAD2AB
:10004000D3D4D5D6D7D8D9DAE2E3E4E5E6E7E8E9D0
:10005000EAF2F3F4F5F6F7F8F9FA0000000201020B
:1000600004040304070504040001027700010203ED
:100070000405060708090A0B00030101010101013B
:10008000010101000000000001020300041105123B
:100090002131410613516107227114328191A10867
:1000A0002342B1C11552D1F02433627282090A167B
:1000B0001718191A25262728292A343536373839AA
:1000C0003A434445464748494A5354555657585968
:1000D0005A636465666768696A7374757677787958
:1000E0007A838485868788898A929394959697984F
:1000F000999AA2A3A4A5A6A7A8A9AAB2B3B4B5B673
:10010000B7B8B9BAC2C3C4C5C6C7C8C9CAD2D3D49E
:10011000D5D6D7D8D9DAE1E2E3E4E5E6E7E8E9EADB
:10012000F1F2F3F4F5F6F7F8F9FA00000002010332
:1001300003020403050504040000017D000102031D
:100140000405060708090A0B000105010101010168
:100150000100000000000000100C0E0E12183148C3
:100160000B0A101828333D0C0D111623405C0E109D
:100170001625374E5F13181D384057621A2833442E
:100180005167703A39576D6879643C4550677178AA
:100190006737383E4D5C6563100B0A101828333DF5
:1001A0000C0C0E131A3A3C370E0D1018283945382E
:1001B0000E11161D3357503E12162538446D674DEB
:1001C000182337405168715C31404E576779786524
:1001D000485C5F6270646763000105060E0F1B1CBC
:1001E0000204070D101A1D2A03080C11191E292BD1
:1001F000090B12181F282C350A131720272D343607
:10020000141621262E33373C1522252F32383B3D3C
:1002100023243031393A3E3F43726561746564206E
:1002200062792054696E79204A50454720456E63B3
:100230006F64657200000000286E696C2900000080
:10024000736F63006C6F6767696E67003C6C6F6704
:100250005F73747264757020616C6C6F632066618B
:10026000696C65643E000000617267756D656E744F
:1002700020256420696E20736F7572636520257375
:10028000206C6F67206D657373616765202225732D
:1002900022206D697373696E67206C6F675F73747A
:1002A0007264757028292E006C6F67001B5B306DBF
:1002B0000000000025733A200000000025732E0086
:1002C000257320005B2530386C755D200000000030
:1002D0005B253032753A253032753A253032752E2D
:1002E000253033752C253033755D20003C25733E59
:1002F0002000000025303278200000007C00000043
:10030000256300000D0000001B5B313B33316D00A5
:100310001B5B313B33336D006572720077726E0088
:10032000696E660064626700000000000803030055
:10033000100303000000000000000000206D657342
:1003400073616765732064726F70706564202D2D12
:100350002D0D0A1B5B306D001B5B313B33316D2D66
:100360002D2D200000000000180303001C030300D3
:1003700020030300240303006C6F675F6261636BFB
:10038000656E645F7274740000000000BD7E010041
:100390000000000000000000E57D0100D17D0100AB
:1003A000C57D0100197E0100542E0320442E032038
:1003B00010000000696E76616C6964206469736B7B
:1003C00020696E746572666163652121000000001A
:1003D0006469736B20696E74657266616365206120
:1003E0006C726561647920726567697374657265A2
:1003F000642121006469736B00000000706D0000CF
:1004000072302F61313A2020307825303878202022
:1004100072312F61323A2020307825303878202010
:1004200072322F61333A202030782530387800003E
:1004300072332F61343A202030782530387820729A
:1004400031322F69703A2020307825303878207288
:1004500031342F6C723A2020307825303878000003
:1004600020787073723A2020307825303878000078
:100470004661756C74696E6720696E73747275631A
:1004800074696F6E206164647265737320287231C1
:10049000352F7063293A20307825303878000000F5
:1004A0002A2A2A2A2A205553414745204641554C9D
:1004B00054202A2A2A2A2A0020204469766973694E
:1004C0006F6E206279207A65726F00002020556E71
:1004D000616C69676E6564206D656D6F727920610E
:1004E00063636573730000002020537461636B20A5
:1004F0006F766572666C6F772028636F6E746578AF
:10050000742061726561206E6F742076616C69641D
:100510002900000020204E6F20636F70726F6365AA
:1005200073736F7220696E737472756374696F6E22
:10053000730000002020496C6C6567616C206C6F53
:100540006164206F66204558435F52455455524EB2
:1005500020696E746F205043000000002020496C19
:100560006C6567616C20757365206F6620746865C3
:1005700020455053520000002020417474656D7076
:100580007420746F206578656375746520756E647A
:100590006566696E656420696E73747275637469EB
:1005A0006F6E00002A2A2A2A2A204D5055204641E3
:1005B000554C54202A2A2A2A2A000000202053744D
:1005C00061636B696E67206572726F722028636F5A
:1005D0006E746578742061726561206D69676874F6
:1005E000206265206E6F742076616C69642900005A
:1005F0002020556E737461636B696E67206572723B
:100600006F72000020204461746120416363657350
:10061000732056696F6C6174696F6E0020204D4DB8
:1006200046415220416464726573733A20307825E4
:10063000780000002020496E737472756374696FCE
:100640006E204163636573732056696F6C617469D2
:100650006F6E00002020466C6F6174696E672D70AC
:100660006F696E74206C617A79207374617465208F
:10067000707265736572766174696F6E20657272EF
:100680006F7200002A2A2A2A2A2042555320464106
:10069000554C54202A2A2A2A2A000000202053746C
:1006A00061636B696E67206572726F720000000093
:1006B00020205072656369736520646174612062F3
:1006C0007573206572726F72000000002020424630
:1006D000415220416464726573733A203078257802
:1006E000000000002020496D707265636973652009
:1006F0006461746120627573206572726F720000AC
:100700002020496E737472756374696F6E20627510
:1007100073206572726F7200457863657074696FDB
:100720006E206F6363757272656420696E20536515
:100730006375726520537461746500002A2A2A2A41
:100740002A2048415244204641554C54202A2A2A06
:100750002A2A00002020427573206661756C74207F
:100760006F6E20766563746F72207461626C6520B1
:100770007265616400000000202044656275672096
:100780006576656E7400000020204661756C7420EB
:10079000657363616C6174696F6E20287365652091
:1007A00062656C6F77290000415243485F455843AA
:1007B000455054207769746820726561736F6E20AC
:1007C00025780A002A2A2A2A2A2044656275672089
:1007D0006D6F6E69746F7220657863657074696F90
:1007E0006E202A2A2A2A2A00526573657276656469
:1007F00020457863657074696F6E202800000000E2
:1008000053707572696F757320696E746572727555
:100810007074202849525120000000002A2A2A2AF8
:100820002A20257320256429202A2A2A2A2A000022
:100830006D70750000C5002000000000060001007A
:100840004661696C656420746F20616C6C6F6361D4
:100850007465206E6577204D505520726567696F0D
:100860006E2025750A000000506172746974696F0A
:100870006E2025753A2073616E697479206368650E
:10088000636B206661696C65642E0000496E766159
:100890006C696420756E6465726C79696E6720722C
:1008A0006567696F6E20696E646578202575000044
:1008B0002A20627566666572206F766572666C6F57
:1008C00077206465746563746564202A0A000000FB
:1008D000464C4153485F30005352414D5F30000059
:1008E00002000000E808030000000000D008030038
:1008F00006000000E0FF0F00E8C40020D808030055
:1009000021000000E0FF0320696E76616C696420BD
:1009100066696C65206E616D652121006D6F756E75
:100920007420706F696E74206E6F7420666F756EC0
:100930006421210066696C65206F70656E206572A8
:10094000726F7220282564290000000066696C65BA
:1009500020636C6F7365206572726F722028256446
:100960002900000066696C6520726561642065720B
:10097000726F7220282564290000000066696C658A
:10098000207772697465206572726F722028256401
:100990002900000066696C65207365656B206572CF
:1009A000726F72202825642900000000696E76614C
:1009B0006C6964206469726563746F7279206E611A
:1009C0006D652121000000002F0000006469726540
:1009D00063746F7279206F70656E206572726F72CA
:1009E00020282564290000006661696C6564207414
:1009F0006F20637265617465206469726563746FEA
:100A000072792028256429006661696C6564207408
:100A10006F20756E6C696E6B20706174682028257C
:100A2000642900006D6F756E7420706F696E74209C
:100A30006E6F742073616D65212100006661696CC1
:100A4000656420746F2072656E616D652066696CE7
:100A500065206F72206469722028256429000000D7
:100A6000696E76616C69642066696C65206F7220BE
:100A7000646972206E616D65212100006661696C98
:100A80006564206765742066696C65206F722064F8
:100A900069722073746174202825642900000000A5
:100AA0006D6F756E7420706F696E74206E6F742038
:100AB000696E697469616C697A656421210000005E
:100AC000696E76616C6964206D6F756E7420706FED
:100AD000696E7421210000006D6F756E7420706F57
:100AE000696E7420616C72656164792065786973E0
:100AF000747321210000000072657175657374655F
:100B0000642066696C652073797374656D207479EF
:100B10007065206E6F7420726567697374657265A5
:100B20006421210066732074797065202564206437
:100B30006F6573206E6F7420737570706F727420A0
:100B40006D6F756E74696E67000000006D6F756E75
:100B5000742070617468202573206973206E6F742F
:100B600020756E6D6F756E7461626C6500000000BB
:100B70006673206D6F756E74206572726F722028B7
:100B8000256429006673000000000000FBFFFFFFE2
:100B9000FBFFFFFFFBFFFFFFFEFFFFFFFEFFFFFF6F
:100BA000FEFFFFFFF3FFFFFFEFFFFFFFF7FFFFFF7A
:100BB000E2FFFFFFEDFFFFFFEDFFFFFFEDFFFFFF98
:100BC000FBFFFFFFFBFFFFFFFBFFFFFFF4FFFFFF4C
:100BD000E8FFFFFFEAFFFFFFE5A10100B5A001006C
:100BE0006DA00100A59F0100B99D0100ED9F0100CE
:100BF000899F0100599F010085A1010035A10100D5
:100C00002D9F0100A19E01007D9E0100259E0100F7
:100C1000419E0100099E0100E9A00100CD9D010057
:100C20006E65745F627566005350495F3300000063
:100C300054696D656F7574207768696C652077619C
:100C40006974696E6720666F722021256400000058
:100C5000466F756E642061207E2575204D694220A7
:100C60005344484320636172642E00004D616E75E9
:100C700066616374757265722049443D2564204F36
:100C8000454D3D272563256327204E616D653D2732
:100C900025632563256325632563272052657669CF
:100CA00073696F6E3D307825782053657269616C89
:100CB0003D30782578000000534448433000000060
:100CC0005344000073646D6D635F737069000000CE
:100CD0000E050B8A0500004701130202041E0000E6
:100CE000FFFFFFFFFFFFFFFFFFFFFFFFFFFFFFFF14
:100CF000FFFFFFFFFFFFFFFFFFFFFFFFFFFFFFFF04
:100D0000FFFFFFFFFFFFFFFFFFFFFFFFFFFFFFFFF3
:100D1000FFFFFFFFFFFFFFFFFFFFFFFFFFFFFFFFE3
:100D2000400E200E0416088A100502050168000016
:100D3000801A060000110000480D030000127A001E
:100D400000110000480D0300A8F102001901000085
:100D5000000000004DAC0100B9A30100E5AA0100AC
:100D600065AB0100F5A40100434C4F434B0000006C
:100D70006866636C6B0000006C66636C6B0000005F
:100D8000636C6F636B5F636F6E74726F6C000000F7
:100D900071B2010031B1010099B101000000000001
:100DA000C1B001000000000079B301003DB20100B4
:100DB000700D030035B2010061B20100780D03002F
:100DC000EDB10100A9B10100000000002DB7010044
:100DD000A5B50100B1B50100C9B50100D5B5010047
:100DE000E1B5010059B60100F1B5010000000000B5
:100DF000FFFFFFFF0025844000000000000000000E
:100E0000693263004661696C656420746F20696EA5
:100E1000697469616C697A65206465766963653AAD
:100E2000202573004E65656420746F2075736520FE
:100E3000636F6E636174656E6174696F6E20627555
:100E40006666657220616E642070726F7669646593
:100E5000642073697A6520697320696E73756666AC
:100E6000696369656E7420282575202B20257520FF
:100E70003E202575292E2041646A7573742074689C
:100E800065207A65706879722C636F6E6361742D6A
:100E90006275662D73697A652070726F7065727401
:100EA0007920696E207468652022257322206E6F78
:100EB00064652E0043616E6E6F7420636F707920DD
:100EC000666C61736820627566666572206F662065
:100ED00073697A653A2025752E2041646A757374AA
:100EE00020746865207A65706879722C666C61730D
:100EF000682D6275662D6D61782D73697A65207035
:100F0000726F706572747920696E20746865202232
:100F1000257322206E6F64652E0000004572726F8B
:100F200072206F6E20493243206C696E65206F63BA
:100F300063757272656420666F72206D657373618C
:100F400067652025640000004572726F722030785A
:100F500025303858206F6363757272656420666F40
:100F600072206D6573736167652025640000000061
:100F7000756E737570706F727465642073706565DB
:100F8000640000006932635F6E7266785F7477692F
:100F90006D00000035BC010000000000D5B9010063
:100FA000000000000000000011B9010000A0004096
:100FB00000000000090000000A0000000000980185
:100FC0000000000010001000557064617465206519
:100FD0007863656564732063757272656E742062F0
:100FE00075666665720000004353204750494F20E4
:100FF000706F72742025732070696E2025642069DB
:1010000073206E6F742072656164790048616C664C
:101010002D6475706C6578206E6F742073757070B8
:101020006F72746564000000536C617665206D6FAB
:101030006465206973206E6F7420737570706F72B1
:10104000746564206F6E2025730000004C6F6F7014
:101050006261636B206D6F6465206973206E6F74CD
:1010600020737570706F727465640000576F7264DE
:101070002073697A6573206F746865722074686183
:101080006E2038206269747320617265206E6F74FF
:1010900020737570706F72746564000046726571BC
:1010A00075656E63696573206C6F7765722074680F
:1010B000616E20313235206B487A20617265206E76
:1010C0006F7420737570706F727465640000000037
:1010D0004661696C656420746F20696E697469612A
:1010E0006C697A65206E72667820647269766572C2
:1010F0003A2025303878000054696D656F7574208A
:1011000077616974696E6720666F72207472616EB0
:101110007366657220636F6D706C657465000000A6
:101120005350495F310000007370695F6E726678DA
:101130005F7370696D000000A8F102001C010000DF
:10114000A8F102001901000000900040000000001A
:10115000FF1F000000127A001A1B1DFF0000FF0095
:1011600000000000000000000000000000B000408F
:1011700001000000FF1F000000127A00161817FF80
:101180000000FF0000000000000000000000000060
:10119000F1BF010081BE010043525950544F4345F5
:1011A0004C4C5F535700000075C401000000000064
:1011B00000800020E8040000E884002000200000F7
:1011C000E8A4002000200000000000000000000053
:1011D000000000006E72665F6D6F64656D5F6C6924
:1011E000620000006E726639315F736F636B657405
:1011F0000000000000000000020000000A000000E3
:10120000050000000000000096FFFFFF0100000045
:1012100096FFFFFF96FFFFFF0300000096FFFFFF12
:1012200096FFFFFF96FFFFFF96FFFFFF0200000003
:10123000F7FFFFFFFDFFFFFFFFFFFFFFFCFFFFFFCB
:10124000FFFFFFFFFFFFFFFFFFFFFFFFFFFFFFFFAE
:10125000FFFFFFFFFFFFFFFFFFFFFFFFFFFFFFFF9E
:10126000FFFFFFFFFAFFFFFFF6FFFFFFFBFFFFFFA0
:10127000FEFFFFFFF8FFFFFFF9FFFFFF9CFFFFFFEF
:10128000F5FFFFFF3DD50100C5D3010029D50100C1
:1012900011D20100BDD8010031D20100B5DC01003E
:1012A00055DB010029D20100DDD8010095D70100EE
:1012B00045D4010055D10100B1D901002DDA01005A
:1012C000000000004661696C656420746F20686FDF
:1012D0006F6B207468652064697370617463682043
:1012E00066756E6374696F6E2C206572722025645A
:1012F000000000004E6F20686561702073706163AC
:101300006520666F7220696E636F6D696E67206E0F
:101310006F74696669636174696F6E3A2025730042
:1013200061745F6D6F6E69746F7200004F4B0D0AD0
:10133000000000002B434745560000002B43504956
:101340004E0000002553484F525453575645520003
:1013500025485756455253494F4E000025584D4F8A
:1013600044454D5555494400255849434349440097
:101370004552524F520D0A002B434D4520455252C3
:101380004F5200002B434D53204552524F52000004
:101390002C1303007013030078130300841303005D
:1013A00043616E2774207061727365207369676E84
:1013B000616C6C696E67206D6F64652C206572725C
:1013C0006F723A202564000043616E2774207061BB
:1013D00072736520654452582C206572726F723AA0
:1013E0002025640043616E2774207061727365204C
:1013F000544155207072652D7761726E696E672059
:101400006E6F74696669636174696F6E2C206572B2
:10141000726F723A202564004661696C65642074BD
:101420006F20616C6C6F63617465206D656D6F72A8
:101430007920666F72206E65696768626F722063DB
:10144000656C6C73000000004E6F7420616C6C2042
:101450006E65696768626F722063656C6C73206388
:101460006F756C6420626520706172736564000042
:101470004D6F72652063656C6C73207468616E20BB
:1014800074686520636F6E66696775726564206D48
:10149000617820636F756E74206F662025642077F5
:1014A00065726520666F756E64000000506172732E
:1014B000696E67206F66206E65696768626F72206B
:1014C00063656C6C73206661696C65642C20657261
:1014D000723A20256400000043616E277420706119
:1014E000727365206D6F64656D20736C6565702027
:1014F0007072652D7761726E696E67206E6F7469A8
:101500006669636174696F6E2C206572726F723ADE
:101510002025640043616E2774207061727365201A
:101520006D6F64656D206576656E74206E6F74698D
:101530006669636174696F6E2C206572726F723AAE
:101540002025640041542B43455245473D3500005A
:101550004661696C656420746F2073756273637291
:1015600069626520746F204345524547206E6F7451
:10157000696669636174696F6E732C206572726F3E
:10158000723A20256400000041542B4353434F4ED0
:10159000206661696C656420282564292C205252DC
:1015A00043206E6F74696669636174696F6E73203E
:1015B000617265206E6F7420656E61626C65640097
:1015C00041542B4353434F4E206973207375707001
:1015D0006F7274656420696E206E52463931363000
:1015E000206D6F64656D203E3D2076312E312E30AA
:1015F0000000000041542B43474D52000D0A4F4B51
:101600000000000043757272656E74206D6F646532
:101610006D206669726D7761726520766572736997
:101620006F6E3A20257300004E554C4C206173209C
:10163000612068616E646C657220726563656976AD
:1016400065643A204E6F7468696E6720746F20621B
:101650006520646F6E652E0A5468652068616E644B
:101660006C65722063616E206265206465726567D7
:1016700069737465726564207573696E67206C7434
:10168000655F6C635F646572656769737465725FDB
:1016900068616E646C6572282900000041542B4318
:1016A00050534D533D312C2C2C222573222C2225B6
:1016B0007322000041542B4350534D533D312C2C89
:1016C0002C2225732200000041542B4350534D53CC
:1016D0003D312C2C2C2C22257322000041542B430D
:1016E00050534D533D3100006E72665F6D6F6465FF
:1016F0006D5F61745F7072696E7466206661696C9B
:1017000065642C207265706F7274656420657272F6
:101710006F723A202564000041542525584D4F4EE4
:1017200049544F5200000000415420636F6D6D61B9
:101730006E64206661696C65642C206572726F72DC
:101740003A20256400000000415420636F6D6D61F4
:101750006E642070617273696E67206661696C6582
:10176000640000004661696C656420746F207061DC
:101770007273652050534D20636F6E666967757292
:101780006174696F6E2C206572726F723A202564E5
:10179000000000004661696C656420746F20706110
:1017A000727365206E6F74696669636174696F6EC8
:1017B00020286572726F72202564293A20257300F3
:1017C0004661696C656420746F20676574205053AE
:1017D0004D20696E666F726D6174696F6E000000F6
:1017E0004661696C656420746F2064697361626C22
:1017F0006520654452582C207265706F7274656460
:10180000206572726F723A202564000041542B43A8
:1018100045445258533D322C25642C222573220016
:1018200041542B4345445258533D322C256400000B
:101830004661696C656420746F20656E61626C65D9
:1018400020654452582C207265706F727465642054
:101850006572726F723A202564000000415425259C
:10186000585054573D25642C222573220000000057
:101870004661696C656420746F207265717565736B
:1018800074205054572C207265706F7274656420F8
:101890006572726F723A202564000000496E7661AD
:1018A0006C69642073797374656D206D6F64652055
:1018B0007265717565737465643A20256400000073
:1018C000496E76616C6964204C544520707265667F
:1018D0006572656E636520726571756573746564A4
:1018E0003A202564000000004154252558535953DF
:1018F00054454D4D4F44453D25732C256300000054
:10190000436F756C64206E6F742073656E64204144
:101910005420636F6D6D616E642C206572726F72FE
:101920003A2025640000000025255853595354459A
:101930004D4D4F44453A2025642C25642C25642CBC
:10194000256400004154255853595354454D4D4F7B
:1019500044453F004661696C656420746F2067658B
:10196000742073797374656D206D6F64652C2065C8
:1019700072726F723A20256400000000496E766131
:101980006C69642073797374656D206D6F64652C68
:1019900020617373756D696E672070617273696E13
:1019A00067206572726F7200556E737570706F721A
:1019B000746564204C544520707265666572656E6E
:1019C00063653A2025640000436F756C64206E6F78
:1019D00074206765742063757272656E7420737904
:1019E0007374656D206D6F64652C206572726F7203
:1019F0003A20256400000000436F756C64206E6F10
:101A000074207365742073797374656D206D6F64D1
:101A1000652C206572726F723A2025640000000008
:101A20004661696C656420746F20656E61626C65E7
:101A3000206E6F74696669636174696F6E7300000C
:101A4000254D444D4556000025584D4F44454D53B6
:101A50004C45455000000000254E43454C4C4D453B
:101A60004153000025585433343132002B43454450
:101A7000525850002B4353434F4E00002B434552C6
:101A800045470000302C302C30000000312C302C29
:101A900030000000302C312C30000000302C302C75
:101AA00031000000312C302C31000000302C312C62
:101AB00031000000312C312C30000000312C312C51
:101AC000310000006C74655F6C63000041542B436F
:101AD00053434F4E3D31000041542B43454452582F
:101AE000533D330041542B4350534D533D000000B0
:101AF000841A03008C1A0300941A03009C1A030032
:101B0000A41A0300AC1A0300B41A0300BC1A0300A1
:101B10003031323334000000496E76616C696420E4
:101B2000706F696E7465722070726F766964656437
:101B300000000000436F756C64206E6F7420696E46
:101B4000697420415420706172616D73206C6973F7
:101B5000742C206572726F723A20256400000000B8
:101B6000436F756C64206E6F7420706172736520B2
:101B70002B43454452585020726573706F6E7365E5
:101B80002C206572726F723A202564004661696C80
:101B9000656420746F206765742065445258206323
:101BA0006F6E66696775726174696F6E2C206572FD
:101BB000726F723A202564004661696C6564207416
:101BC0006F20676574204C5445206D6F64652C2030
:101BD0006572726F723A2025640000004163746977
:101BE0007665204C5445206D6F646520636F756C7D
:101BF00064206E6F742062652064657465726D691F
:101C00006E6564004661696C656420746F20676569
:101C10007420654452582076616C75652C2065727D
:101C2000726F723B202564004661696C65642074A4
:101C30006F206765742050545720636F6E66696724
:101C400075726174696F6E2C206572726F723A20C2
:101C500025640000496E76616C69642050545720F9
:101C60006C6F6F6B757020696E6465783A202564BF
:101C700000000000556E61626C6520746F20706119
:101C800072736520706572696F6469632054415591
:101C900020737472696E67202854333431322065A2
:101CA0007874656E6465642900000000556E616299
:101CB0006C6520746F207061727365207065726945
:101CC0006F6469632054415520737472696E672094
:101CD0002854333431322900556E61626C652074AA
:101CE0006F2070617273652061637469766520741A
:101CF000696D6520737472696E670000436F756C5F
:101D000064206E6F74207061727365202B4353439F
:101D10004F4E20726573706F6E73652C2065727202
:101D20006F723A2025640000436F756C64206E6FFB
:101D30007420676574207369676E616C6C696E6787
:101D4000206D6F64652C206572726F723A20256475
:101D500000000000496E76616C6964207369676EEB
:101D6000616C6C696E67206D6F64653A2025640054
:101D7000436F756C64206E6F7420706172736520A0
:101D800041542B434552454720726573706F6E7303
:101D9000652C206572726F723A2025640000000085
:101DA000436F756C64206E6F742067657420726574
:101DB00073706F6E7365207072656669782C20652C
:101DC00072726F723A20256400000000496E7661DD
:101DD0006C6964206E6574776F726B2072656769D9
:101DE0007374726174696F6E207374617475733A81
:101DF00020256400436F756C64206E6F74206765E6
:101E00007420726567697374726174696F6E207390
:101E100074617475732C206572726F723A20256438
:101E200000000000436F756C64206E6F742067655E
:101E30007420747261636B696E67206172656120E2
:101E4000636F64652C206572726F723A202564009E
:101E5000436F756C64206E6F7420676574206365D2
:101E60006C6C2049442C206572726F723A20256494
:101E700000000000436F756C64206E6F7420706109
:101E800072736520252558543334313220726573BE
:101E9000706F6E73652C206572726F723A202564C4
:101EA00000000000436F756C64206E6F74206765DE
:101EB000742074696D6520756E74696C206E657828
:101EC00074205441552C206572726F723A2025643B
:101ED000000000005061727365642074696D6520B4
:101EE000706172616D65746572206E6F74207769C0
:101EF0007468696E2076616C69642072616E6765D2
:101F00000000000061745F726573706F6E7365200E
:101F10006973204E554C4C2C2063616E27742067EA
:101F200065742063656C6C20636F756E74000000CF
:101F3000436F756C64206E6F7420706172736520DE
:101F4000415425254E43454C4C4D45415320726527
:101F500073706F6E73652C206572726F723A2025F4
:101F600064000000436F756C64206E6F74207061B4
:101F7000727365202525584D4F44454D534C4545BA
:101F80005020726573706F6E73652C206572726F6E
:101F9000723A202564000000436F756C64206E6FF8
:101FA0007420676574206D6F646520736C6565705F
:101FB00020747970652C206572726F723A202564E6
:101FC00000000000436F756C64206E6F74206765BD
:101FD000742074696D6520756E74696C206E657807
:101FE00074206D6F64656D20736C6565702C206561
:101FF00072726F723A20256400000000534541520E
:1020000043482053544154555320310D0A000000D9
:10201000254D444D45563A2000000000496E76613A
:102020006C6964204D444D455620726573706F6E27
:102030007365000053454152434820535441545561
:102040005320320D0A0000005245534554204C4F96
:102050004F500D0A000000004D45204241545445A8
:102060005259204C4F570D0A000000004D45204F9B
:102070005645524845415445440D0A006C74655F0D
:102080006C635F68656C706572730000000001002E
:1020900002000400060008000A000C000E001000F8
:1020A0002000400080000001000100010200020049
:1020B00002000400020008000200020002001000FA
:1020C000200040008000000100020004FC1F03000B
:1020D0003420030048200300582003006C20030034
:1020E000020000003C000000680100003C0000000D
:1020F0003C0000003C0000003C000000000000002C
:1021000058020000100E0000A08C00000200000029
:102110001E0000003C0000000094110000000000C0
:10212000526573657474696E672073797374656D35
:1021300000000000666174616C5F6572726F72000E
:102140005468652070617373656420696E20706FD8
:10215000696E7465722063616E6E6F7420626520B3
:102160004E554C4C000000005365636F6E64732045
:10217000696E2074696D652073747275637475720D
:1021800065206E6F7420696E20636F727265637470
:1021900020666F726D6174004D696E757465732091
:1021A000696E2074696D65207374727563747572DD
:1021B00065206E6F7420696E20636F727265637440
:1021C00020666F726D617400486F75727320696E5E
:1021D0002074696D652073747275637475726520FF
:1021E0006E6F7420696E20636F727265637420660F
:1021F0006F726D617400000044617920696E207413
:10220000696D6520737472756374757265206E6F85
:102210007420696E20636F727265637420666F72DA
:102220006D6174004D6F6E746820696E2074696D05
:102230006520737472756374757265206E6F742097
:10224000696E20636F727265637420666F726D6170
:10225000740000005965617220696E2074696D65B3
:1022600020737472756374757265206E6F74206963
:102270006E20636F727265637420666F726D617435
:102280000000000056616C69642074696D65206E01
:102290006F742063757272656E746C7920617661FB
:1022A000696C61626C650000646174655F74696D7E
:1022B00065000000636C6F636B5F67657474696DC4
:1022C00065206661696C65642C206572726E6F2092
:1022D00025640000436F756C64206E6F7420736515
:1022E000742073797374656D2074696D652C202575
:1022F0006400000074696D655F74687265616400F4
:1023000025255854494D45206E6F7469666963618F
:1023100074696F6E20646F65736E277420636F6ECF
:102320007461696E20272C273A2025730000000075
:1023300025255854494D45206E6F7469666963615F
:1023400074696F6E20746F6F2073686F72743A20B7
:102350002573000025255854494D45206E6F74693A
:102360006669636174696F6E20646F65736E27744C
:1023700020636F6E7461696E202722272061667466
:10238000657220272C273A202573000025255854F4
:10239000494D45206E6F74696669636174696F6E3B
:1023A000206465636F64696E67206661696C65644B
:1023B00020287265743D2564293A202573000000A9
:1023C0002B43434C4B3A202225752F25752F25751D
:1023D0002C25753A25753A257500000041542B438C
:1023E000434C4B3F00000000446964206E6F742032
:1023F0006765742074696D652066726F6D20636512
:102400006C6C756C6172206E6574776F726B2028CE
:102410006572726F723A202564292E2054686973A0
:10242000206973206E6F726D616C20617320736F11
:102430006D652063656C6C756C6172206E65747778
:102440006F726B7320646F6E27742070726F766981
:102450006465206974206F722074696D65206D61F8
:1024600079206E6F7420626520617661696C6162AB
:102470006C65207965742E0041542B43434C4B3DD1
:1024800022253032752F253032752F253032752CAC
:10249000253032753A253032753A253032752B2584
:1024A000303275220000000053657474696E672035
:1024B0006D6F64656D2074696D65206661696C651A
:1024C000642C202564000000415425255854494DB2
:1024D000453D31005375627363726962696E6720AE
:1024E000746F206D6F64656D2041542525585449E3
:1024F0004D45206E6F74696669636174696F6E73B0
:10250000206661696C65642C206572723D256400EB
:10251000255854494D4500003930312044697363D2
:102520006F6E6E6563746564282564292E0D0A003C
:1025300039303220436F6E6E656374696F6E20614F
:10254000626F72746564282564292E0D0A000000EC
:1025500039303320506F6C6C206572726F72282591
:1025600064292E0D0A00000039303420556E65783C
:1025700070656374656420706F6C6C206576656E41
:1025800074282564292E0D0A0000000039303520FA
:102590004E6574776F726B20646F776E20282564A8
:1025A000292E0D0A0000000073656E6420636D64BF
:1025B000206661696C65643A20256400736F636B03
:1025C0006574286461746129206661696C65643A88
:1025D0002025640073657420746167206C697374CE
:1025E000206661696C65643A20256400636F6E6ED5
:1025F000656374286461746129206661696C65642F
:102600003A20256400000000706F6C6C28646174CF
:102610006129206661696C65643A20282564290077
:1026200072656376286461746129206661696C65EE
:10263000643A20282564290073656E6420646174FF
:1026400061206661696C65643A20256400000000C1
:10265000706F6C6C286374726C29206661696C659C
:10266000643A202825642900504F4C4C48555000AE
:10267000504F4C4C4E56414C00000000504F4C4CBB
:10268000203078253038780072656376286374725C
:102690006C29206661696C65643A202825642900EC
:1026A000256420004E4F4F500D0A00002564205431
:1026B00072616E736665722074696D656F75742ED4
:1026C0000D0A000046545020616C726561647920E7
:1026D000636F6E6E65637465640000004661696CCB
:1026E000656420746F2070617273652072656D6F10
:1026F000746520686F737400736F636B657428630F
:1027000074726C29206661696C65643A20256400E6
:10271000626164206970206F7220697076360000F3
:10272000636F6E6E656374286374726C29206661D2
:10273000696C65643A202564000000004F505453D2
:102740002025730D0A00000055544638204F4E00D6
:10275000555345522025730D0A0000005041535334
:102760002025730D0A000000515549540D0A000040
:102770005459504520410D0A00000000545950455D
:1027800020490D0A00000000504153560D0A000078
:102790004C4953542025732025730D0A0000000076
:1027A0004C4953542025730D0A0000004E4C5354DD
:1027B0000D0A00004D4B442025730D0A0000000057
:1027C00053544F550D0A000053544F522025730D9A
:1027D0000A000000415050452025730D0A000000FA
:1027E0006674705F636C69656E7400004552524F89
:1027F000523A2043616E6E6F742066756C66696C28
:102800006C204558545F415049207265717565735D
:10281000742E0D0A000000005741524E494E473AAF
:10282000204F7074696F6E616C204558545F415041
:10283000492072657175657374206E6F74206675BA
:102840006C66696C6C65642E0D0A000052414D0087
:102850004641543332202020000000002A3A3C3EFA
:102860007C223F7F000000002B2C3B3D5B5D000085
:10287000EBFE904D53444F53352E30004E4F204EBB
:10288000414D452020202046415433322020200055
:102890004E4F204E414D45202020204641542020BF
:1028A000202020004E414E4400000000434600001E
:1028B0005344320055534200555342320000000049
:1028C0005553423300000000809A45418E418F806D
:1028D0004545454949498E8F9092924F994F55559C
:1028E00059999A9B9C9D9E9F41494F55A5A5A6A786
:1028F000A8A9AAABACADAEAFB0B1B2B3B4B5B6B7E0
:10290000B8B9BABBBCBDBEBFC0C1C2C3C4C5C6C7CF
:10291000C8C9CACBCCCDCECFD0D1D2D3D4D5D6D7BF
:10292000D8D9DADBDCDDDEDFE0E1E2E3E4E5E6E7AF
:10293000E8E9EAEBECEDEEEFF0F1F2F3F4F5F6F79F
:10294000F8F9FAFBFCFDFEFF01030507090E101262
:102950001416181C1E0000004C280300A4280300B5
:10296000AC280300C00C0300B0280300B428030007
:10297000B8280300C0280300010004001000400034
:102980000001000200000000010002000400080035
:102990001000200000000000070000000000000000
:1029A00000000000000000004C280300A4280300E1
:1029B000AC280300C00C0300B0280300B4280300B7
:1029C000B8280300C028030061001A03E0001703C1
:1029D000F8000703FF000100780100013001320117
:1029E0000601390110014A012E0179010601800119
:1029F0004D0043028101820182018401840186012C
:102A00008701870189018A018B018B018D018E016C
:102A10008F0190019101910193019401F6019601BA
:102A20009701980198013D029B019C019D012002A4
:102A30009F01A001A001A201A201A401A401A6017D
:102A4000A701A701A901AA01AB01AC01AC01AE012C
:102A5000AF01AF01B101B201B301B301B501B501DD
:102A6000B701B801B801BA01BB01BC01BC01BE018C
:102A7000F701C001C101C201C301C401C501C40104
:102A8000C701C801C701CA01CB01CA01CD011001AC
:102A9000DD0101008E01DE011201F3010300F101ED
:102AA000F401F401F8012801220212013A0209009E
:102AB000652C3B023B023D02662C3F024002410274
:102AC000410246020A01530240008101860155027B
:102AD00089018A0158028F015A0290015C025D024D
:102AE0005E025F0293016102620294016402650268
:102AF00066026702970196016A02622C6C026D02FF
:102B00006E029C01700271029D01730274029F01AA
:102B100076027702780279027A027B027C02642CC8
:102B20007E027F02A60181028202A901840285023F
:102B300086028702AE014402B101B20145028D0254
:102B40008E028F0290029102B7017B030300FD0306
:102B5000FE03FF03AC0304008603880389038A0392
:102B6000B1031103C2030200A303A303C4030803B8
:102B7000CC0303008C038E038F03D8031801F203E8
:102B80000A00F903F303F403F503F603F703F7036D
:102B9000F903FA03FA033004200350041007600419
:102BA00022018A043601C1040E01CF040100C004D1
:102BB000D004440161052604000000007D1D0100D1
:102BC000632C001E9601A01E5A01001F0806101F4C
:102BD0000606201F0806301F0806401F0606511F64
:102BE0000700591F521F5B1F541F5D1F561F5F1F99
:102BF000601F0806701F0E00BA1FBB1FC81FC91F29
:102C0000CA1FCB1FDA1FDB1FF81FF91FEA1FEB1FBC
:102C1000FA1FFB1F801F0806901F0806A01F08064A
:102C2000B01F0400B81FB91FB21FBC1FCC1F01008A
:102C3000C31FD01F0206E01F0206E51F0100EC1FA4
:102C4000F31F0100FC1F4E210100322170211002F0
:102C5000842101008321D0241A05302C2F04602CFC
:102C60000201672C0601752C0201802C6401002DE5
:102C7000260841FF1A030000C700FC00E900E2003B
:102C8000E400E000E500E700EA00EB00E800EF0008
:102C9000EE00EC00C400C500C900E600C600F40068
:102CA000F600F200FB00F900FF00D600DC00A200F5
:102CB000A300A500A7209201E100ED00F300FA00B7
:102CC000F100D100AA00BA00BF001023AC00BD0083
:102CD000BC00A100AB00BB009125922593250225E5
:102CE000242561256225562555256325512557251F
:102CF0005D255C255B251025142534252C251C25F8
:102D000000253C255E255F255A2554256925662525
:102D1000602550256C25672568256425652559257E
:102D20005825522553256B256A2518250C258825FD
:102D300084258C2590258025B103DF009303C003F3
:102D4000A303C303B500C403A6039803A903B403F4
:102D50001E22C603B50329226122B1006522642226
:102D600020232123F7004822B0001922B7001A229D
:102D70007F20B200A025A0005465726D696E616C61
:102D8000000000005254540053454747455200008C
:102D900004000000D97102000000000003000000E0
:102DA000418202000000000006000000AD82020027
:102DB0000000000007000000DD82020000000000AB
:102DC000393203003E320300463203005232030020
:102DD000C5DD0200DFDD020019DE02007DDE02003B
:102DE00091DE0200AFDE020013DC020031DC0200E3
:102DF0006BDC020035DD02005DDD02007BDD0200E0
:102E0000BBDB0200BFDB0200CFDB0200D5DB020030
:102E1000DBDB0200DFDB0200E1650200D9660200B5
:102E20006567020045D602008D6A020049D802009B
:102E30004D6B0200E96B0200B16D020041DA020045
:102E4000BD77020095DB020051780200597902003B
:102E5000CD790200217A02007D7A0200017B020016
:102E6000BD7B0200197D0200E1650200D966020007
:102E70006567020045D60200EDDE0200EDDE0200CD
:102E8000EDDE0200EDDE0200B16D020041DA02006B
:102E9000C8F0020008F1020010F1020070F1020017
:102EA00090F10200F5FFFFFF556E6B6E6F776E209D
:102EB0006572726F72000000756E6B6E6F776E00D8
:102EC0003E3E3E205A455048595220464154414CBE
:102ED000204552524F522025643A202573206F6EB0
:102EE00020435055202564004661756C742064753C
:102EF00072696E6720696E7465727275707420688D
:102F0000616E646C696E670A00000000437572723E
:102F1000656E74207468726561643A20257020289B
:102F20002573290043505520657863657074696F77
:102F30006E000000556E68616E646C656420696E99
:102F40007465727275707400537461636B206F7670
:102F50006572666C6F7700004B65726E656C206FF2
:102F60006F7073004B65726E656C2070616E696383
:102F700000000000242F0300342F0300482F03001B
:102F8000582F0300642F03006F73000076322E3732
:102F90002E39392D6E6373312D3100002A2A2A20F3
:102FA000426F6F74696E67205A6570687972204F3E
:102FB00053206275696C64202573202573202A2AAA
:102FC0002A0A0000737973776F726B71000000003A
:102FD00000000000000000000000000000000000F1
:102FE00000000000000000000000000000000000E1
:102FF00000000000000000000000000000000000D1
:1030000000000000000000000000000000000000C0
:1030100000000000000000000000000000000000B0
:1030200000000000000000000000000000000000A0
:10303000EA330300EE330300F2330300F6330300F8
:10304000FA330300FE3303000234030006340300A6
:103050000A3403000E340300123403001634030054
:103060001A340300223403002B34030031340300EC
:10307000FA330300373403003C34030041340300C7
:1030800048340300523403005A340300633403000D
:103090006C3403007034030074340300783403008C
:1030A0007C3403008034030084340300883403003C
:1030B0008F340300963403009E340300A8340300C9
:1030C000B1340300B8340300C1340300CA34030030
:1030D000D3340300E8340300EB340300EE34030080
:1030E0001A340300223403002B340300313403006C
:1030F000FA330300373403003C3403004134030047
:1031000048340300523403005A340300633403008C
:1031100006350300093503003D3203003D3203004C
:103120003D3203003D3203003D3203000500000044
:10313000190000007D0000001F0000001C000000BE
:103140001F0000001E0000001F0000001E00000005
:103150001F0000001F0000001E0000001F000000F4
:103160001E0000001F0000001F0000001D000000E6
:103170001F0000001E0000001F0000001E000000D5
:103180001F0000001F0000001E0000001F000000C4
:103190001E0000001F00000070646E0001000005AA
:1031A0000000000002020A000005000C0C77727794
:1031B0001670787F80716816745F735F5F5F5F5F02
:1031C0005F5F5F5F5F5F5F5F5F5F5F5F5F5F5F5F0F
:1031D0005F5F5F5F5F5F5F5F5F5F5F5F5F5F5F5FFF
:1031E0005F5F5F5F5F5F5F5F5F5F5F5F5F5F5F5FEF
:1031F0005F5F5F5F5F5F5F5F5F5F5F5F5F5F5F5FDF
:103200005F5F5F5F5F5F5F5F5F5F5F5F5F5F5F5FCE
:103210006F6F6F5F6F02000201010000000000008D
:10322000000000000000000000000000000000009E
:103230000000000000000000004F4B0D0A00455246
:10324000524F520D0A002B434D45204552524F52CA
:103250003A002B434D53204552524F523A00002022
:103260002020202020202020282828282820202036
:1032700020202020202020202020202020202088E6
:10328000101010101010101010101010101010044A
:10329000040404040404040404101010101010109A
:1032A000414141414141010101010101010101018E
:1032B00001010101010101010101101010101010A4
:1032C000424242424242020202020202020202025E
:1032D000020202020202020202021010101020007A
:1032E00000000000000000000000000000000000DE
:1032F00000000000000000000000000000000000CE
:1033000000000000000000000000000000000000BD
:1033100000000000000000000000000000000000AD
:10332000000000000000000000000000000000009D
:10333000000000000000000000000000000000008D
:10334000000000000000000000000000000000007D
:103350000000000000000000000000000000004924
:103360004E4600696E66004E414E006E616E003042
:1033700031323334353637383941424344454600DB
:1033800030313233343536373839616263646566DB
:10339000002573252E2A6400257325302E2A64000B
:1033A0002B0025326400252E32642F252E32642F07
:1033B000252E326400256C7500592D256D2D256450
:1033C000002E2A7500252E336400256C6C640025C0
:1033D0002E32643A252E32643A252E326400252B93
:1033E00030336C64252E326C64004A616E00466591
:1033F00062004D617200417072004D6179004A7542
:103400006E004A756C0041756700536570004F632C
:1034100074004E6F7600446563004A616E75617298
:1034200079004665627275617279004D61726368F8
:1034300000417072696C004A756E65004A756C795E
:10344000004175677573740053657074656D6265CE
:1034500072004F63746F626572004E6F76656D62C5
:10346000657200446563656D6265720053756E0038
:103470004D6F6E00547565005765640054687500A3
:10348000467269005361740053756E646179004D32
:103490006F6E646179005475657364617900576576
:1034A000646E6573646179005468757273646179E0
:1034B0000046726964617900536174757264617960
:1034C0000025483A254D3A255300256D2F25642FB8
:1034D00025790025612025622025652025483A258B
:1034E0004D3A255320255900414D00504D0025618E
:1034F0002025622025652025483A254D3A25532070
:10350000255A202559006D640025493A254D3A2554
:103510005320257000545A00474D54002531305B2C
:103520005E302D392C2B2D5D256E004D25687525BF
:103530006E2E256875256E2E256875256E002F2543
:103540006875256E3A256875256E3A256875256E6D
:1035500000496E66696E697479004E614E004300E1
:10356000504F534958002E00232D302B2000686CFB
:103570004C00656667454647002B2D0030300078CB
:103580005800412D46612D6638393031323334359B
:1035900036375D0000000100FFFFFFFFFFFFFFFF68
:1035A000FFFFFFFFFFFFFFFFFFFFFFFFFFFFFFFF2B
:1035B00000000000B1000200000000000001000057
:1035C00000000000000000000000000000000000FB
:1035D00000000000000000000000000000000000EB
:1035E00001000000000000004A0000000000000090
:1035F00000000000000000000000000000000000CB
:1036000000000000000000000000000000000000BA
:103610004A00000000000000000000000000000060
:10362000000000000000000000000000000000009A
:10363000000000000000000000000000000000008A
:10364000000000000000000000000000000000007A
:10365000000000000000000000000000000000006A
:10366000000000000000000000000000000000005A
:10367000000000000000000000000000000000004A
:10368000000000000000000000000000000000003A
:10369000000000000000000000000000000000002A
:1036A000000000000000000000000000000000001A
:1036B000000000000000000000000000000000000A
:1036C00000000000000000000000000000000000FA
:1036D00000000000000000000000000000000000EA
:1036E00000000000000000000000000000000000DA
:1036F00000000000000000000000000000000000CA
:1037000000000000000000000000000000000000B9
:1037100000000000000000000000000000000000A9
:103720000000000000000000000000000000000099
:10373000000000000000000000000000E8D20020AF
:10374000005802000000000001000000000000001E
:1037500000000000FFFFFFFF00000000000000006D
:1037600011013A0412001713180132B619021A7A1D
:10377000030A0C003E00703A7135721173F0A20218
:1037800015007A207B107C1E7D357E5A7F698076FD
:1037900081808288838F849685A386AF87C488D7EB
:1037A00089E813E0000010000D401418A505AB07D0
:1037B0002495253326E39F78A068A103A6D8A7D82F
:1037C000A8F0A990AA9413E50E610F4B16021E07EC
:1037D000210222912907330B350B371D3871392A05
:1037E0003C784D404E2069006B4A74108D4F8E001E
:1037F0008F009000910096009A00B084B10CB20E38
:10380000B382B80A430A44F0453446584728483A38
:1038100059885A885B445C675D495E0E6C0A6D5539
:103820006E116F9F6A400140026013E74F80508025
:1038300051005222535E5480589E41083F00750546
:1038400076E14C0077013DC34B09C96041385640D1
:1038500034113B12A48896009730982099309A84AE
:103860009B299C039D4C9E3F78047901C8F0790FF9
:10387000C8007910C87E790AC880790BC801790C14
:10388000C80F790DC8207909C8807902C8C07903AA
:10389000C8407905C8307926FFFF000012048C006B
:1038A0000400401014484FB350B35100523D53A789
:1038B00054E43DC0FFFF00000C0C0C043E1173F1FA
:1038C000A2527B1C7C287D3C7F691438A10B7419A3
:1038D0009A8043143DC0FFFF0C043E1A722273F21B
:1038E0001716180432A419221A7A030AFFFF0000DF
:1038F00000000000000000000000000000000000C8
:10390000282B032000000000000000000000000041
:103910000000000065520100CD67010049950100DB
:103920000000000000000000C00C0300540D030064
:103930000000000084C8002084C8002001000000AE
:103940000100000094C8002094C800209CC80020FA
:103950009CC800200000000001000000ACC800204E
:10396000ACC800200000000000000000F02F032081
:1039700000000000000000003811030001000000FA
:10398000D0C80020D0C800200000000001000000C6
:10399000E0C80020E0C80020E8C80020E8C80020F7
:1039A0000000000001000000F8C80020F8C8002056
:1039B0000000000000000000000000000000000007
:1039C00000000000000000000000000000000000F7
:1039D0000000000020F202000000000000000000D3
:1039E00000000000000000000000000000000000D7
:1039F000401103000100000048C9002048C9002010
:103A0000000000000100000058C9002058C9002033
:103A100060C9002060C90020000000000100000013
:103A200070C9002070C900200000000000000000E4
:103A30000000000000000000000000000000000086
:103A400000000000000000000000000008F202007A
:103A50000000000000000000000000000000000066
:103A6000A9D30100000000000DDD010000000000EE
:103A700000000000313030310000000031303031C2
:103A800000000000303030303031303100000000B4
:103A900030303030303131300000000000000000A4
:103AA000BD0C020000000000000000000090D003E8
:103AB0000000000000000000000000000000000006
:103AC00000000000000000000000000000000000F6
:103AD00000000000000000000000000000000000E6
:103AE00000000000000000000000000000000000D6
:103AF00000000000000000000000000000000000C6
:103B0000FF00000000000000000000005CCA002070
:103B10005CCA002064CA002064CA002070CA002069
:103B200000000000F02F030010300300D02F03002E
:103B30000000000000000000000000000000000085
:103B40000000000000000000000000000000000075
:103B50000000000000000000000000000000000065
:103B60000000000000000000000000000000000055
:103B70000000000000000000000000000000000045
:103B80001835030018350300430000000000000052
:103B90000000000000000000000000000000000025
:103BA00000000000000000004300000000000000D2
:103BB0000000000000000000000000000000000005
:103BC00000000000000000004300000000000000B2
:103BD00000000000000000000000000000000000E5
:103BE0000000000000000000430000000000000092
:103BF00000000000000000000000000000000000C5
:103C00000000000000000000430000000000000071
:103C100000000000000000000000000000000000A4
:103C20000000000000000000430000000000000051
:103C30000000000000000000000000000000000084
:103C40000000000000000000430000000000000031
:103C50000000000000000000000000000000000064
:103C6000000000000000000011F0020003E8020064
:103C7000000000005E320300663503003D320300A1
:103C80003D3203003D3203003D3203003D3203006C
:103C90003D3203003D3203003D3203003D3203005C
:103CA000FFFFFFFFFFFFFFFFFFFFFFFFFFFF000022
:103CB000010041534349490000000000000000009A
:103CC00000000000000000000000000000000000F4
:103CD000000041534349490000000000000000007B
:103CE00000000000000000000000000000000000D4
:103CF00000000000A83F0320010000006C1A030030
:103D000061E80100000000007C1A03006DED010075
:103D100000000000741A03000DE80100000000001C
:103D2000401A030069EA010000000000581A03006D
:103D300019E9010000000000481A0300E5E901004C
:103D400000000000641A0300B1E801000000000058
:103D500010250300F1030200000000000000000035
:103D60000000000000000000000000000000000053
:103D7000000000000000000000000000F8CF00205C
:103D8000204903208004000081030200000000009D
:103D900000000000000000000E0000000000000015
:103DA0000000000000000000F4220300FFFFFFFFFE
:103DB00000000000000000009DA4020000000000C0
:103DC000000000000000000018CD002018CD0020E9
:103DD000550A020000000000000000000000000082
:103DE000000000000000000038CD002038CD002089
:103DF0000400000030000000B0C3032000000000F9
:103E00000000000054CD002054CD0020040000002C
:103E10002800000070C40320000000000000000023
:103E200000000000E06E03200040000000000000E1
:103E300000000000000000002048032000010000F6
:103E400000000000000000000000000020440320EB
:103E5000000400000000000000000000ACCD0020C5
:103E6000ACCD002000000000000000000E000000AB
:103E7000C0CD0020C0CD00200000000000000000E8
:103E80000E000000D4CD0020D4CD002000000000A2
:103E9000000000000E000000E8CD0020E8CD00206A
:103EA00000000000000000000E000000FCCD00201B
:103EB000FCCD002000000000000000000E0000000B
:103EC00010CE002010CE00200000000000000000F6
:103ED0000E00000024CE002024CE002000000000B0
:103EE000000000000E00000038CE002038CE002078
:103EF00000000000000000000E0000004CCE00207A
:103F00004CCE002000000000000000000E00000069
:103F100060CE002060CE0020010000000100000003
:103F200070CE002070CE002078CE002078CE002009
:103F3000000000000100000088CE002088CE002094
:103F400090CE002090CE0020000000000100000074
:103F5000A0CE0020A0CE0020000000000000000045
:103F6000B0CE0020B0CE0020B8CE0020B8CE0020C9
:103F7000C4CE0020D8F102000000000000000000C4
:103F8000000000000000000000000000000500002C
:00000001FF
